date,aggregate_rolling_4q_fcf_usd,companies_in_public_universe,companies_with_four_quarter_fcf,companies_filing_or_restating,companies_with_marketcap,aggregate_market_cap_usd,aggregate_fcf_yield_pct,us_30y_yield_pct,fcf_yield_minus_30y_pct_points
2004-01-01,423292033358.0,4396,4160,0,,,,,
2004-01-02,423753141149.0,4397,4161,2,4343.0,10346073199999.98,4.095787193434905,,
2004-01-03,423751002149.0,4396,4160,0,4343.0,10346073199999.98,4.095766518924309,5.1698,-1.0740334810756913
2004-01-04,423751002149.0,4396,4160,0,4343.0,10346073199999.98,4.095766518924309,5.1698,-1.0740334810756913
2004-01-05,423413399149.0,4396,4160,5,4341.0,10482352399999.99,4.039297506817271,5.1698,-1.1305024931827292
2004-01-06,423361774149.0,4396,4160,10,4342.0,10506439599999.998,4.029545595531717,5.1698,-1.1402544044682834
2004-01-07,423345598076.0,4396,4160,8,4341.0,10537247400000.014,4.017610880769483,5.1698,-1.1521891192305178
2004-01-08,423348677159.0,4395,4159,7,4340.0,10593429200000.002,3.996332718766837,5.1698,-1.173467281233164
2004-01-09,423526448603.0,4396,4159,21,4342.0,10510500899999.977,4.029555324075953,5.1698,-1.1402446759240474
2004-01-10,423526211374.0,4395,4158,0,4342.0,10510500899999.977,4.029553067009403,5.1698,-1.140246932990597
2004-01-11,423526211374.0,4395,4158,0,4342.0,10510500899999.977,4.029553067009403,5.1698,-1.140246932990597
2004-01-12,423510074823.0,4395,4158,18,4340.0,10576568799999.996,4.004229375627,5.1698,-1.1655706243730002
2004-01-13,423661467622.0,4395,4156,48,4339.0,10523245000000.02,4.025958415127646,5.1698,-1.1438415848723542
2004-01-14,423821075354.0,4395,4156,73,4340.0,10606071200000.023,3.996023290452727,5.1698,-1.1737767095472735
2004-01-15,424224087663.0,4395,4155,6,4339.0,10605971600000.01,3.999860679081958,5.1698,-1.1699393209180422
2004-01-16,424242384155.0,4395,4155,9,4339.0,10690943099999.998,3.968240969826133,5.1698,-1.201559030173867
2004-01-17,424244590156.0,4394,4154,0,4339.0,10690943099999.998,3.968261604123588,5.1698,-1.2015383958764123
2004-01-18,424244590156.0,4394,4154,0,4339.0,10690943099999.998,3.968261604123588,5.1698,-1.2015383958764123
2004-01-19,424244590156.0,4394,4154,0,4339.0,10690943099999.998,3.968261604123588,5.1698,-1.2015383958764123
2004-01-20,425134887836.0,4395,4154,16,4340.0,10710672100000.0,3.969264336231524,5.1698,-1.2005356637684763
2004-01-21,425107307623.0,4395,4154,13,4339.0,10756734700000.004,3.9520107121634207,5.1698,-1.2177892878365797
2004-01-22,425074542181.0,4393,4152,9,4338.0,10711780100000.0,3.968290407501924,5.1698,-1.2015095924980763
2004-01-23,425170263823.0,4395,4153,12,4340.0,10705873400000.006,3.971373917264889,5.1698,-1.1984260827351112
2004-01-24,425163102823.0,4394,4152,0,4340.0,10705873400000.006,3.971307028747415,5.1698,-1.1984929712525858
2004-01-25,425163102823.0,4394,4152,0,4340.0,10705873400000.006,3.971307028747415,5.1698,-1.1984929712525858
2004-01-26,425167795741.0,4394,4152,8,4338.0,10827249699999.955,3.926830982211501,5.1698,-1.2429690177885
2004-01-27,425135261504.0,4395,4152,13,4340.0,10724582300000.014,3.964119530361564,5.1698,-1.2056804696384362
2004-01-28,423912481736.0,4392,4149,18,4336.0,10566282400000.02,4.011935945758928,5.1698,-1.157864054241072
2004-01-29,423645998802.0,4390,4146,35,4334.0,10583016700000.0,4.0030740838007,5.1698,-1.1667259161993009
2004-01-30,423771368246.0,4389,4145,36,4334.0,10555926200000.014,4.01453515510557,5.1698,-1.1552648448944307
2004-01-31,423745126172.0,4387,4143,0,4334.0,10555926200000.014,4.01428655471274,5.1698,-1.1555134452872604
2004-02-01,423745126172.0,4387,4143,0,4334.0,10555926200000.014,4.01428655471274,5.1698,-1.1555134452872604
2004-02-02,423782898597.0,4387,4143,18,4332.0,10582561399999.996,4.004539946227008,5.1698,-1.1652600537729922
2004-02-03,423965951597.0,4389,4143,22,4334.0,10579232400000.014,4.00753037240206,4.9488,-0.94126962759794
2004-02-04,424578251178.0,4388,4142,20,4333.0,10469286299999.996,4.05546509104446,4.9488,-0.8933349089555405
2004-02-05,424413007742.0,4390,4141,27,4335.0,10512999900000.018,4.037030455426898,4.9488,-0.9117695445731028
2004-02-06,426527390953.0,4391,4140,42,4336.0,10658616000000.012,4.001714584266846,4.9488,-0.947085415733154
2004-02-07,426525880167.0,4389,4138,0,4336.0,10658616000000.012,4.001700409950031,4.9488,-0.9470995900499696
2004-02-08,426525880167.0,4389,4138,0,4336.0,10658616000000.012,4.001700409950031,4.9488,-0.9470995900499696
2004-02-09,426701633114.0,4389,4138,40,4334.0,10649814600000.031,4.006657854062536,4.9488,-0.9421421459374644
2004-02-10,426737605787.0,4390,4138,76,4335.0,10716953600000.016,3.981892818748412,4.9488,-0.9669071812515888
2004-02-11,426557557088.0,4389,4136,72,4333.0,10813433800000.004,3.944700314233207,4.9488,-1.0040996857667932
2004-02-12,426834451618.0,4392,4136,81,4337.0,10759759400000.02,3.966951636650901,4.9488,-0.9818483633490992
2004-02-13,425685889917.0,4392,4135,183,4336.0,10689030299999.998,3.9824556388150576,4.9488,-0.9663443611849428
2004-02-14,425657360917.0,4390,4133,0,4336.0,10689030299999.998,3.982188739019666,4.9488,-0.9666112609803336
2004-02-15,425657360917.0,4390,4133,0,4336.0,10689030299999.998,3.982188739019666,4.9488,-0.9666112609803336
2004-02-16,425657360917.0,4390,4133,0,4336.0,10689030299999.998,3.982188739019666,4.9488,-0.9666112609803336
2004-02-17,426114420868.0,4390,4132,228,4334.0,10795818599999.98,3.947032056170347,4.9488,-1.0017679438296532
2004-02-18,426428055359.0,4390,4132,19,4334.0,10745137499999.977,3.968567692679605,4.9488,-0.9802323073203948
2004-02-19,426224419624.0,4390,4131,15,4334.0,10676134399999.994,3.9923103593000873,4.9488,-0.956489640699913
2004-02-20,426776374373.0,4391,4132,26,4335.0,10644503799999.996,4.009359030648288,4.9488,-0.939440969351712
2004-02-21,426775524594.0,4390,4131,0,4335.0,10644503799999.996,4.009351047382783,4.9488,-0.9394489526172176
2004-02-22,426775524594.0,4390,4131,0,4335.0,10644503799999.996,4.009351047382783,4.9488,-0.9394489526172176
2004-02-23,428060437754.0,4390,4131,25,4334.0,10575789200000.01,4.047550775255616,4.9488,-0.9012492247443848
2004-02-24,427709604255.0,4391,4131,25,4335.0,10573759999999.998,4.045009573273841,4.9488,-0.9037904267261592
2004-02-25,428185797322.0,4390,4127,26,4335.0,10635801600000.012,4.025891168579146,4.9488,-0.9229088314208544
2004-02-26,427862018929.0,4392,4127,27,4336.0,10669853400000.006,4.010008412383621,4.9488,-0.9387915876163796
2004-02-27,431284909638.0,4392,4126,73,4334.0,10668189200000.002,4.042718980255805,4.9488,-0.9060810197441952
2004-02-28,431188533538.0,4388,4122,0,4334.0,10668189200000.002,4.041815583266932,4.9488,-0.906984416733068
2004-02-29,431188533538.0,4388,4122,0,4334.0,10668189200000.002,4.041815583266932,4.9488,-0.906984416733068
2004-03-01,435319851873.0,4388,4122,51,4332.0,10787426399999.986,4.035437515226064,4.9488,-0.913362484773936
2004-03-02,436028252438.0,4389,4122,39,4331.0,10727722799999.965,4.0644996199752805,4.9488,-0.8843003800247198
2004-03-03,436985546935.0,4389,4122,39,4331.0,10730935700000.01,4.072203572471314,4.9029,-0.8306964275286859
2004-03-04,437497057661.0,4388,4121,57,4330.0,10783183100000.012,4.057216256125703,4.9029,-0.8456837438742966
2004-03-05,442077055112.0,4389,4123,95,4330.0,10798656899999.994,4.093815177255982,4.9029,-0.8090848227440182
2004-03-06,442080512112.0,4387,4121,0,4330.0,10798656899999.994,4.093847190496443,4.9029,-0.809052809503557
2004-03-07,442080512112.0,4387,4121,0,4330.0,10798656899999.994,4.093847190496443,4.9029,-0.809052809503557
2004-03-08,441707017733.0,4387,4122,67,4329.0,10693052299999.98,4.130785161623131,4.9029,-0.7721148383768686
2004-03-09,442470845595.0,4387,4125,86,4329.0,10627280500000.0,4.163537845782842,4.9029,-0.739362154217158
2004-03-10,443632447709.0,4386,4126,116,4328.0,10470731999999.984,4.236880933529773,4.9029,-0.666019066470227
2004-03-11,433037141918.0,4385,4128,157,4327.0,10306429599999.98,4.201621305578033,4.9029,-0.7012786944219664
2004-03-12,435408224543.0,4385,4134,414,4326.0,10452457200000.004,4.165606385290913,4.9029,-0.7372936147090865
2004-03-13,435584281543.0,4383,4132,0,4326.0,10452457200000.004,4.167290745213478,4.9029,-0.7356092547865218
2004-03-14,435584281543.0,4383,4132,0,4326.0,10452457200000.004,4.167290745213478,4.9029,-0.7356092547865218
2004-03-15,434106116044.0,4383,4134,662,4325.0,10302807299999.996,4.213474089183443,4.9029,-0.6894259108165572
2004-03-16,432948443731.0,4385,4134,109,4327.0,10337752900000.016,4.188032427540412,4.9029,-0.7148675724595881
2004-03-17,433514854545.0,4384,4133,34,4326.0,10464654300000.023,4.142658153026604,4.9029,-0.760241846973396
2004-03-18,435415675145.0,4384,4135,56,4326.0,10443729700000.023,4.169158793385844,4.9029,-0.7337412066141562
2004-03-19,435119087791.0,4384,4133,45,4325.0,10343774899999.992,4.206579242081151,4.9029,-0.6963207579188486
2004-03-20,435122005616.0,4382,4131,0,4325.0,10343774899999.992,4.206607450593306,4.9029,-0.696292549406694
2004-03-21,435122005616.0,4382,4131,0,4325.0,10343774899999.992,4.206607450593306,4.9029,-0.696292549406694
2004-03-22,435163214269.0,4382,4133,27,4323.0,10192813600000.02,4.2693139632122685,4.9029,-0.6335860367877313
2004-03-23,435147812625.0,4381,4133,26,4322.0,10186072099999.998,4.271988342051889,4.9029,-0.6309116579481104
2004-03-24,435174495652.0,4382,4135,44,4322.0,10167726299999.996,4.279958791298308,4.9029,-0.6229412087016923
2004-03-25,434973713378.0,4382,4136,37,4323.0,10347333999999.988,4.203727388890709,4.9029,-0.6991726111092911
2004-03-26,435747070847.0,4384,4139,113,4325.0,10355221200000.0,4.207993846109246,4.9029,-0.6949061538907539
2004-03-27,435734730847.0,4382,4137,0,4325.0,10355221200000.0,4.207874679171509,4.9029,-0.6950253208284911
2004-03-28,435734730847.0,4382,4137,0,4325.0,10355221200000.0,4.207874679171509,4.9029,-0.6950253208284911
2004-03-29,435831939420.0,4382,4142,135,4323.0,10493374700000.004,4.153401092405476,4.9029,-0.749498907594524
2004-03-30,436272790993.0,4380,4144,431,4323.0,10546212800000.01,4.13677212158093,4.9029,-0.7661278784190699
2004-03-31,436194543823.0,4380,4143,38,4328.0,10554538399999.996,4.13276760472064,4.9029,-0.7701323952793597
2004-04-01,436010234423.0,4382,4144,20,4330.0,10613322200000.004,4.108140940289176,4.9029,-0.7947590597108238
2004-04-02,435838578478.0,4381,4143,30,4329.0,10744303799999.982,4.056461792135854,4.9029,-0.8464382078641455
2004-04-03,435854449478.0,4379,4141,0,4329.0,10744303799999.982,4.056609507616498,4.9777,-0.9210904923835016
2004-04-04,435854449478.0,4379,4141,0,4329.0,10744303799999.982,4.056609507616498,4.9777,-0.9210904923835016
2004-04-05,436748538478.0,4380,4141,12,4328.0,10824984500000.016,4.034634308049119,4.9777,-0.9430656919508804
2004-04-06,437332321920.0,4378,4139,23,4326.0,10778228999999.998,4.057552701097741,4.9777,-0.9201472989022584
2004-04-07,437517664435.0,4376,4137,21,4324.0,10729446599999.984,4.077728150816284,4.9777,-0.8999718491837161
2004-04-08,437675716099.0,4375,4136,28,4323.0,10712987499999.992,4.085468372841845,4.9777,-0.8922316271581545
2004-04-09,438300511284.0,4373,4134,19,4323.0,10712987499999.992,4.091300501228068,4.9777,-0.8863994987719312
2004-04-10,438300511284.0,4373,4134,0,4323.0,10712987499999.992,4.091300501228068,4.9777,-0.8863994987719312
2004-04-11,438300511284.0,4373,4134,0,4323.0,10712987499999.992,4.091300501228068,4.9777,-0.8863994987719312
2004-04-12,438309695490.0,4373,4136,27,4321.0,10759598000000.014,4.073662375583171,4.9777,-0.9040376244168282
2004-04-13,438672743159.0,4373,4138,48,4321.0,10613958199999.992,4.132979750749351,4.9777,-0.8447202492506483
2004-04-14,438354376276.0,4375,4139,145,4322.0,10615558500000.016,4.129357643085847,4.9777,-0.8483423569141522
2004-04-15,439096072297.0,4372,4138,69,4320.0,10630984100000.02,4.130342667872103,4.9777,-0.8473573321278964
2004-04-16,438991578106.0,4373,4138,20,4320.0,10663251499999.992,4.116864148857413,4.9777,-0.8608358511425864
2004-04-17,438909531092.0,4371,4136,0,4320.0,10663251499999.992,4.1160947117490405,4.9777,-0.8616052882509591
2004-04-18,438909531092.0,4371,4136,0,4320.0,10663251499999.992,4.1160947117490405,4.9777,-0.8616052882509591
2004-04-19,439125636127.0,4371,4136,12,4319.0,10701505400000.006,4.103400593780009,4.9777,-0.8742994062199907
2004-04-20,439146204425.0,4372,4136,8,4319.0,10538162999999.973,4.167198822271027,4.9777,-0.8105011777289723
2004-04-21,439307016207.0,4371,4135,19,4318.0,10615511100000.006,4.138350118695649,4.9777,-0.8393498813043507
2004-04-22,439892461207.0,4374,4135,23,4321.0,10771282200000.004,4.083937761903591,4.9777,-0.893762238096409
2004-04-23,440699933496.0,4373,4134,21,4319.0,10779889500000.012,4.08816744824703,4.9777,-0.8895325517529695
2004-04-24,440709255496.0,4372,4133,0,4319.0,10779889500000.012,4.0882539240870654,4.9777,-0.8894460759129341
2004-04-25,440709255496.0,4372,4133,0,4319.0,10779889500000.012,4.0882539240870654,4.9777,-0.8894460759129341
2004-04-26,440676578654.0,4372,4133,17,4318.0,10739600600000.02,4.103286472813516,4.9777,-0.8744135271864835
2004-04-27,440494251818.0,4370,4131,28,4317.0,10754196899999.99,4.096021822122305,4.9777,-0.8816781778776948
2004-04-28,441330152584.0,4368,4129,46,4314.0,10592881700000.012,4.166289826346305,4.9777,-0.8114101736536945
2004-04-29,443299092760.0,4369,4130,87,4315.0,10479335099999.982,4.230221560144601,4.9777,-0.7474784398553984
2004-04-30,445447538764.0,4371,4129,103,4315.0,10398270200000.027,4.28386193276646,4.9777,-0.69383806723354
2004-05-01,445447538764.0,4371,4129,0,4315.0,10398270200000.027,4.28386193276646,4.9777,-0.69383806723354
2004-05-02,445447538764.0,4371,4129,0,4315.0,10398270200000.027,4.28386193276646,4.9777,-0.69383806723354
2004-05-03,445617403776.0,4372,4129,84,4316.0,10492049999999.996,4.247191004389039,5.2779,-1.0307089956109603
2004-05-04,450938707656.0,4370,4127,95,4314.0,10521587000000.014,4.285843073445093,5.2779,-0.9920569265549064
2004-05-05,452776087604.0,4370,4125,149,4314.0,10550800399999.969,4.291390893945842,5.2779,-0.9865091060541582
2004-05-06,444965235459.0,4370,4124,205,4314.0,10473507499999.98,4.248483475655132,5.2779,-1.0294165243448674
2004-05-07,444129859138.0,4371,4124,488,4315.0,10341106999999.998,4.29479995843772,5.2779,-0.98310004156228
2004-05-08,444129859138.0,4371,4124,0,4315.0,10341106999999.998,4.29479995843772,5.2779,-0.98310004156228
2004-05-09,444129859138.0,4371,4124,0,4315.0,10341106999999.998,4.29479995843772,5.2779,-0.98310004156228
2004-05-10,443551822792.0,4371,4124,735,4315.0,10223962099999.982,4.3383555069321,5.2779,-0.9395444930679
2004-05-11,441346987851.0,4373,4122,122,4317.0,10327614800000.01,4.273464845445239,5.2779,-1.004435154554761
2004-05-12,443088200585.0,4373,4121,187,4317.0,10320869300000.008,4.293128686214442,5.2779,-0.9847713137855578
2004-05-13,444301932625.0,4374,4121,225,4318.0,10308185600000.002,4.310185612344814,5.2779,-0.967714387655186
2004-05-14,444451274279.0,4374,4122,407,4317.0,10285612000000.01,4.321097026399592,5.2779,-0.956802973600408
2004-05-15,444352049899.0,4372,4120,0,4317.0,10285612000000.01,4.320132335334053,5.2779,-0.9577676646659468
2004-05-16,444352049899.0,4372,4120,0,4317.0,10285612000000.01,4.320132335334053,5.2779,-0.9577676646659468
2004-05-17,443914385607.0,4372,4121,440,4315.0,10179047500000.006,4.361060164096884,5.2779,-0.916839835903116
2004-05-18,444033474820.0,4372,4120,31,4315.0,10251249099999.99,4.331506048565345,5.2779,-0.9463939514346552
2004-05-19,444053688696.0,4371,4119,26,4314.0,10225000500000.023,4.3428231489670726,5.2779,-0.9350768510329271
2004-05-20,444100108604.0,4372,4118,26,4315.0,10217708000000.002,4.346376982039415,5.2779,-0.9315230179605845
2004-05-21,443982873181.0,4372,4118,20,4315.0,10264947099999.977,4.325232939398208,5.2779,-0.952667060601792
2004-05-22,443985220181.0,4371,4117,0,4315.0,10264947099999.977,4.3252558036173525,5.2779,-0.9526441963826472
2004-05-23,443985220181.0,4371,4117,0,4315.0,10264947099999.977,4.3252558036173525,5.2779,-0.9526441963826472
2004-05-24,444024345990.0,4371,4119,33,4315.0,10299403599999.984,4.311165609531028,5.2779,-0.9667343904689716
2004-05-25,444070801744.0,4370,4118,9,4314.0,10475715700000.012,4.239049764819406,5.2779,-1.0388502351805942
2004-05-26,444083830225.0,4370,4118,7,4314.0,10499442299999.992,4.229594463555462,5.2779,-1.0483055364445375
2004-05-27,445413037054.0,4373,4118,18,4315.0,10551765599999.973,4.221218077986884,5.2779,-1.0566819220131158
2004-05-28,445138701150.0,4371,4116,24,4312.0,10553456000000.014,4.217942455533045,5.2779,-1.059957544466955
2004-05-29,445158678495.0,4368,4114,0,4312.0,10553456000000.014,4.218131752243052,5.2779,-1.0597682477569483
2004-05-30,445158678495.0,4368,4114,0,4312.0,10553456000000.014,4.218131752243052,5.2779,-1.0597682477569483
2004-05-31,445158678495.0,4368,4114,0,4312.0,10553456000000.014,4.218131752243052,5.2779,-1.0597682477569483
2004-06-01,445187406707.0,4370,4114,16,4311.0,10575801600000.016,4.209490907119507,5.2779,-1.0684090928804926
2004-06-02,446350917672.0,4371,4114,17,4312.0,10605152400000.008,4.208811913650573,5.2779,-1.069088086349427
2004-06-03,446722908199.0,4371,4112,9,4312.0,10509162699999.996,4.250794482409147,5.4145,-1.163705517590853
2004-06-04,445488802502.0,4371,4111,25,4310.0,10560654600000.002,4.218382471310064,5.4145,-1.1961175286899364
2004-06-05,445488802502.0,4371,4111,0,4310.0,10560654600000.002,4.218382471310064,5.4145,-1.1961175286899364
2004-06-06,445488802502.0,4371,4111,0,4310.0,10560654600000.002,4.218382471310064,5.4145,-1.1961175286899364
2004-06-07,445325162502.0,4371,4111,18,4310.0,10730682800000.008,4.150017019438872,5.4145,-1.2644829805611284
2004-06-08,445340155088.0,4369,4109,33,4308.0,10741133199999.98,4.146118913114314,5.4145,-1.268381086885686
2004-06-09,445473846456.0,4369,4109,72,4308.0,10629363599999.98,4.190973827031384,5.4145,-1.223526172968616
2004-06-10,445824257151.0,4371,4109,61,4310.0,10670567900000.014,4.178074319277791,5.4145,-1.2364256807222098
2004-06-11,445797279151.0,4370,4108,2,4310.0,10670567900000.014,4.177821492996633,5.4145,-1.2366785070033677
2004-06-12,445797279151.0,4370,4108,0,4310.0,10670567900000.014,4.177821492996633,5.4145,-1.2366785070033677
2004-06-13,445797279151.0,4370,4108,0,4310.0,10670567900000.014,4.177821492996633,5.4145,-1.2366785070033677
2004-06-14,446174143997.0,4370,4109,184,4310.0,10560705699999.977,4.224851602454948,5.4145,-1.189648397545052
2004-06-15,446607167395.0,4368,4107,23,4308.0,10650412999999.996,4.193331914875039,5.4145,-1.221168085124961
2004-06-16,446589641687.0,4373,4108,13,4311.0,10667861000000.018,4.186309155012418,5.4145,-1.228190844987583
2004-06-17,446844885387.0,4374,4108,7,4312.0,10651203799999.98,4.195252421956294,5.4145,-1.2192475780437064
2004-06-18,446950993263.0,4375,4107,15,4313.0,10679815599999.998,4.185006651828334,5.4145,-1.2294933481716663
2004-06-19,446941952263.0,4373,4105,0,4313.0,10679815599999.998,4.184921996808635,5.4145,-1.2295780031913657
2004-06-20,446941952263.0,4373,4105,0,4313.0,10679815599999.998,4.184921996808635,5.4145,-1.2295780031913657
2004-06-21,446938262265.0,4373,4105,14,4311.0,10634174899999.994,4.202848518741217,5.4145,-1.2116514812587835
2004-06-22,447005943171.0,4377,4106,8,4315.0,10675885199999.994,4.1870621011454885,5.4145,-1.2274378988545118
2004-06-23,446998760246.0,4378,4105,7,4316.0,10782902700000.004,4.145439986637363,5.4145,-1.2690600133626375
2004-06-24,447004634986.0,4378,4105,11,4317.0,10750548099999.973,4.157970652547484,5.4145,-1.256529347452516
2004-06-25,447288052072.0,4379,4105,12,4318.0,10733675699999.996,4.167147066610184,5.4145,-1.2473529333898163
2004-06-26,447158642072.0,4376,4102,0,4318.0,10733675699999.996,4.165941421837443,5.4145,-1.248558578162557
2004-06-27,447158642072.0,4376,4102,0,4318.0,10733675699999.996,4.165941421837443,5.4145,-1.248558578162557
2004-06-28,447109474110.0,4376,4102,13,4316.0,10697477200000.023,4.179578659069253,5.4145,-1.2349213409307476
2004-06-29,447231053132.0,4376,4102,51,4315.0,10740184399999.98,4.164091010690662,5.4145,-1.2504089893093386
2004-06-30,447223396999.0,4375,4099,9,4323.0,10813933899999.969,4.135621700064224,5.4145,-1.2788782999357764
2004-07-01,447477429715.0,4371,4096,16,4318.0,10693680500000.002,4.18450345243623,5.4145,-1.2299965475637702
2004-07-02,448347545715.0,4369,4094,13,4316.0,10652586200000.035,4.208814059772625,5.4145,-1.205685940227375
2004-07-03,448347545715.0,4369,4094,0,4316.0,10652586200000.035,4.208814059772625,5.2054,-0.9965859402273748
2004-07-04,448347545715.0,4369,4094,0,4316.0,10652586200000.035,4.208814059772625,5.2054,-0.9965859402273748
2004-07-05,448347545715.0,4369,4094,0,4316.0,10652586200000.035,4.208814059772625,5.2054,-0.9965859402273748
2004-07-06,448300679700.0,4370,4094,4,4316.0,10545449799999.986,4.251129048094284,5.2054,-0.9542709519057162
2004-07-07,448240106700.0,4370,4094,9,4315.0,10568030600000.0,4.241472452776584,5.2054,-0.963927547223416
2004-07-08,448414085328.0,4371,4094,19,4317.0,10457156799999.996,4.288107120359907,5.2054,-0.917292879640093
2004-07-09,448682507690.0,4370,4092,16,4315.0,10501215700000.018,4.272672045866073,5.2054,-0.9327279541339272
2004-07-10,448676910690.0,4368,4090,0,4315.0,10501215700000.018,4.272618747275129,5.2054,-0.9327812527248708
2004-07-11,448676910690.0,4368,4090,0,4315.0,10501215700000.018,4.272618747275129,5.2054,-0.9327812527248708
2004-07-12,448574701614.0,4368,4090,14,4313.0,10492289399999.984,4.275279536361251,5.2054,-0.9301204636387492
2004-07-13,448567237309.0,4371,4090,20,4316.0,10503673900000.004,4.270574673010363,5.2054,-0.9348253269896372
2004-07-14,448691734143.0,4373,4090,38,4319.0,10543583599999.982,4.255590425090391,5.2054,-0.9498095749096088
2004-07-15,447983759579.0,4371,4086,43,4316.0,10451459699999.996,4.286327196755111,5.2054,-0.9190728032448892
2004-07-16,448642414503.0,4372,4084,11,4317.0,10382807500000.008,4.321012544083088,5.2054,-0.8843874559169116
2004-07-17,448646896503.0,4371,4083,0,4317.0,10382807500000.008,4.321055711598232,5.2054,-0.8843442884017678
2004-07-18,448646896503.0,4371,4083,0,4317.0,10382807500000.008,4.321055711598232,5.2054,-0.8843442884017678
2004-07-19,448741634503.0,4371,4083,4,4316.0,10360352499999.969,4.331335584411837,5.2054,-0.8740644155881627
2004-07-20,448790411388.0,4370,4083,22,4315.0,10452419900000.004,4.293650807005943,5.2054,-0.9117491929940568
2004-07-21,449050560274.0,4368,4081,18,4313.0,10285759600000.002,4.365750102442603,5.2054,-0.8396498975573969
2004-07-22,448919238369.0,4370,4079,18,4316.0,10309814100000.008,4.354290329725729,5.2054,-0.8511096702742709
2004-07-23,449172604885.0,4375,4080,28,4317.0,10178630199999.996,4.412898357236715,5.2054,-0.7925016427632849
2004-07-24,449171583885.0,4374,4079,0,4317.0,10178630199999.996,4.41288832641744,5.2054,-0.7925116735825597
2004-07-25,449171583885.0,4374,4079,0,4317.0,10178630199999.996,4.41288832641744,5.2054,-0.7925116735825597
2004-07-26,449000616902.0,4377,4079,20,4318.0,10124654000000.006,4.434725541258,5.2054,-0.7706744587419996
2004-07-27,449110481666.0,4376,4078,23,4317.0,10241230700000.0,4.385317495738086,5.2054,-0.8200825042619142
2004-07-28,450017698366.0,4378,4078,38,4318.0,10228241999999.984,4.399756071141069,5.2054,-0.805643928858931
2004-07-29,450389564766.0,4376,4074,76,4316.0,10295723999999.988,4.374530288166239,5.2054,-0.8308697118337616
2004-07-30,451504563603.0,4374,4072,107,4314.0,10324916600000.012,4.3729608779890725,5.2054,-0.8324391220109275
2004-07-31,451498685980.0,4371,4069,0,4314.0,10324916600000.012,4.372903951398499,5.2054,-0.8324960486015014
2004-08-01,451498685980.0,4371,4069,0,4314.0,10324916600000.012,4.372903951398499,5.2054,-0.8324960486015014
2004-08-02,450132594027.0,4372,4070,69,4312.0,10363164699999.99,4.343582361737437,5.2054,-0.8618176382625631
2004-08-03,451561725351.0,4371,4070,105,4311.0,10280233700000.008,4.392523930180689,5.1669,-0.7743760698193114
2004-08-04,450930004433.0,4371,4073,144,4311.0,10244587499999.994,4.401641397791764,5.1669,-0.7652586022082364
2004-08-05,456308197102.0,4371,4072,246,4311.0,10076357800000.008,4.528503315969979,5.1669,-0.6383966840300213
2004-08-06,461833313265.0,4372,4077,460,4313.0,9898609099999.998,4.665638460912656,5.1669,-0.501261539087344
2004-08-07,461836952265.0,4370,4075,0,4313.0,9898609099999.998,4.665675223653393,5.1669,-0.5012247763466071
2004-08-08,461836952265.0,4370,4075,0,4313.0,9898609099999.998,4.665675223653393,5.1669,-0.5012247763466071
2004-08-09,462152203280.0,4372,4077,760,4312.0,9919307299999.969,4.659117711576508,5.1669,-0.5077822884234919
2004-08-10,462444361899.0,4372,4077,120,4312.0,10054013000000.012,4.599599800587083,5.1669,-0.5673001994129168
2004-08-11,462260588386.0,4371,4079,157,4311.0,10004491800000.027,4.620530433999644,5.1669,-0.5463695660003562
2004-08-12,463052435973.0,4376,4080,188,4315.0,9877537100000.02,4.687934160966088,5.1669,-0.4789658390339122
2004-08-13,463841915704.0,4374,4080,335,4314.0,9895973500000.0,4.687178231671699,5.1669,-0.479721768328301
2004-08-14,463963447704.0,4372,4078,0,4314.0,9895973500000.0,4.688406327118803,5.1669,-0.4784936728811972
2004-08-15,463963447704.0,4372,4078,0,4314.0,9895973500000.0,4.688406327118803,5.1669,-0.4784936728811972
2004-08-16,463732183611.0,4374,4082,437,4314.0,10034172799999.977,4.6215287782466845,5.1669,-0.5453712217533155
2004-08-17,463520446390.0,4374,4082,33,4314.0,10058534100000.008,4.608230600818857,5.1669,-0.5586693991811433
2004-08-18,463459192490.0,4374,4082,14,4314.0,10197892200000.004,4.544656713374552,5.1669,-0.6222432866254479
2004-08-19,463086388385.0,4374,4080,18,4314.0,10184549000000.012,4.546950369476345,5.1669,-0.6199496305236547
2004-08-20,463067135930.0,4374,4081,20,4315.0,10273210199999.986,4.5075212802518205,5.1669,-0.6593787197481795
2004-08-21,462909926930.0,4373,4080,0,4315.0,10273210199999.986,4.505990999093941,5.1669,-0.6609090009060594
2004-08-22,462909926930.0,4373,4080,0,4315.0,10273210199999.986,4.505990999093941,5.1669,-0.6609090009060594
2004-08-23,462902966682.0,4373,4081,40,4314.0,10242144600000.012,4.51959022997976,5.1669,-0.6473097700202404
2004-08-24,462938551682.0,4371,4079,9,4312.0,10241345300000.004,4.520290431785361,5.1669,-0.6466095682146387
2004-08-25,462939082954.0,4371,4079,7,4312.0,10319831699999.984,4.485916984033768,5.1669,-0.6809830159662322
2004-08-26,462696596246.0,4371,4080,17,4312.0,10313436100000.002,4.486347631959439,5.1669,-0.6805523680405612
2004-08-27,462695316996.0,4371,4079,21,4312.0,10353568700000.0,4.468945253591643,5.1669,-0.6979547464083566
2004-08-28,462695316996.0,4370,4079,0,4312.0,10353568700000.0,4.468945253591643,5.1669,-0.6979547464083566
2004-08-29,462695316996.0,4370,4079,0,4312.0,10353568700000.0,4.468945253591643,5.1669,-0.6979547464083566
2004-08-30,462653555580.0,4370,4079,18,4311.0,10253461300000.004,4.512169520550098,5.1669,-0.6547304794499018
2004-08-31,463230221233.0,4370,4079,12,4311.0,10296273099999.986,4.499008687259865,5.1669,-0.6678913127401351
2004-09-01,462080892182.0,4368,4077,11,4309.0,10345663900000.018,4.46642087591884,5.1669,-0.7004791240811601
2004-09-02,463012367603.0,4368,4077,23,4309.0,10458832100000.018,4.426998762156238,5.1669,-0.7399012378437622
2004-09-03,463192079603.0,4367,4075,37,4308.0,10404371800000.008,4.451898572127147,5.0578,-0.605901427872853
2004-09-04,463186656603.0,4366,4074,0,4308.0,10404371800000.008,4.451846449806799,5.0578,-0.6059535501932016
2004-09-05,463186656603.0,4366,4074,0,4308.0,10404371800000.008,4.451846449806799,5.0578,-0.6059535501932016
2004-09-06,463186656603.0,4366,4074,0,4308.0,10404371800000.008,4.451846449806799,5.0578,-0.6059535501932016
2004-09-07,463125158193.0,4366,4074,15,4307.0,10470053799999.994,4.42333121719967,5.0578,-0.6344687828003304
2004-09-08,462249306663.0,4365,4074,36,4306.0,10427893599999.994,4.4328157190153945,5.0578,-0.6249842809846058
2004-09-09,462601880131.0,4363,4072,114,4304.0,10466000999999.99,4.420044295151515,5.0578,-0.6377557048484856
2004-09-10,462332386748.0,4364,4072,63,4305.0,10524034400000.023,4.393109801579506,5.0578,-0.6646901984204945
2004-09-11,462328040388.0,4363,4071,0,4305.0,10524034400000.023,4.393068502208611,5.0578,-0.6647314977913892
2004-09-12,462328040388.0,4363,4071,0,4305.0,10524034400000.023,4.393068502208611,5.0578,-0.6647314977913892
2004-09-13,464113597007.0,4365,4074,79,4306.0,10565658699999.986,4.392661264053519,5.0578,-0.6651387359464813
2004-09-14,463927868030.0,4364,4073,82,4305.0,10589629100000.002,4.380964277870694,5.0578,-0.6768357221293062
2004-09-15,463917188470.0,4364,4072,8,4305.0,10517511099999.969,4.410902770238117,5.0578,-0.6468972297618834
2004-09-16,463836206909.0,4362,4070,9,4303.0,10552711499999.984,4.395422038297935,5.0578,-0.6623779617020649
2004-09-17,464027084234.0,4362,4070,10,4303.0,10600234299999.994,4.377517242557556,5.0578,-0.6802827574424439
2004-09-18,464027084234.0,4362,4070,0,4303.0,10600234299999.994,4.377517242557556,5.0578,-0.6802827574424439
2004-09-19,464027084234.0,4362,4070,0,4303.0,10600234299999.994,4.377517242557556,5.0578,-0.6802827574424439
2004-09-20,464630436935.0,4362,4070,15,4303.0,10554131399999.988,4.402355999992577,5.0578,-0.6554440000074235
2004-09-21,464631560258.0,4363,4070,4,4303.0,10621558499999.998,4.374419820387,5.0578,-0.6833801796130006
2004-09-22,464656483618.0,4364,4069,8,4303.0,10483615200000.004,4.432216127295476,5.0578,-0.6255838727045244
2004-09-23,464807457262.0,4364,4067,11,4303.0,10458436599999.99,4.444330209564979,5.0578,-0.6134697904350217
2004-09-24,464822375341.0,4365,4067,22,4304.0,10468689000000.02,4.440120203599506,5.0578,-0.6176797964004939
2004-09-25,464822375341.0,4365,4067,0,4304.0,10468689000000.02,4.440120203599506,5.0578,-0.6176797964004939
2004-09-26,464822375341.0,4365,4067,0,4304.0,10468689000000.02,4.440120203599506,5.0578,-0.6176797964004939
2004-09-27,464761526388.0,4365,4068,13,4304.0,10396773599999.998,4.470247639017551,5.0578,-0.5875523609824489
2004-09-28,465008196963.0,4365,4068,61,4304.0,10463640299999.996,4.444038438161909,5.0578,-0.6137615618380909
2004-09-29,465058427503.0,4364,4068,12,4304.0,10519544899999.996,4.420898735866417,5.0578,-0.6369012641335834
2004-09-30,465996584100.0,4365,4068,8,4310.0,10529924299999.996,4.425450466913615,5.0578,-0.6323495330863853
2004-10-01,466363997178.0,4365,4065,22,4310.0,10686810600000.004,4.363921235564892,5.0578,-0.6938787644351088
2004-10-02,466377882178.0,4364,4064,0,4310.0,10686810600000.004,4.364051162074491,5.0578,-0.6937488379255097
2004-10-03,466377882178.0,4364,4064,0,4310.0,10686810600000.004,4.364051162074491,4.9436,-0.5795488379255094
2004-10-04,466670748178.0,4364,4064,7,4309.0,10736368000000.006,4.346635176607208,4.9436,-0.596964823392792
2004-10-05,466602201806.0,4366,4063,11,4311.0,10735634499999.992,4.346293661599604,4.9436,-0.5973063384003963
2004-10-06,466509157989.0,4365,4062,12,4310.0,10809066700000.02,4.31590599759181,4.9436,-0.6276940024081901
2004-10-07,467830385073.0,4367,4060,23,4311.0,10679079199999.97,4.380812018633604,4.9436,-0.5627879813663963
2004-10-08,468014704379.0,4367,4060,16,4311.0,10584088000000.01,4.421870872379364,4.9436,-0.5217291276206364
2004-10-09,467990895379.0,4366,4059,0,4311.0,10584088000000.01,4.421645921490822,4.9436,-0.5219540785091779
2004-10-10,467990895379.0,4366,4059,0,4311.0,10584088000000.01,4.421645921490822,4.9436,-0.5219540785091779
2004-10-11,467990895379.0,4366,4059,0,4310.0,10602952000000.018,4.413779251089689,4.9436,-0.5298207489103106
2004-10-12,467938090577.0,4366,4059,39,4310.0,10572804700000.002,4.425865263329794,4.9436,-0.5177347366702056
2004-10-13,467992311879.0,4368,4059,19,4312.0,10497782600000.004,4.458011083969293,4.9436,-0.4855889160307072
2004-10-14,467948030937.0,4369,4060,26,4313.0,10446926700000.0,4.479288927498649,4.9436,-0.464311072501351
2004-10-15,467780417214.0,4371,4060,37,4313.0,10491719300000.002,4.458567788922831,4.9436,-0.4850322110771694
2004-10-16,467721076619.0,4368,4057,0,4313.0,10491719300000.002,4.458002194349595,4.9436,-0.4855978056504053
2004-10-17,467721076619.0,4368,4057,0,4313.0,10491719300000.002,4.458002194349595,4.9436,-0.4855978056504053
2004-10-18,467463001866.0,4368,4058,12,4310.0,10548044699999.996,4.431750292696429,4.9436,-0.511849707303571
2004-10-19,467455900272.0,4369,4058,9,4311.0,10469778200000.014,4.46481187416176,4.9436,-0.47878812583824
2004-10-20,467511036830.0,4370,4057,16,4312.0,10495708200000.002,4.454306731107482,4.9436,-0.489293268892518
2004-10-21,466539352585.0,4370,4056,18,4312.0,10547642600000.004,4.423162314819047,4.9436,-0.5204376851809531
2004-10-22,466370859515.0,4370,4055,19,4312.0,10435110900000.03,4.469246795594657,4.9436,-0.4743532044053431
2004-10-23,466416221515.0,4369,4054,0,4312.0,10435110900000.03,4.469681501084945,4.9436,-0.4739184989150553
2004-10-24,466416221515.0,4369,4054,0,4312.0,10435110900000.03,4.469681501084945,4.9436,-0.4739184989150553
2004-10-25,466446084498.0,4369,4054,19,4311.0,10429612399999.998,4.472324249537788,4.9436,-0.4712757504622118
2004-10-26,464878494791.0,4370,4051,15,4312.0,10545631700000.012,4.408256499143617,4.9436,-0.5353435008563832
2004-10-27,466368857296.0,4368,4049,33,4310.0,10650104800000.027,4.37900721217315,4.9436,-0.5645927878268502
2004-10-28,468089699187.0,4372,4049,67,4314.0,10656306800000.0,4.392607194708396,4.9436,-0.550992805291604
2004-10-29,469348974444.0,4373,4048,93,4315.0,10677056799999.994,4.395864733472245,4.9436,-0.5477352665277548
2004-10-30,469345267444.0,4372,4047,0,4315.0,10677056799999.994,4.395830014166453,4.9436,-0.547769985833547
2004-10-31,469345267444.0,4372,4047,0,4315.0,10677056799999.994,4.395830014166453,4.9436,-0.547769985833547
2004-11-01,469200984544.0,4372,4047,55,4314.0,10684476400000.002,4.391427029068078,4.9436,-0.5521729709319221
2004-11-02,472002883718.0,4372,4046,74,4314.0,10680847399999.992,4.419152020821872,4.9436,-0.5244479791781282
2004-11-03,474768174362.0,4372,4047,101,4314.0,10817128300000.02,4.389040798952149,4.8256,-0.4365592010478503
2004-11-04,478844011945.0,4372,4049,190,4314.0,10973359300000.016,4.363695736682926,4.8256,-0.4619042633170735
2004-11-05,480448282431.0,4373,4053,331,4315.0,11037610499999.98,4.352828743422328,4.8256,-0.4727712565776718
2004-11-06,480450138431.0,4372,4052,0,4315.0,11037610499999.98,4.352845558656023,4.8256,-0.4727544413439766
2004-11-07,480450138431.0,4372,4052,0,4315.0,11037610499999.98,4.352845558656023,4.8256,-0.4727544413439766
2004-11-08,485104325897.0,4372,4054,306,4314.0,11015953800000.018,4.403652508936623,4.8256,-0.4219474910633769
2004-11-09,488702725430.0,4370,4057,836,4314.0,11026843700000.006,4.431936633236216,4.8256,-0.3936633667637839
2004-11-10,495742767126.0,4371,4058,151,4315.0,11023815399999.984,4.497016224763712,4.8256,-0.3285837752362877
2004-11-11,495741053126.0,4368,4055,0,4312.0,11128178800000.002,4.454826454855308,4.8256,-0.3707735451446918
2004-11-12,495220081503.0,4370,4067,448,4312.0,11236291400000.014,4.407326793812053,4.8256,-0.4182732061879468
2004-11-13,495444742094.0,4367,4065,0,4312.0,11236291400000.014,4.409326213220132,4.8256,-0.4162737867798673
2004-11-14,495444742094.0,4367,4065,0,4312.0,11236291400000.014,4.409326213220132,4.8256,-0.4162737867798673
2004-11-15,494870031666.0,4367,4074,576,4309.0,11203739400000.002,4.417007697144401,4.8256,-0.4085923028555989
2004-11-16,495010545411.0,4367,4073,41,4309.0,11127543699999.98,4.448515851804751,4.8256,-0.3770841481952489
2004-11-17,495093084943.0,4365,4069,24,4306.0,11203089699999.994,4.419254850231185,4.8256,-0.4063451497688151
2004-11-18,495040603221.0,4367,4070,26,4307.0,11224498699999.969,4.410358239170194,4.8256,-0.4152417608298053
2004-11-19,495138427734.0,4369,4069,26,4309.0,11106583899999.988,4.458062282624998,4.8256,-0.3675377173750016
2004-11-20,495135299375.0,4365,4065,0,4309.0,11106583899999.988,4.458034115917501,4.8256,-0.3675658840824987
2004-11-21,495135299375.0,4365,4065,0,4309.0,11106583899999.988,4.458034115917501,4.8256,-0.3675658840824987
2004-11-22,495549443828.0,4366,4065,41,4306.0,11168002299999.982,4.437225481481149,4.8256,-0.3883745185188507
2004-11-23,495613685575.0,4368,4065,12,4308.0,11181022600000.006,4.432632893300831,4.8256,-0.3929671066991691
2004-11-24,495623078965.0,4367,4064,14,4307.0,11242807999999.992,4.408356693141076,4.8256,-0.4172433068589241
2004-11-25,495623078965.0,4367,4064,0,4307.0,11242807999999.992,4.408356693141076,4.8256,-0.4172433068589241
2004-11-26,495594851965.0,4367,4064,5,4307.0,11259321299999.998,4.401640549728341,4.8256,-0.423959450271659
2004-11-27,495594851965.0,4367,4064,0,4307.0,11259321299999.998,4.401640549728341,4.8256,-0.423959450271659
2004-11-28,495594851965.0,4367,4064,0,4307.0,11259321299999.998,4.401640549728341,4.8256,-0.423959450271659
2004-11-29,495607611978.0,4367,4064,8,4307.0,11238985599999.998,4.409718364422498,4.8256,-0.4158816355775014
2004-11-30,495443665883.0,4366,4063,15,4306.0,11197937699999.992,4.424418845293275,4.8256,-0.401181154706725
2004-12-01,494666602883.0,4361,4058,10,4302.0,11331654699999.97,4.365351892367505,4.8256,-0.4602481076324949
2004-12-02,493354221944.0,4361,4058,12,4301.0,11323277099999.98,4.356991510381751,4.8256,-0.4686084896182487
2004-12-03,493732521836.0,4361,4059,23,4301.0,11335102999999.996,4.355783285215848,4.9268,-0.5710167147841521
2004-12-04,493732521836.0,4361,4059,0,4301.0,11335102999999.996,4.355783285215848,4.9268,-0.5710167147841521
2004-12-05,493732521836.0,4361,4059,0,4301.0,11335102999999.996,4.355783285215848,4.9268,-0.5710167147841521
2004-12-06,493392711587.0,4361,4059,22,4301.0,11315681999999.977,4.36025607282885,4.9268,-0.5665439271711499
2004-12-07,493789709789.0,4359,4056,28,4299.0,11177087099999.996,4.417874759059543,4.9268,-0.5089252409404574
2004-12-08,493895243781.0,4360,4056,44,4300.0,11228253500000.01,4.398682696120101,4.9268,-0.528117303879899
2004-12-09,493985242496.0,4361,4054,81,4301.0,11284663800000.01,4.377491888557633,4.9268,-0.5493081114423672
2004-12-10,492274485112.0,4363,4053,84,4301.0,11260009600000.014,4.371883351786835,4.9268,-0.5549166482131653
2004-12-11,492236561112.0,4359,4049,0,4301.0,11260009600000.014,4.371546549232066,4.9268,-0.5552534507679336
2004-12-12,492236561112.0,4359,4049,0,4301.0,11260009600000.014,4.371546549232066,4.9268,-0.5552534507679336
2004-12-13,491715679511.0,4359,4049,39,4298.0,11350986999999.982,4.331920030487224,4.9268,-0.5948799695127764
2004-12-14,491651808626.0,4364,4050,88,4301.0,11413231699999.965,4.307735280849521,4.9268,-0.6190647191504794
2004-12-15,491573015770.0,4367,4050,52,4303.0,11464603799999.998,4.287745345111709,4.9268,-0.6390546548882909
2004-12-16,492010945959.0,4370,4048,16,4306.0,11437881899999.943,4.301591415793534,4.9268,-0.6252085842064661
2004-12-17,490682207899.0,4372,4049,14,4307.0,11380963600000.006,4.311429375795559,4.9268,-0.6153706242044414
2004-12-18,490682207899.0,4372,4049,0,4307.0,11380963600000.006,4.311429375795559,4.9268,-0.6153706242044414
2004-12-19,490682207899.0,4372,4049,0,4307.0,11380963600000.006,4.311429375795559,4.9268,-0.6153706242044414
2004-12-20,490555209720.0,4372,4049,21,4307.0,11362729400000.023,4.317230415783719,4.9268,-0.6095695842162812
2004-12-21,490482409505.0,4371,4048,16,4306.0,11459878999999.984,4.279996407510068,4.9268,-0.646803592489932
2004-12-22,490389973054.0,4368,4045,14,4303.0,11491540099999.986,4.2673999201725845,4.9268,-0.6594000798274156
2004-12-23,490327761937.0,4367,4045,20,4302.0,11501721099999.95,4.263081652510268,4.9268,-0.6637183474897324
2004-12-24,490222309937.0,4365,4043,0,4302.0,11501721099999.95,4.2621648158118015,4.9268,-0.6646351841881986
2004-12-25,490222309937.0,4365,4043,0,4302.0,11501721099999.95,4.2621648158118015,4.9268,-0.6646351841881986
2004-12-26,490222309937.0,4365,4043,0,4302.0,11501721099999.95,4.2621648158118015,4.9268,-0.6646351841881986
2004-12-27,490250678449.0,4365,4043,9,4301.0,11456301899999.984,4.279310048987106,4.9268,-0.6474899510128944
2004-12-28,490268156217.0,4363,4041,7,4299.0,11558796700000.016,4.241515522260196,4.9268,-0.6852844777398044
2004-12-29,490330624308.0,4363,4040,24,4298.0,11563254399999.977,4.240420623349782,4.9268,-0.6863793766502182
2004-12-30,490302990308.0,4363,4040,6,4298.0,11567032300000.023,4.238796759545652,4.9268,-0.6880032404543481
2004-12-31,490302990308.0,4363,4040,0,4310.0,11556574700000.02,4.242632467109819,4.9268,-0.6841675328901813
2005-01-01,490305637939.0,4360,4037,0,4310.0,11556574700000.02,4.242655377280598,4.9268,-0.6841446227194021
2005-01-02,490305637939.0,4360,4037,0,4310.0,11556574700000.02,4.242655377280598,4.9268,-0.6841446227194021
2005-01-03,490268118811.0,4361,4037,6,4307.0,11433657200000.012,4.287937885797376,4.8121,-0.5241621142026238
2005-01-04,490313869472.0,4361,4037,10,4307.0,11274084699999.984,4.349034822064097,4.8121,-0.4630651779359027
2005-01-05,490499508708.0,4361,4037,9,4307.0,11200757800000.008,4.379163601841294,4.8121,-0.4329363981587057
2005-01-06,491088437936.0,4361,4037,24,4307.0,11235355900000.023,4.370920176511711,4.8121,-0.4411798234882891
2005-01-07,491353230907.0,4358,4034,26,4304.0,11220556999999.99,4.379044916460034,4.8121,-0.4330550835399664
2005-01-08,491147683500.0,4356,4032,0,4304.0,11220556999999.99,4.377213034076655,4.8121,-0.4348869659233454
2005-01-09,491147683500.0,4356,4032,0,4304.0,11220556999999.99,4.377213034076655,4.8121,-0.4348869659233454
2005-01-10,491251399522.0,4357,4032,39,4302.0,11260225200000.045,4.362713807198085,4.8121,-0.4493861928019154
2005-01-11,491303344900.0,4357,4032,11,4302.0,11181147499999.994,4.394033303826824,4.8121,-0.4180666961731765
2005-01-12,491222913249.0,4357,4034,12,4302.0,11237237500000.008,4.371384988961919,4.8121,-0.4407150110380806
2005-01-13,491644749042.0,4357,4034,28,4302.0,11157694000000.014,4.4063293816984,4.8121,-0.4057706183016005
2005-01-14,491048771388.0,4356,4032,52,4301.0,11238323000000.016,4.369413224624344,4.8121,-0.4426867753756562
2005-01-15,491048771388.0,4356,4032,0,4301.0,11238323000000.016,4.369413224624344,4.8121,-0.4426867753756562
2005-01-16,491048771388.0,4356,4032,0,4301.0,11238323000000.016,4.369413224624344,4.8121,-0.4426867753756562
2005-01-17,491048771388.0,4356,4032,0,4301.0,11238323000000.016,4.369413224624344,4.8121,-0.4426867753756562
2005-01-18,491066125527.0,4356,4032,10,4301.0,11336113100000.012,4.331873907706509,4.8121,-0.4802260922934911
2005-01-19,490785031406.0,4356,4030,15,4301.0,11234265100000.006,4.368643850197195,4.8121,-0.4434561498028051
2005-01-20,490795058308.0,4356,4029,4,4300.0,11141566899999.998,4.405081104956611,4.8121,-0.4070188950433886
2005-01-21,490793220665.0,4358,4028,5,4301.0,11080158900000.006,4.429478178918533,4.8121,-0.3826218210814671
2005-01-22,490787700665.0,4357,4027,0,4301.0,11080158900000.006,4.429428360138407,4.8121,-0.3826716398615932
2005-01-23,490787700665.0,4357,4027,0,4301.0,11080158900000.006,4.429428360138407,4.8121,-0.3826716398615932
2005-01-24,490788556665.0,4357,4027,2,4300.0,11006098700000.006,4.459241826215857,4.8121,-0.3528581737841429
2005-01-25,490759022665.0,4357,4027,5,4300.0,11047725199999.992,4.442172608212597,4.8121,-0.3699273917874031
2005-01-26,490839617230.0,4359,4027,11,4302.0,11123049099999.98,4.4128153424226175,4.8121,-0.3992846575773825
2005-01-27,489870223830.0,4359,4026,15,4302.0,11141644499999.988,4.396749724244033,4.8121,-0.4153502757559666
2005-01-28,489943956923.0,4360,4024,20,4303.0,11106142400000.004,4.41146835036979,4.8121,-0.4006316496302098
2005-01-29,489832149923.0,4359,4023,0,4303.0,11106142400000.004,4.410461637183761,4.8121,-0.4016383628162394
2005-01-30,489832149923.0,4359,4023,0,4303.0,11106142400000.004,4.410461637183761,4.8121,-0.4016383628162394
2005-01-31,489462671294.0,4359,4024,21,4302.0,11201596199999.951,4.369579679135391,4.8121,-0.4425203208646096
2005-02-01,490101552644.0,4356,4021,14,4299.0,11265317299999.984,4.350534828202315,4.8121,-0.4615651717976847
2005-02-02,489415038144.0,4356,4021,19,4299.0,11327792599999.984,4.32048021557175,4.8121,-0.4916197844282504
2005-02-03,489454780359.0,4357,4020,35,4300.0,11297494999999.98,4.3324186499662165,4.581,-0.2485813500337839
2005-02-04,489405560058.0,4358,4020,39,4301.0,11401095999999.998,4.292618534726837,4.581,-0.2883814652731633
2005-02-05,489406848712.0,4357,4019,0,4301.0,11401095999999.998,4.29262983762263,4.581,-0.2883701623773707
2005-02-06,489406848712.0,4357,4019,0,4301.0,11401095999999.998,4.29262983762263,4.581,-0.2883701623773707
2005-02-07,490006433776.0,4358,4019,30,4302.0,11385605999999.994,4.303736083753472,4.581,-0.2772639162465289
2005-02-08,490920582234.0,4356,4017,90,4301.0,11403928100000.002,4.304837578149935,4.581,-0.2761624218500653
2005-02-09,491573177105.0,4358,4016,208,4302.0,11274697899999.98,4.359967614786388,4.581,-0.2210323852136122
2005-02-10,491484195967.0,4360,4016,60,4305.0,11321124400000.004,4.341301964379085,4.581,-0.2396980356209157
2005-02-11,491552770071.0,4360,4015,68,4305.0,11410288100000.0,4.307978604598073,4.581,-0.2730213954019271
2005-02-12,491552770071.0,4360,4015,0,4305.0,11410288100000.0,4.307978604598073,4.581,-0.2730213954019271
2005-02-13,491552770071.0,4360,4015,0,4305.0,11410288100000.0,4.307978604598073,4.581,-0.2730213954019271
2005-02-14,491601288558.0,4362,4015,170,4306.0,11429585099999.988,4.301129780800184,4.581,-0.2798702191998163
2005-02-15,492158596355.0,4364,4015,33,4308.0,11472136900000.0,4.290034198903257,4.581,-0.2909658010967435
2005-02-16,492114580070.0,4363,4013,18,4307.0,11500822600000.004,4.278951142764343,4.581,-0.3020488572356576
2005-02-17,492095041070.0,4366,4013,10,4309.0,11415440300000.018,4.31078458769566,4.581,-0.2702154123043403
2005-02-18,492283213198.0,4366,4014,27,4309.0,11448629800000.006,4.299931273854272,4.581,-0.2810687261457287
2005-02-19,492285208881.0,4365,4013,0,4309.0,11448629800000.006,4.299948705486134,4.581,-0.2810512945138663
2005-02-20,492285208881.0,4365,4013,0,4309.0,11448629800000.006,4.299948705486134,4.581,-0.2810512945138663
2005-02-21,492285208881.0,4365,4013,0,4309.0,11448629800000.006,4.299948705486134,4.581,-0.2810512945138663
2005-02-22,492204528603.0,4365,4012,34,4308.0,11281255700000.008,4.363029628013836,4.581,-0.2179703719861647
2005-02-23,493318342778.0,4364,4011,18,4307.0,11331023300000.035,4.353696305416638,4.581,-0.2273036945833624
2005-02-24,486864398550.0,4364,4010,26,4307.0,11433052399999.996,4.258393834965719,4.581,-0.3226061650342817
2005-02-25,484301655391.0,4364,4009,50,4307.0,11545232599999.998,4.194819387103557,4.581,-0.3861806128964433
2005-02-26,484303344391.0,4363,4008,0,4307.0,11545232599999.998,4.194834016518645,4.581,-0.3861659834813551
2005-02-27,484303344391.0,4363,4008,0,4307.0,11545232599999.998,4.194834016518645,4.581,-0.3861659834813551
2005-02-28,491328474731.0,4363,4010,53,4306.0,11474561399999.98,4.281893290762302,4.581,-0.299106709237698
2005-03-01,490256537057.0,4363,4010,57,4306.0,11535000100000.02,4.250165000492711,4.581,-0.3308349995072897
2005-03-02,490634564347.0,4363,4011,41,4306.0,11537609599999.982,4.252480204799101,4.581,-0.3285197952008998
2005-03-03,493240288552.0,4364,4016,47,4306.0,11547266899999.994,4.271489460003737,4.7381,-0.466610539996263
2005-03-04,490724044412.0,4363,4014,84,4305.0,11647625199999.992,4.213082375040711,4.7381,-0.5250176249592888
2005-03-05,490724044412.0,4363,4014,0,4305.0,11647625199999.992,4.213082375040711,4.7381,-0.5250176249592888
2005-03-06,490724044412.0,4363,4014,0,4305.0,11647625199999.992,4.213082375040711,4.7381,-0.5250176249592888
2005-03-07,491129211429.0,4363,4016,52,4305.0,11679518699999.99,4.2050466636865815,4.7381,-0.5330533363134187
2005-03-08,490844621984.0,4362,4017,59,4304.0,11605580599999.988,4.229384456508798,4.7381,-0.5087155434912018
2005-03-09,489249002885.0,4361,4018,78,4303.0,11494645900000.002,4.256320787445918,4.7381,-0.4817792125540823
2005-03-10,497073057428.0,4360,4018,111,4302.0,11484442700000.012,4.32822967916414,4.7381,-0.4098703208358607
2005-03-11,499786545785.0,4359,4020,176,4301.0,11427779700000.004,4.373435250812543,4.7381,-0.3646647491874573
2005-03-12,499719583785.0,4356,4017,0,4301.0,11427779700000.004,4.372849292719564,4.7381,-0.3652507072804365
2005-03-13,499719583785.0,4356,4017,0,4301.0,11427779700000.004,4.372849292719564,4.7381,-0.3652507072804365
2005-03-14,501233824970.0,4357,4019,173,4299.0,11510898299999.992,4.354428402603474,4.7381,-0.3836715973965265
2005-03-15,503409927202.0,4356,4026,268,4299.0,11444964099999.988,4.398527796185927,4.7381,-0.3395722038140736
2005-03-16,508754472178.0,4354,4034,597,4296.0,11364019599999.98,4.476888373001406,4.7381,-0.2612116269985938
2005-03-17,509190674703.0,4355,4038,101,4297.0,11402717899999.998,4.465520230953008,4.7381,-0.2725797690469917
2005-03-18,509014781668.0,4355,4041,48,4298.0,11397632300000.006,4.465969494980109,4.7381,-0.2721305050198914
2005-03-19,509014781668.0,4355,4041,0,4298.0,11397632300000.006,4.465969494980109,4.7381,-0.2721305050198914
2005-03-20,509014781668.0,4355,4041,0,4298.0,11397632300000.006,4.465969494980109,4.7381,-0.2721305050198914
2005-03-21,508903722491.0,4355,4042,31,4298.0,11365718399999.984,4.477532388018699,4.7381,-0.2605676119813012
2005-03-22,502576901388.0,4355,4045,36,4298.0,11289183500000.004,4.45184455889126,4.7381,-0.2862554411087403
2005-03-23,502479695834.0,4354,4045,34,4297.0,11271823699999.998,4.457838493641451,4.7381,-0.2802615063585492
2005-03-24,501018472327.0,4352,4046,48,4295.0,11246689399999.988,4.454808473033856,4.7381,-0.2832915269661447
2005-03-25,500608770137.0,4351,4050,61,4295.0,11246689399999.988,4.451165603782038,4.7381,-0.286934396217962
2005-03-26,500608770137.0,4351,4050,0,4295.0,11246689399999.988,4.451165603782038,4.7381,-0.286934396217962
2005-03-27,500608770137.0,4351,4050,0,4295.0,11246689399999.988,4.451165603782038,4.7381,-0.286934396217962
2005-03-28,500106243596.0,4352,4051,46,4295.0,11244093199999.998,4.447724104563631,4.7381,-0.2903758954363695
2005-03-29,499793711317.0,4351,4053,73,4294.0,11137475300000.006,4.487495575563698,4.7381,-0.2506044244363021
2005-03-30,500283790795.0,4351,4060,139,4294.0,11298253400000.004,4.427974599994366,4.7381,-0.3101254000056341
2005-03-31,498300798101.0,4352,4077,461,4302.0,11310155500000.0,4.405782025729001,4.7381,-0.3323179742709996
2005-04-01,497942349640.0,4352,4078,51,4302.0,11260926399999.98,4.421859551803845,4.7381,-0.3162404481961554
2005-04-02,497909650640.0,4350,4076,0,4302.0,11260926399999.98,4.421569176049324,4.7381,-0.3165308239506759
2005-04-03,497909650640.0,4350,4076,0,4302.0,11260926399999.98,4.421569176049324,4.721,-0.2994308239506758
2005-04-04,497862429673.0,4350,4076,24,4300.0,11277651500000.008,4.414593141781333,4.721,-0.3064068582186667
2005-04-05,497869955558.0,4349,4075,22,4299.0,11325803600000.008,4.395890774214023,4.721,-0.3251092257859769
2005-04-06,497825991462.0,4349,4074,24,4300.0,11342818700000.01,4.388909006030393,4.721,-0.332090993969607
2005-04-07,498558330911.0,4347,4073,28,4298.0,11415819800000.012,4.367258240279857,4.721,-0.3537417597201431
2005-04-08,498488754590.0,4345,4072,40,4297.0,11311681999999.98,4.406849083893985,4.721,-0.3141509161060147
2005-04-09,498477340309.0,4343,4070,0,4297.0,11311681999999.98,4.406748176875913,4.721,-0.3142518231240867
2005-04-10,498477340309.0,4343,4070,0,4297.0,11311681999999.98,4.406748176875913,4.721,-0.3142518231240867
2005-04-11,498511549516.0,4344,4070,43,4295.0,11292548500000.018,4.414517675226272,4.721,-0.3064823247737278
2005-04-12,498614688868.0,4344,4069,32,4294.0,11337929899999.99,4.397757732370531,4.721,-0.3232422676294693
2005-04-13,498355674349.0,4344,4069,19,4294.0,11204925200000.008,4.447648381882993,4.721,-0.2733516181170072
2005-04-14,499160357725.0,4344,4069,73,4294.0,11089174600000.004,4.501330132587143,4.721,-0.2196698674128567
2005-04-15,499591633967.0,4345,4071,96,4295.0,10901051999999.99,4.582967166535858,4.721,-0.138032833464142
2005-04-16,499091191967.0,4342,4068,0,4295.0,10901051999999.99,4.578376398598965,4.721,-0.1426236014010351
2005-04-17,499091191967.0,4342,4068,0,4295.0,10901051999999.99,4.578376398598965,4.721,-0.1426236014010351
2005-04-18,499281217365.0,4342,4068,34,4293.0,10917000900000.0,4.573428379629427,4.721,-0.1475716203705728
2005-04-19,499252154294.0,4342,4069,14,4292.0,11011968799999.99,4.533722927856465,4.721,-0.1872770721435355
2005-04-20,499299724291.0,4342,4069,14,4292.0,10870759800000.031,4.59305267963881,4.721,-0.1279473203611898
2005-04-21,499112945291.0,4341,4068,15,4291.0,11099372100000.01,4.4967673918329085,4.721,-0.2242326081670915
2005-04-22,493679272080.0,4340,4067,19,4290.0,11010333200000.008,4.483781399821757,4.721,-0.2372186001782434
2005-04-23,493693995080.0,4339,4066,0,4290.0,11010333200000.008,4.483915119662315,4.721,-0.2370848803376848
2005-04-24,493693995080.0,4339,4066,0,4290.0,11010333200000.008,4.483915119662315,4.721,-0.2370848803376848
2005-04-25,493723730082.0,4339,4066,22,4289.0,11107079499999.96,4.445126462649355,4.721,-0.2758735373506447
2005-04-26,491797317174.0,4339,4066,24,4290.0,11000896100000.004,4.470520516724086,4.721,-0.2504794832759138
2005-04-27,493637105613.0,4339,4066,50,4289.0,11004149500000.02,4.485917840474624,4.721,-0.2350821595253762
2005-04-28,494760983837.0,4338,4066,68,4288.0,10862869100000.04,4.554606884078149,4.721,-0.166393115921851
2005-04-29,494424125063.0,4338,4065,133,4288.0,10969244000000.016,4.507367372473429,4.721,-0.2136326275265707
2005-04-30,494440499887.0,4336,4063,0,4288.0,10969244000000.016,4.507516651895056,4.721,-0.213483348104944
2005-05-01,494440499887.0,4336,4063,0,4288.0,10969244000000.016,4.507516651895056,4.721,-0.213483348104944
2005-05-02,496828466491.0,4336,4063,83,4286.0,11031567299999.977,4.503697915082302,4.721,-0.2173020849176978
2005-05-03,496198490296.0,4339,4065,77,4289.0,11026028500000.004,4.500246759710442,4.482,0.0182467597104416
2005-05-04,497967758986.0,4339,4065,124,4289.0,11155742200000.031,4.463779729384555,4.482,-0.018220270615445
2005-05-05,504771131953.0,4339,4065,202,4289.0,11151716400000.01,4.5263985726268965,4.482,0.0443985726268962
2005-05-06,505664815362.0,4340,4064,317,4290.0,11162442300000.008,4.530055356810218,4.482,0.0480553568102175
2005-05-07,504713588362.0,4338,4062,0,4290.0,11162442300000.008,4.521533682301763,4.482,0.0395336823017631
2005-05-08,504713588362.0,4338,4062,0,4290.0,11162442300000.008,4.521533682301763,4.482,0.0395336823017631
2005-05-09,500608164117.0,4338,4062,319,4288.0,11229475500000.004,4.457983492790913,4.482,-0.0240165072090867
2005-05-10,490569878279.0,4338,4064,862,4288.0,11134992999999.998,4.405659512125424,4.482,-0.0763404878745763
2005-05-11,489222871907.0,4340,4064,128,4290.0,11173667100000.012,4.378355534746507,4.482,-0.1036444652534935
2005-05-12,488901506430.0,4338,4064,199,4288.0,11055363499999.99,4.422301504875895,4.482,-0.0596984951241053
2005-05-13,487929562870.0,4338,4064,316,4288.0,11014261799999.951,4.429979709307455,4.482,-0.0520202906925453
2005-05-14,487969805869.0,4335,4061,0,4288.0,11014261799999.951,4.430345081038496,4.482,-0.0516549189615043
2005-05-15,487969805869.0,4335,4061,0,4288.0,11014261799999.951,4.430345081038496,4.482,-0.0516549189615043
2005-05-16,488123142726.0,4336,4061,478,4286.0,11114205499999.986,4.391885166474569,4.482,-0.0901148335254315
2005-05-17,487669733874.0,4334,4059,53,4284.0,11182393299999.986,4.361049739450682,4.482,-0.1209502605493177
2005-05-18,487689641863.0,4335,4059,28,4285.0,11313837499999.98,4.310559011148966,4.482,-0.1714409888510344
2005-05-19,487692519231.0,4335,4059,9,4285.0,11379121399999.988,4.285853908114563,4.482,-0.1961460918854376
2005-05-20,487634701670.0,4335,4059,37,4285.0,11364298899999.947,4.2909351994429,4.482,-0.1910648005571005
2005-05-21,487640744123.0,4333,4057,0,4285.0,11364298899999.947,4.29098836992929,4.482,-0.1910116300707098
2005-05-22,487640744123.0,4333,4057,0,4285.0,11364298899999.947,4.29098836992929,4.482,-0.1910116300707098
2005-05-23,487695943012.0,4334,4057,39,4284.0,11430294999999.984,4.266696030259942,4.482,-0.2153039697400585
2005-05-24,487735240593.0,4333,4056,10,4283.0,11436261300000.0,4.264813716638321,4.482,-0.2171862833616789
2005-05-25,487710065038.0,4332,4054,7,4283.0,11385154700000.018,4.2837368300142575,4.482,-0.1982631699857426
2005-05-26,487756161164.0,4332,4052,15,4282.0,11466400900000.0,4.25378604339571,4.482,-0.2282139566042902
2005-05-27,487764243035.0,4332,4052,25,4282.0,11486632000000.018,4.246364321891736,4.482,-0.235635678108264
2005-05-28,487716776035.0,4331,4051,0,4282.0,11486632000000.018,4.245951085009072,4.482,-0.2360489149909286
2005-05-29,487716776035.0,4331,4051,0,4282.0,11486632000000.018,4.245951085009072,4.482,-0.2360489149909286
2005-05-30,487716776035.0,4331,4051,0,4282.0,11486632000000.018,4.245951085009072,4.482,-0.2360489149909286
2005-05-31,487975553035.0,4331,4051,17,4281.0,11429633499999.992,4.269389329369138,4.482,-0.2126106706308625
2005-06-01,487942128910.0,4329,4049,6,4280.0,11534583199999.984,4.230253668030247,4.482,-0.2517463319697537
2005-06-02,488069012141.0,4330,4048,20,4278.0,11575435099999.951,4.2164204448867935,4.482,-0.2655795551132067
2005-06-03,489618403407.0,4330,4048,25,4277.0,11493301599999.977,4.260032673352981,4.2812,-0.0211673266470189
2005-06-04,489531330407.0,4328,4046,0,4277.0,11493301599999.977,4.259275075553582,4.2812,-0.0219249244464183
2005-06-05,489531330407.0,4328,4046,0,4277.0,11493301599999.977,4.259275075553582,4.2812,-0.0219249244464183
2005-06-06,490025484906.0,4328,4046,25,4275.0,11509547300000.014,4.257556549648129,4.2812,-0.0236434503518712
2005-06-07,489711312497.0,4328,4046,22,4275.0,11517536599999.998,4.251875461780604,4.2812,-0.029324538219396
2005-06-08,489491183831.0,4326,4044,49,4273.0,11476219200000.01,4.265265200154069,4.2812,-0.0159347998459313
2005-06-09,489310971707.0,4327,4044,116,4274.0,11553904900000.002,4.235026823762414,4.2812,-0.0461731762375858
2005-06-10,489347492212.0,4328,4043,30,4275.0,11528604599999.977,4.2446376572928965,4.2812,-0.0365623427071035
2005-06-11,489347492212.0,4328,4043,0,4275.0,11528604599999.977,4.2446376572928965,4.2812,-0.0365623427071035
2005-06-12,489347492212.0,4328,4043,0,4275.0,11528604599999.977,4.2446376572928965,4.2812,-0.0365623427071035
2005-06-13,489416833426.0,4328,4044,29,4275.0,11561459699999.988,4.2331751018083,4.2812,-0.0480248981917004
2005-06-14,489639481591.0,4328,4044,99,4276.0,11597656299999.98,4.221883016062486,4.2812,-0.0593169839375145
2005-06-15,489659583063.0,4328,4044,18,4276.0,11626209499999.99,4.211687249081486,4.2812,-0.0695127509185145
2005-06-16,489679050754.0,4328,4043,11,4277.0,11679920299999.977,4.19248623429392,4.2812,-0.0887137657060801
2005-06-17,489961068322.0,4328,4043,16,4277.0,11723725699999.977,4.179226645689954,4.2812,-0.1019733543100462
2005-06-18,489961068322.0,4328,4043,0,4277.0,11723725699999.977,4.179226645689954,4.2812,-0.1019733543100462
2005-06-19,489961068322.0,4328,4043,0,4277.0,11723725699999.977,4.179226645689954,4.2812,-0.1019733543100462
2005-06-20,489951190203.0,4328,4044,9,4277.0,11717036899999.969,4.181528097799209,4.2812,-0.0996719022007912
2005-06-21,489944489479.0,4328,4043,10,4277.0,11682717800000.0,4.193754380329207,4.2812,-0.0874456196707926
2005-06-22,490061356419.0,4329,4044,11,4278.0,11685760699999.977,4.19366243242514,4.2812,-0.0875375675748602
2005-06-23,490043348419.0,4330,4044,10,4279.0,11557083099999.992,4.2401992282897085,4.2812,-0.0410007717102915
2005-06-24,489981993717.0,4331,4044,10,4280.0,11459594200000.02,4.275735991742178,4.2812,-0.0054640082578218
2005-06-25,489821945717.0,4329,4042,0,4280.0,11459594200000.02,4.274339362880748,4.2812,-0.0068606371192521
2005-06-26,489821945717.0,4329,4042,0,4280.0,11459594200000.02,4.274339362880748,4.2812,-0.0068606371192521
2005-06-27,489577490970.0,4329,4041,16,4278.0,11444445900000.027,4.277861027505043,4.2812,-0.0033389724949568
2005-06-28,489545981044.0,4332,4039,15,4281.0,11562225100000.008,4.234011851611501,4.2812,-0.047188148388499
2005-06-29,489851659195.0,4333,4038,50,4282.0,11545928400000.0,4.242635518119097,4.2812,-0.0385644818809032
2005-06-30,490264461883.0,4336,4038,16,4289.0,11471334399999.99,4.2738224236842095,4.2812,-0.0073775763157906
2005-07-01,490174403091.0,4330,4033,16,4284.0,11507427499999.96,4.259634945264714,4.2812,-0.0215650547352863
2005-07-02,489702617091.0,4327,4030,0,4284.0,11507427499999.96,4.255535106269422,4.2812,-0.0256648937305783
2005-07-03,489702617091.0,4327,4030,0,4284.0,11507427499999.96,4.255535106269422,4.2942,-0.0386648937305782
2005-07-04,489702617091.0,4327,4030,0,4284.0,11507427499999.96,4.255535106269422,4.2942,-0.0386648937305782
2005-07-05,489705346263.0,4327,4030,4,4281.0,11619306399999.988,4.214583292708423,4.2942,-0.079616707291577
2005-07-06,489869218907.0,4327,4030,13,4281.0,11533409500000.01,4.247392923202802,4.2942,-0.0468070767971982
2005-07-07,490731236867.0,4327,4030,22,4282.0,11566861999999.965,4.242561525044576,4.2942,-0.0516384749554239
2005-07-08,490363377989.0,4329,4030,24,4284.0,11719052900000.01,4.184326004612537,4.2942,-0.1098739953874634
2005-07-09,490366373989.0,4328,4029,0,4284.0,11719052900000.01,4.184351569818407,4.2942,-0.1098484301815929
2005-07-10,490366373989.0,4328,4029,0,4284.0,11719052900000.01,4.184351569818407,4.2942,-0.1098484301815929
2005-07-11,490703958383.0,4328,4028,37,4283.0,11807023199999.973,4.156034506504579,4.2942,-0.1381654934954213
2005-07-12,490715232248.0,4327,4027,13,4282.0,11834522899999.977,4.146472455159143,4.2942,-0.1477275448408566
2005-07-13,490774630321.0,4326,4026,9,4281.0,11827686899999.98,4.149371170122882,4.2942,-0.1448288298771176
2005-07-14,491162090939.0,4327,4025,40,4281.0,11825664200000.02,4.1533573305675215,4.2942,-0.1408426694324784
2005-07-15,491124036222.0,4326,4023,21,4280.0,11840962199999.951,4.147669994436786,4.2942,-0.1465300055632141
2005-07-16,491124036222.0,4326,4023,0,4280.0,11840962199999.951,4.147669994436786,4.2942,-0.1465300055632141
2005-07-17,491124036222.0,4326,4023,0,4280.0,11840962199999.951,4.147669994436786,4.2942,-0.1465300055632141
2005-07-18,491125856802.0,4326,4023,7,4280.0,11790125700000.0,4.1655693017929405,4.2942,-0.1286306982070595
2005-07-19,491274425802.0,4326,4023,9,4280.0,11901580500000.014,4.127808283966986,4.2942,-0.1663917160330141
2005-07-20,491688596811.0,4324,4021,12,4278.0,11968602799999.96,4.108153683661402,4.2942,-0.1860463163385981
2005-07-21,492136288228.0,4327,4021,22,4280.0,11885170599999.96,4.140759142557042,4.2942,-0.1534408574429582
2005-07-22,491362791141.0,4330,4020,17,4283.0,11951167299999.99,4.111420908156816,4.2942,-0.1827790918431837
2005-07-23,491361417141.0,4328,4018,0,4283.0,11951167299999.99,4.111409411371895,4.2942,-0.1827905886281051
2005-07-24,491361417141.0,4328,4018,0,4283.0,11951167299999.99,4.111409411371895,4.2942,-0.1827905886281051
2005-07-25,491565641876.0,4329,4018,12,4282.0,11899506800000.008,4.1309749230615145,4.2942,-0.1632250769384855
2005-07-26,490687099669.0,4329,4018,29,4282.0,11928165799999.998,4.113684433100352,4.2942,-0.1805155668996478
2005-07-27,492992640294.0,4330,4017,41,4283.0,11986638100000.0,4.112851628464532,4.2942,-0.181348371535468
2005-07-28,496347988332.0,4332,4017,78,4285.0,12074706799999.982,4.110642159294507,4.2942,-0.1835578407054932
2005-07-29,494544537931.0,4330,4016,110,4285.0,11999534899999.98,4.121364219966566,4.2942,-0.1728357800334343
2005-07-30,494572116600.0,4326,4012,0,4285.0,11999534899999.98,4.121594051116105,4.2942,-0.1726059488838949
2005-07-31,494572116600.0,4326,4012,0,4285.0,11999534899999.98,4.121594051116105,4.2942,-0.1726059488838949
2005-08-01,495707598630.0,4327,4013,53,4280.0,12021158800000.006,4.12362574088947,4.2942,-0.1705742591105297
2005-08-02,496713291829.0,4327,4012,85,4280.0,12104924400000.0,4.103398546041312,4.2942,-0.1908014539586879
2005-08-03,494596536487.0,4329,4014,135,4282.0,12093760800000.035,4.089683471224257,4.4998,-0.4101165287757427
2005-08-04,499945941994.0,4332,4018,194,4285.0,11988328200000.016,4.170272398731954,4.4998,-0.3295276012680457
2005-08-05,500480218966.0,4335,4021,312,4288.0,11897885799999.969,4.206463462323713,4.4998,-0.2933365376762866
2005-08-06,500305257966.0,4332,4018,0,4288.0,11897885799999.969,4.204992940560929,4.4998,-0.2948070594390701
2005-08-07,500305257966.0,4332,4018,0,4288.0,11897885799999.969,4.204992940560929,4.4998,-0.2948070594390701
2005-08-08,499418510464.0,4332,4021,291,4285.0,11845007799999.994,4.216278443176713,4.4998,-0.2835215568232865
2005-08-09,500523929868.0,4332,4023,823,4285.0,11925136200000.02,4.197217721236586,4.4998,-0.3025822787634133
2005-08-10,501569737929.0,4334,4026,134,4287.0,11921696200000.004,4.207201135766233,4.4998,-0.2925988642337662
2005-08-11,499848628879.932,4334,4032,163,4288.0,11991318999999.988,4.168420745707227,4.4998,-0.3313792542927727
2005-08-12,500444589241.932,4332,4046,305,4286.0,11913712499999.986,4.200576346306264,4.4998,-0.299223653693736
2005-08-13,498637094817.932,4328,4042,0,4286.0,11913712499999.986,4.18540479987185,4.4998,-0.3143952001281498
2005-08-14,498637094817.932,4328,4042,0,4286.0,11913712499999.986,4.18540479987185,4.4998,-0.3143952001281498
2005-08-15,498715132463.932,4328,4050,490,4282.0,11907412699999.992,4.18827452301147,4.4998,-0.3115254769885291
2005-08-16,498836765632.932,4331,4052,45,4284.0,11753179400000.0,4.24427083647623,4.4998,-0.2555291635237697
2005-08-17,498040112640.932,4331,4050,29,4284.0,11754914200000.014,4.236867272420682,4.4998,-0.2629327275793178
2005-08-18,498156753064.932,4331,4049,17,4284.0,11725821999999.99,4.248373828844855,4.4998,-0.2514261711551446
2005-08-19,498060552620.932,4330,4047,25,4283.0,11728970100000.045,4.246413354067038,4.4998,-0.2533866459329612
2005-08-20,498064611007.932,4328,4045,0,4283.0,11728970100000.045,4.246447955459704,4.4998,-0.2533520445402955
2005-08-21,498064611007.932,4328,4045,0,4283.0,11728970100000.045,4.246447955459704,4.4998,-0.2533520445402955
2005-08-22,498072628047.932,4329,4045,45,4282.0,11749621600000.006,4.239052498915639,4.4998,-0.2607475010843609
2005-08-23,498017311047.932,4329,4045,6,4282.0,11716325799999.994,4.2506270271857085,4.4998,-0.249172972814291
2005-08-24,498026642047.932,4331,4044,6,4285.0,11669118099999.992,4.267903005008856,4.4998,-0.2318969949911435
2005-08-25,498206015047.932,4331,4044,12,4284.0,11691063299999.996,4.261426033403925,4.4998,-0.2383739665960744
2005-08-26,500919435113.932,4331,4043,17,4284.0,11615476099999.982,4.312517462060231,4.4998,-0.1872825379397689
2005-08-27,500917915925.932,4330,4042,0,4284.0,11615476099999.982,4.312504383061257,4.4998,-0.1872956169387425
2005-08-28,500917915925.932,4330,4042,0,4284.0,11615476099999.982,4.312504383061257,4.4998,-0.1872956169387425
2005-08-29,500493832815.932,4330,4042,12,4283.0,11689409199999.988,4.28160075717028,4.4998,-0.2181992428297192
2005-08-30,499604422011.932,4327,4039,14,4280.0,11653945699999.998,4.286998025157541,4.4998,-0.212801974842459
2005-08-31,498623165710.932,4326,4038,13,4279.0,11794815399999.992,4.227477487362221,4.4998,-0.2723225126377784
2005-09-01,496510097710.932,4323,4034,20,4275.0,11787690799999.977,4.21210656213457,4.4998,-0.2876934378654292
2005-09-02,495978331625.932,4322,4033,29,4274.0,11736931399999.99,4.225792200045851,4.4998,-0.2740077999541483
2005-09-03,495978331625.932,4322,4033,0,4274.0,11736931399999.99,4.225792200045851,4.2961,-0.0703077999541488
2005-09-04,495978331625.932,4322,4033,0,4274.0,11736931399999.99,4.225792200045851,4.2961,-0.0703077999541488
2005-09-05,495978331625.932,4322,4033,0,4274.0,11736931399999.99,4.225792200045851,4.2961,-0.0703077999541488
2005-09-06,495817862841.932,4322,4033,18,4274.0,11886423900000.016,4.171295479727349,4.2961,-0.1248045202726508
2005-09-07,495879133095.932,4321,4032,42,4273.0,11926504700000.016,4.157790950234827,4.2961,-0.1383090497651729
2005-09-08,498654227061.932,4321,4033,78,4273.0,11886136400000.016,4.19525916816781,4.2961,-0.1008408318321896
2005-09-09,498279968257.932,4320,4032,92,4272.0,11977905300000.035,4.159992551100988,4.2961,-0.1361074488990121
2005-09-10,498279968257.932,4320,4032,0,4272.0,11977905300000.035,4.159992551100988,4.2961,-0.1361074488990121
2005-09-11,498279968257.932,4320,4032,0,4272.0,11977905300000.035,4.159992551100988,4.2961,-0.1361074488990121
2005-09-12,497627349581.932,4320,4032,25,4272.0,11973131700000.014,4.156200416486953,4.2961,-0.1398995835130474
2005-09-13,495369918716.932,4319,4033,80,4272.0,11876516200000.016,4.1710036038761205,4.2961,-0.1250963961238795
2005-09-14,495461567192.932,4317,4031,49,4270.0,11820643899999.998,4.191493893094369,4.2961,-0.1046061069056314
2005-09-15,495439637163.932,4317,4032,16,4270.0,11817799399999.99,4.192317202168217,4.2961,-0.1037827978317826
2005-09-16,495907970958.932,4315,4030,14,4267.0,11876585200000.02,4.175509732872805,4.2961,-0.120590267127195
2005-09-17,495852706958.932,4312,4027,0,4267.0,11876585200000.02,4.175044413935844,4.2961,-0.1210555860641564
2005-09-18,495852706958.932,4312,4027,0,4267.0,11876585200000.02,4.175044413935844,4.2961,-0.1210555860641564
2005-09-19,496124092308.932,4312,4027,10,4264.0,11819611600000.035,4.197465272961511,4.2961,-0.0986347270384895
2005-09-20,496096648427.932,4312,4028,15,4264.0,11720550300000.02,4.232707814307414,4.2961,-0.063392185692586
2005-09-21,496162666017.932,4311,4027,7,4263.0,11621583400000.002,4.269320702185313,4.2961,-0.026779297814687
2005-09-22,496178314379.932,4312,4026,13,4263.0,11654955900000.012,4.257230303032991,4.2961,-0.0388696969670085
2005-09-23,495897064445.932,4310,4023,14,4261.0,11664260200000.01,4.25142320166976,4.2961,-0.04467679833024
2005-09-24,495897064445.932,4310,4023,0,4261.0,11664260200000.01,4.25142320166976,4.2961,-0.04467679833024
2005-09-25,495897064445.932,4310,4023,0,4261.0,11664260200000.01,4.25142320166976,4.2961,-0.04467679833024
2005-09-26,495862914282.932,4311,4023,10,4261.0,11692973500000.002,4.240691337262774,4.2961,-0.0554086627372258
2005-09-27,496696158136.932,4311,4019,17,4261.0,11700347300000.027,4.245140297134007,4.2961,-0.0509597028659927
2005-09-28,496798831761.932,4311,4019,59,4260.0,11716291600000.012,4.240239563190212,4.2961,-0.0558604368097883
2005-09-29,496793867716.932,4317,4019,10,4264.0,11815008800000.012,4.204769341491573,4.2961,-0.0913306585084265
2005-09-30,496365485289.932,4315,4018,20,4265.0,11856416299999.996,4.186471466002186,4.2961,-0.1096285339978138
2005-10-01,494993801383.932,4310,4013,0,4265.0,11856416299999.996,4.1749023386091135,4.2961,-0.1211976613908865
2005-10-02,494993801383.932,4310,4013,0,4265.0,11856416299999.996,4.1749023386091135,4.2961,-0.1211976613908865
2005-10-03,495275749383.932,4311,4013,13,4261.0,11797920699999.996,4.197991849393699,4.6211,-0.4231081506063008
2005-10-04,495242469993.932,4310,4012,13,4260.0,11681217900000.002,4.239647562724875,4.6211,-0.3814524372751249
2005-10-05,495269777545.932,4308,4010,13,4258.0,11465805100000.01,4.31953773177194,4.6211,-0.3015622682280598
2005-10-06,495026531780.932,4307,4008,19,4257.0,11384066899999.984,4.34841551907019,4.6211,-0.2726844809298105
2005-10-07,493871004707.932,4305,4005,29,4255.0,11427588500000.004,4.321742988102273,4.6211,-0.2993570118977269
2005-10-08,493884419707.932,4304,4004,0,4255.0,11427588500000.004,4.321860379448663,4.6211,-0.2992396205513374
2005-10-09,494959486376.932,4304,4005,44,4255.0,11427588500000.004,4.331268021918463,4.6211,-0.289831978081537
2005-10-10,494958598976.932,4305,4006,0,4255.0,11341845599999.998,4.364004029264267,4.6211,-0.2570959707357332
2005-10-11,495130861977.932,4305,4006,36,4255.0,11317725700000.0,4.374826489900988,4.6211,-0.2462735100990123
2005-10-12,495192179211.932,4306,4006,18,4256.0,11218518799999.988,4.41406025198204,4.6211,-0.2070397480179604
2005-10-13,494807126047.932,4305,4005,21,4255.0,11202411900000.01,4.416969581773113,4.6211,-0.204130418226887
2005-10-14,494816621893.932,4304,4003,32,4254.0,11310437499999.994,4.374867213526729,4.6211,-0.2462327864732714
2005-10-15,494861082893.932,4302,4001,0,4254.0,11310437499999.994,4.375260310610727,4.6211,-0.2458396893892729
2005-10-16,494861082893.932,4302,4001,0,4254.0,11310437499999.994,4.375260310610727,4.6211,-0.2458396893892729
2005-10-17,494542341692.932,4302,4001,24,4253.0,11349090199999.994,4.357550543504643,4.6211,-0.2635494564953573
2005-10-18,494410689652.932,4303,4001,8,4254.0,11221061300000.023,4.406095612835935,4.6211,-0.2150043871640656
2005-10-19,494451600524.932,4303,4000,5,4253.0,11379301399999.98,4.345184147463859,4.6211,-0.2759158525361416
2005-10-20,494517131524.932,4304,4000,8,4254.0,11205862899999.982,4.413021432958391,4.6211,-0.2080785670416096
2005-10-21,495308249524.932,4302,3998,15,4253.0,11237457899999.992,4.407653883401266,4.6211,-0.2134461165987344
2005-10-22,495308249524.932,4302,3998,0,4253.0,11237457899999.992,4.407653883401266,4.6211,-0.2134461165987344
2005-10-23,495308249524.932,4302,3998,0,4253.0,11237457899999.992,4.407653883401266,4.6211,-0.2134461165987344
2005-10-24,499449195298.932,4303,3997,19,4254.0,11423809499999.97,4.372002135530475,4.6211,-0.2490978644695252
2005-10-25,500119430298.932,4303,3996,19,4254.0,11395829499999.99,4.388618049251548,4.6211,-0.2324819507484523
2005-10-26,500407985718.932,4303,3996,32,4254.0,11321312799999.96,4.420052643708719,4.6211,-0.2010473562912809
2005-10-27,501427270898.932,4307,3994,63,4258.0,11152234999999.986,4.496204311502875,4.6211,-0.1248956884971255
2005-10-28,501755176997.932,4308,3994,85,4258.0,11326483099999.996,4.429929154248525,4.6211,-0.1911708457514755
2005-10-29,501755176997.932,4308,3994,0,4258.0,11326483099999.996,4.429929154248525,4.6211,-0.1911708457514755
2005-10-30,501755176997.932,4308,3994,0,4258.0,11326483099999.996,4.429929154248525,4.6211,-0.1911708457514755
2005-10-31,499974330721.932,4308,3994,70,4258.0,11447178000000.004,4.367664508422353,4.6211,-0.2534354915776475
2005-11-01,500385422451.932,4304,3990,73,4255.0,11423625100000.031,4.380268242975959,4.6211,-0.2408317570240417
2005-11-02,498933240399.932,4304,3989,107,4254.0,11542209000000.027,4.322684162103899,4.6211,-0.2984158378961012
2005-11-03,500648352085.932,4306,3988,152,4256.0,11616537099999.996,4.309789981094556,4.8438,-0.5340100189054438
2005-11-04,508796895915.932,4306,3988,238,4256.0,11600085599999.982,4.3861477704607,4.8438,-0.4576522295392999
2005-11-05,508834769915.932,4305,3987,0,4256.0,11600085599999.982,4.386474268051373,4.8438,-0.457325731948627
2005-11-06,508834769915.932,4305,3987,0,4256.0,11600085599999.982,4.386474268051373,4.8438,-0.457325731948627
2005-11-07,508774710737.932,4306,3989,219,4255.0,11618466800000.004,4.379017640588617,4.8438,-0.4647823594113829
2005-11-08,507517008652.932,4306,3991,315,4255.0,11576426599999.998,4.384055859283313,4.8438,-0.4597441407166869
2005-11-09,495988444718.932,4309,3991,782,4258.0,11637130400000.012,4.262119849743469,4.8438,-0.5816801502565312
2005-11-10,495965279166.423,4312,3995,187,4259.0,11711980999999.992,4.234683092180762,4.8438,-0.6091169078192378
2005-11-11,495953048742.423,4310,3993,0,4257.0,11746271600000.008,4.222216764870503,4.8438,-0.6215832351294974
2005-11-12,495953048742.423,4310,3993,0,4257.0,11746271600000.008,4.222216764870503,4.8438,-0.6215832351294974
2005-11-13,495953048742.423,4310,3993,0,4257.0,11746271600000.008,4.222216764870503,4.8438,-0.6215832351294974
2005-11-14,495279388191.423,4312,4016,810,4259.0,11757284799999.996,4.212532031132079,4.8438,-0.6312679688679212
2005-11-15,495179519362.423,4311,4015,55,4258.0,11709529600000.002,4.22885919655067,4.8438,-0.61494080344933
2005-11-16,495170072111.423,4310,4014,26,4258.0,11738089899999.99,4.218489348181116,4.8438,-0.625310651818884
2005-11-17,487996516786.423,4309,4013,19,4257.0,11860061200000.004,4.114620561877225,4.8438,-0.7291794381227747
2005-11-18,487852173786.423,4310,4012,16,4258.0,11916019100000.023,4.094086873244622,4.8438,-0.7497131267553776
2005-11-19,484885173786.423,4309,4011,0,4258.0,11916019100000.023,4.069187618089853,4.8438,-0.7746123819101465
2005-11-20,484885173786.423,4309,4011,0,4258.0,11916019100000.023,4.069187618089853,4.8438,-0.7746123819101465
2005-11-21,484967819311.423,4310,4011,79,4258.0,11981243200000.004,4.04772535884609,4.8438,-0.7960746411539095
2005-11-22,485244919520.423,4311,4011,24,4259.0,12047188799999.988,4.027868472688197,4.8438,-0.8159315273118031
2005-11-23,485026068260.423,4311,4011,26,4259.0,12071418599999.996,4.017970748362775,4.8438,-0.8258292516372254
2005-11-24,484998784260.423,4310,4010,0,4259.0,12071418599999.996,4.017744726874297,4.8438,-0.8260552731257027
2005-11-25,485001988260.423,4310,4010,4,4259.0,12095465400000.0,4.009783602542677,4.8438,-0.8340163974573231
2005-11-26,485003979260.423,4309,4009,0,4259.0,12095465400000.0,4.009800063256954,4.8438,-0.8339999367430462
2005-11-27,485003979260.423,4309,4009,0,4259.0,12095465400000.0,4.009800063256954,4.8438,-0.8339999367430462
2005-11-28,484338934910.423,4309,4009,9,4258.0,11957864199999.998,4.050379957571545,4.8438,-0.7934200424284548
2005-11-29,484317901666.423,4308,4008,14,4257.0,11954368800000.0,4.05138832312437,4.8438,-0.7924116768756297
2005-11-30,484503910962.423,4306,4006,16,4255.0,11925364499999.977,4.062801694341703,4.8438,-0.7809983056582972
2005-12-01,485844040692.423,4305,4005,16,4254.0,12095036300000.027,4.016887826061522,4.8438,-0.8269121739384779
2005-12-02,484962098892.423,4305,4004,21,4253.0,12105785500000.004,4.006035782580343,4.8438,-0.8377642174196565
2005-12-03,484900588892.423,4304,4003,0,4253.0,12105785500000.004,4.0055276784180815,4.7135,-0.7079723215819183
2005-12-04,484900588892.423,4304,4003,0,4253.0,12105785500000.004,4.0055276784180815,4.7135,-0.7079723215819183
2005-12-05,484914668658.423,4305,4003,15,4252.0,12050659500000.02,4.023967888715321,4.7135,-0.6895321112846791
2005-12-06,484347332210.423,4307,4003,24,4253.0,12070256800000.006,4.012734279277494,4.7135,-0.7007657207225062
2005-12-07,485442491199.423,4308,4003,40,4254.0,12018105599999.98,4.039259658356005,4.7135,-0.674240341643995
2005-12-08,485088920718.423,4308,4003,60,4254.0,12030185800000.02,4.032264578311186,4.7135,-0.6812354216888137
2005-12-09,485323044240.423,4310,4003,65,4256.0,12050341099999.973,4.027463125009997,4.7135,-0.6860368749900028
2005-12-10,485207050240.423,4308,4001,0,4256.0,12050341099999.973,4.026500546448632,4.7135,-0.6869994535513682
2005-12-11,485207050240.423,4308,4001,0,4256.0,12050341099999.973,4.026500546448632,4.7135,-0.6869994535513682
2005-12-12,484731854962.423,4309,4000,62,4255.0,12077860500000.012,4.013391734094151,4.7135,-0.7001082659058486
2005-12-13,484916704209.423,4308,3998,41,4255.0,12113553800000.004,4.003092009294769,4.7135,-0.7104079907052308
2005-12-14,485523890134.423,4306,3996,79,4252.0,12148236400000.014,3.9966615247495714,4.7135,-0.7168384752504284
2005-12-15,485620690753.423,4309,3996,53,4255.0,12124288999999.973,4.005353969650708,4.7135,-0.7081460303492921
2005-12-16,485595286415.423,4310,3996,16,4256.0,12074768500000.002,4.021570156110429,4.7135,-0.6919298438895707
2005-12-17,485625354851.423,4304,3990,0,4256.0,12074768500000.002,4.02181917484731,4.7135,-0.69168082515269
2005-12-18,485625354851.423,4304,3990,0,4256.0,12074768500000.002,4.02181917484731,4.7135,-0.69168082515269
2005-12-19,485605847986.423,4305,3990,11,4252.0,11986693300000.016,4.0512077504012085,4.7135,-0.6622922495987913
2005-12-20,486055309999.423,4305,3993,12,4252.0,11981455300000.023,4.056730153635193,4.7135,-0.6567698463648064
2005-12-21,485171970637.423,4303,3989,15,4250.0,12030289899999.988,4.032920026619005,4.7135,-0.6805799733809952
2005-12-22,484909901761.423,4303,3989,23,4248.0,12074173600000.02,4.01609184881541,4.7135,-0.6974081511845895
2005-12-23,484933624970.423,4302,3988,13,4246.0,12071424599999.969,4.0172029486099285,4.7135,-0.6962970513900713
2005-12-24,484938301147.423,4300,3986,0,4246.0,12071424599999.969,4.01724168618362,4.7135,-0.6962583138163803
2005-12-25,484938301147.423,4300,3986,0,4246.0,12071424599999.969,4.01724168618362,4.7135,-0.6962583138163803
2005-12-26,484938301147.423,4300,3986,0,4246.0,12071424599999.969,4.01724168618362,4.7135,-0.6962583138163803
2005-12-27,484939604147.423,4301,3987,7,4245.0,11941902999999.986,4.060823506499957,4.7135,-0.6526764935000431
2005-12-28,484947264829.423,4301,3986,7,4245.0,11975352300000.0,4.049544870837937,4.7135,-0.6639551291620629
2005-12-29,484137738396.423,4300,3984,26,4244.0,11933096099999.98,4.057100808870748,4.7135,-0.6563991911292515
2005-12-30,484219243975.423,4299,3982,8,4242.0,11872639200000.004,4.078446551087166,4.7135,-0.6350534489128341
2005-12-31,484214747798.423,4296,3979,0,4242.0,11872639200000.004,4.0784086810152775,4.7135,-0.6350913189847223
2006-01-01,484214747798.423,4296,3979,0,4242.0,11872639200000.004,4.0784086810152775,4.7135,-0.6350913189847223
2006-01-02,484214747798.423,4296,3979,0,4242.0,11872639200000.004,4.0784086810152775,4.7135,-0.6350913189847223
2006-01-03,484299625798.423,4296,3979,5,4239.0,12059418000000.002,4.015945262021956,4.5463,-0.530354737978044
2006-01-04,484049597798.423,4295,3978,9,4238.0,12131732800000.002,3.989946084193537,4.5463,-0.5563539158064628
2006-01-05,483922883547.423,4292,3973,25,4235.0,12134960899999.96,3.987840484491586,4.5463,-0.5584595155084138
2006-01-06,484645760166.423,4290,3971,22,4233.0,12259471900000.023,3.953235213716032,4.5463,-0.5930647862839673
2006-01-07,484632049166.423,4285,3966,0,4233.0,12259471900000.023,3.9531233736619766,4.5463,-0.5931766263380229
2006-01-08,484632049166.423,4285,3966,0,4233.0,12259471900000.023,3.9531233736619766,4.5463,-0.5931766263380229
2006-01-09,485147432851.423,4285,3966,44,4228.0,12313509400000.006,3.939960713810985,4.5463,-0.6063392861890144
2006-01-10,485443987751.423,4284,3966,13,4227.0,12327931900000.0,3.9377568897133752,4.5463,-0.6085431102866243
2006-01-11,485302585390.423,4283,3965,15,4226.0,12362801499999.986,3.925506572199057,4.5463,-0.620793427800943
2006-01-12,485377869174.423,4282,3964,19,4225.0,12285064600000.002,3.95095903015783,4.5463,-0.5953409698421694
2006-01-13,485484538870.423,4282,3967,18,4225.0,12303611499999.988,3.94587019323898,4.5463,-0.6004298067610194
2006-01-14,485484538870.423,4282,3967,0,4225.0,12303611499999.988,3.94587019323898,4.5463,-0.6004298067610194
2006-01-15,485484538870.423,4282,3967,0,4225.0,12303611499999.988,3.94587019323898,4.5463,-0.6004298067610194
2006-01-16,485484538870.423,4282,3967,0,4225.0,12303611499999.988,3.94587019323898,4.5463,-0.6004298067610194
2006-01-17,485509939042.423,4283,3968,45,4225.0,12268062499999.994,3.957511131382182,4.5463,-0.5887888686178178
2006-01-18,485714985192.423,4282,3967,9,4224.0,12209083800000.008,3.97830822647333,4.5463,-0.5679917735266695
2006-01-19,485721708325.423,4282,3965,6,4224.0,12320741399999.99,3.942309091281012,4.5463,-0.6039909087189881
2006-01-20,485631909126.423,4281,3964,6,4223.0,12107095100000.004,4.011134835526507,4.5463,-0.5351651644734927
2006-01-21,485638472126.423,4279,3962,0,4223.0,12107095100000.004,4.011189043409949,4.5463,-0.5351109565900503
2006-01-22,485638472126.423,4279,3962,0,4223.0,12107095100000.004,4.011189043409949,4.5463,-0.5351109565900503
2006-01-23,485655852270.423,4280,3962,8,4222.0,12131994800000.012,4.003099739792359,4.5463,-0.5432002602076409
2006-01-24,485704212739.423,4279,3961,10,4221.0,12188138400000.053,3.985056591902672,4.5463,-0.5612434080973276
2006-01-25,485791657190.423,4278,3961,12,4220.0,12155105299999.992,3.996605913322884,4.5463,-0.5496940866771154
2006-01-26,484345962943.423,4281,3961,15,4223.0,12223735099999.994,3.962340143835604,4.5463,-0.5839598561643955
2006-01-27,484175355915.423,4281,3961,17,4223.0,12327777299999.988,3.927515432286593,4.5463,-0.6187845677134067
2006-01-28,484181989786.423,4278,3958,0,4223.0,12327777299999.988,3.9275692446717336,4.5463,-0.6187307553282659
2006-01-29,484181989786.423,4278,3958,0,4223.0,12327777299999.988,3.9275692446717336,4.5463,-0.6187307553282659
2006-01-30,484575842120.423,4278,3958,23,4220.0,12413742299999.992,3.903543592333339,4.5463,-0.6427564076666608
2006-01-31,484144185589.423,4278,3955,18,4221.0,12388635799999.977,3.9079701220163714,4.5463,-0.6383298779836282
2006-02-01,483995480121.423,4273,3949,24,4216.0,12392159099999.992,3.905659023708171,4.5463,-0.6406409762918286
2006-02-02,483301954396.423,4273,3946,23,4215.0,12279729600000.03,3.935770331591192,4.5463,-0.6105296684088075
2006-02-03,482340890689.423,4276,3946,26,4218.0,12216038299999.988,3.948423202712318,4.6242,-0.675776797287682
2006-02-04,482340890689.423,4276,3946,0,4218.0,12216038299999.988,3.948423202712318,4.6242,-0.675776797287682
2006-02-05,482340890689.423,4276,3946,0,4218.0,12216038299999.988,3.948423202712318,4.6242,-0.675776797287682
2006-02-06,482913491314.423,4280,3946,26,4220.0,12231745199999.99,3.948034261819183,4.6242,-0.676165738180817
2006-02-07,483216554016.423,4281,3947,46,4220.0,12102899000000.008,3.9925686731453567,4.6242,-0.6316313268546434
2006-02-08,482999067261.423,4281,3946,86,4220.0,12199566100000.002,3.9591495574701048,4.6242,-0.6650504425298953
2006-02-09,485785390439.423,4285,3948,205,4223.0,12164403599999.994,3.993499446527927,4.6242,-0.6307005534720731
2006-02-10,485952664433.423,4285,3946,51,4223.0,12176558700000.01,3.990886722645394,4.6242,-0.6333132773546062
2006-02-11,486011324433.423,4282,3943,0,4223.0,12176558700000.01,3.9913684679516432,4.6242,-0.6328315320483568
2006-02-12,486011324433.423,4282,3943,0,4223.0,12176558700000.01,3.9913684679516432,4.6242,-0.6328315320483568
2006-02-13,485794593991.423,4284,3942,55,4222.0,12113074299999.99,4.010497929426746,4.6242,-0.6137020705732539
2006-02-14,485424250061.423,4286,3944,170,4224.0,12225174899999.99,3.970693704033824,4.6242,-0.6535062959661757
2006-02-15,484905836145.423,4284,3943,17,4222.0,12274085800000.014,3.9506472746460872,4.6242,-0.6735527253539129
2006-02-16,485328779145.423,4280,3939,11,4218.0,12376957599999.992,3.921228421639121,4.6242,-0.702971578360879
2006-02-17,485623812848.423,4279,3938,33,4217.0,12363435499999.998,3.9279034767352736,4.6242,-0.6962965232647265
2006-02-18,485634966848.423,4278,3937,0,4217.0,12363435499999.998,3.927993694377449,4.6242,-0.6962063056225509
2006-02-19,485634966848.423,4278,3937,0,4217.0,12363435499999.998,3.927993694377449,4.6242,-0.6962063056225509
2006-02-20,485634966848.423,4278,3937,0,4217.0,12363435499999.998,3.927993694377449,4.6242,-0.6962063056225509
2006-02-21,485907686210.423,4278,3938,41,4216.0,12320493999999.984,3.943897754509061,4.6242,-0.6803022454909389
2006-02-22,492105427365.423,4279,3940,29,4216.0,12382755800000.014,3.974118809364087,4.6242,-0.650081190635913
2006-02-23,492707703850.423,4280,3941,32,4216.0,12352615200000.004,3.988691429895937,4.6242,-0.6355085701040633
2006-02-24,493296790154.423,4280,3943,64,4216.0,12379867299999.996,3.984669449198565,4.6242,-0.6395305508014357
2006-02-25,492995912254.423,4278,3941,0,4216.0,12379867299999.996,3.982239068543353,4.6242,-0.641960931456647
2006-02-26,492995912254.423,4278,3941,0,4216.0,12379867299999.996,3.982239068543353,4.6242,-0.641960931456647
2006-02-27,493556614863.423,4279,3943,60,4215.0,12417542400000.002,3.974672273826284,4.6242,-0.6495277261737162
2006-02-28,491739369068.9213,4278,3943,73,4214.0,12270650400000.008,4.007443395738183,4.6242,-0.6167566042618171
2006-03-01,491413146138.9213,4274,3939,85,4211.0,12412622499999.998,3.958979225694823,4.6242,-0.665220774305177
2006-03-02,494369099379.9213,4273,3939,63,4209.0,12411862100000.008,3.983037318630224,4.6242,-0.6411626813697762
2006-03-03,490567692461.9213,4274,3942,83,4210.0,12394448600000.01,3.957963022751338,4.6594,-0.7014369772486617
2006-03-04,490416092461.9213,4273,3941,0,4210.0,12394448600000.01,3.956739894519559,4.6594,-0.7026601054804411
2006-03-05,490416092461.9213,4273,3941,0,4210.0,12394448600000.01,3.956739894519559,4.6594,-0.7026601054804411
2006-03-06,491442475930.9213,4273,3941,78,4209.0,12298462399999.988,3.995966812330311,4.6594,-0.6634331876696891
2006-03-07,493137846641.9213,4273,3938,82,4209.0,12227759400000.018,4.0329371106363165,4.6594,-0.6264628893636832
2006-03-08,492681790485.9213,4273,3938,78,4209.0,12246733200000.016,4.022965001686496,4.6594,-0.6364349983135043
2006-03-09,492227256755.9213,4272,3936,84,4208.0,12192095600000.01,4.037265396409137,4.6594,-0.6221346035908626
2006-03-10,491721560213.9213,4272,3939,161,4208.0,12271260599999.99,4.007098995305516,4.6594,-0.6523010046944835
2006-03-11,491647310213.9213,4270,3937,0,4208.0,12271260599999.99,4.006493922995342,4.6594,-0.6529060770046575
2006-03-12,491647310213.9213,4270,3937,0,4208.0,12271260599999.99,4.006493922995342,4.6594,-0.6529060770046575
2006-03-13,492792298834.9213,4270,3940,153,4207.0,12299444299999.984,4.006622468585203,4.6594,-0.652777531414797
2006-03-14,492144285628.9213,4268,3943,162,4205.0,12430874099999.982,3.9590481061096265,4.6594,-0.7003518938903732
2006-03-15,494945683906.9213,4271,3950,258,4207.0,12507048299999.996,3.9573340730356135,4.6594,-0.7020659269643863
2006-03-16,505718323551.9213,4270,3957,495,4208.0,12548387599999.986,4.030145861544171,4.6594,-0.6292541384558286
2006-03-17,505932500144.9213,4272,3959,75,4210.0,12580393199999.996,4.021595288014698,4.6594,-0.6378047119853019
2006-03-18,505932500144.9213,4272,3959,0,4210.0,12580393199999.996,4.021595288014698,4.6594,-0.6378047119853019
2006-03-19,505932500144.9213,4272,3959,0,4210.0,12580393199999.996,4.021595288014698,4.6594,-0.6378047119853019
2006-03-20,506136166316.9213,4272,3959,39,4210.0,12561136299999.965,4.0293820099454125,4.6594,-0.6300179900545873
2006-03-21,506164487325.9213,4272,3962,24,4210.0,12483245399999.998,4.054750756769721,4.6594,-0.6046492432302788
2006-03-22,506080434542.9213,4272,3962,39,4211.0,12557924299999.969,4.029968826479728,4.6594,-0.6294311735202713
2006-03-23,506316130389.9213,4270,3964,48,4210.0,12543689500000.027,4.036421105528164,4.6594,-0.622978894471836
2006-03-24,506893358728.9213,4271,3965,46,4211.0,12579987499999.982,4.029362976147011,4.6594,-0.6300370238529887
2006-03-25,506893358728.9213,4271,3965,0,4211.0,12579987499999.982,4.029362976147011,4.6594,-0.6300370238529887
2006-03-26,506893358728.9213,4271,3965,0,4211.0,12579987499999.982,4.029362976147011,4.6594,-0.6300370238529887
2006-03-27,506427193361.9213,4272,3969,32,4212.0,12573623699999.992,4.027694843149486,4.6594,-0.6317051568505141
2006-03-28,495050423350.9213,4272,3972,53,4212.0,12515365500000.002,3.955541077493272,4.6594,-0.7038589225067278
2006-03-29,496896032808.9213,4272,3973,56,4213.0,12645246399999.998,3.9295085053377954,4.6594,-0.7298914946622044
2006-03-30,497001229758.9213,4272,3974,101,4216.0,12651657099999.994,3.92834887817914,4.6594,-0.7310511218208595
2006-03-31,503996679300.9213,4269,3986,403,4229.0,12605266400000.045,3.998302481738264,4.6594,-0.6610975182617356
2006-04-01,502055707300.9213,4264,3981,0,4229.0,12605266400000.045,3.9829043779742688,4.6594,-0.676495622025731
2006-04-02,502055707300.9213,4264,3981,0,4229.0,12605266400000.045,3.9829043779742688,4.6594,-0.676495622025731
2006-04-03,502280111506.9213,4264,3982,44,4224.0,12569464000000.006,3.9960344490976,4.894,-0.8979655509024003
2006-04-04,502323451074.9213,4265,3982,14,4225.0,12622634800000.002,3.979545150707531,4.894,-0.9144548492924692
2006-04-05,502067005128.9213,4264,3980,21,4224.0,12687189999999.96,3.957275055618485,4.894,-0.9367249443815152
2006-04-06,501852470788.9213,4264,3981,36,4224.0,12678286799999.996,3.958361872590873,4.894,-0.9356381274091272
2006-04-07,500360295347.9213,4266,3981,36,4226.0,12549729800000.012,3.987020464360283,4.894,-0.9069795356397172
2006-04-08,500360295347.9213,4266,3981,0,4226.0,12549729800000.012,3.987020464360283,4.894,-0.9069795356397172
2006-04-09,500360295347.9213,4266,3981,0,4226.0,12549729800000.012,3.987020464360283,4.894,-0.9069795356397172
2006-04-10,500604962884.9213,4267,3982,50,4227.0,12542955399999.998,3.9911244752167536,4.894,-0.9028755247832464
2006-04-11,501331280102.9213,4267,3982,28,4227.0,12443573999999.984,4.02883673213919,4.894,-0.8651632678608099
2006-04-12,501015692656.9213,4268,3981,32,4229.0,12467676800000.023,4.018516847155681,4.894,-0.8754831528443194
2006-04-13,501979988740.9213,4267,3982,58,4228.0,12481894900000.023,4.021664921573088,4.894,-0.8723350784269117
2006-04-14,501294036304.9213,4266,3982,46,4228.0,12481894900000.023,4.016169342244023,4.894,-0.8778306577559771
2006-04-15,501294036304.9213,4266,3982,0,4228.0,12481894900000.023,4.016169342244023,4.894,-0.8778306577559771
2006-04-16,501294036304.9213,4266,3982,0,4228.0,12481894900000.023,4.016169342244023,4.894,-0.8778306577559771
2006-04-17,501628650232.9213,4266,3983,66,4227.0,12442301200000.012,4.031638859802887,4.894,-0.8623611401971134
2006-04-18,501629331177.9213,4266,3983,11,4227.0,12662665899999.96,3.961482796272173,4.894,-0.9325172037278272
2006-04-19,501427012746.9213,4266,3983,13,4227.0,12718955400000.016,3.9423600207523393,4.894,-0.9516399792476607
2006-04-20,502033707155.9213,4262,3980,19,4223.0,12709190400000.027,3.950162766905438,4.894,-0.943837233094562
2006-04-21,502080887629.9213,4265,3980,16,4225.0,12706023300000.014,3.9515187071152367,4.894,-0.9424812928847636
2006-04-22,501402104629.9213,4263,3978,0,4225.0,12706023300000.014,3.9461764927656064,4.894,-0.9478235072343936
2006-04-23,501402104629.9213,4263,3978,0,4225.0,12706023300000.014,3.9461764927656064,4.894,-0.9478235072343936
2006-04-24,501365907946.9213,4263,3978,8,4223.0,12637112099999.988,3.9674088825003127,4.894,-0.9265911174996876
2006-04-25,502557716872.9213,4263,3978,21,4223.0,12587033799999.98,3.9926620112271576,4.894,-0.9013379887728424
2006-04-26,499855752719.9213,4264,3978,34,4224.0,12598484400000.023,3.967586392534013,4.894,-0.926413607465987
2006-04-27,498703805817.9213,4264,3980,55,4224.0,12589023499999.988,3.961417705018358,4.894,-0.9325822949816422
2006-04-28,499632506225.9213,4262,3977,80,4223.0,12571784800000.0,3.974236865921546,4.894,-0.9197631340784542
2006-04-29,499627763225.9213,4260,3975,0,4223.0,12571784800000.0,3.974199138581511,4.894,-0.9198008614184894
2006-04-30,499627763225.9213,4260,3975,0,4223.0,12571784800000.0,3.974199138581511,4.894,-0.9198008614184894
2006-05-01,499448737593.9213,4261,3976,60,4221.0,12554357500000.03,3.978289909251989,4.894,-0.9157100907480116
2006-05-02,498557720520.9213,4261,3976,87,4221.0,12613028799999.977,3.952720067688439,4.894,-0.9412799323115616
2006-05-03,499353543302.9213,4259,3975,91,4219.0,12570308800000.0,3.9724842981019,5.2336,-1.2611157018981003
2006-05-04,498302235935.9213,4260,3974,147,4219.0,12647383599999.99,3.939963012871071,5.2336,-1.2936369871289295
2006-05-05,497124403844.9213,4258,3972,244,4218.0,12773430199999.969,3.891863000472047,5.2336,-1.341736999527953
2006-05-06,496978406844.9213,4257,3971,0,4218.0,12773430199999.969,3.8907200263631823,5.2336,-1.3428799736368178
2006-05-07,496978406844.9213,4257,3971,0,4218.0,12773430199999.969,3.8907200263631823,5.2336,-1.3428799736368178
2006-05-08,493398682393.9213,4259,3972,176,4217.0,12775523099999.984,3.8620624653241946,5.2336,-1.3715375346758054
2006-05-09,491273752469.9213,4258,3972,421,4217.0,12791315099999.998,3.8406821239977225,5.2336,-1.3929178760022776
2006-05-10,496928979512.9213,4261,3974,895,4218.0,12761957799999.99,3.893830298615481,5.2336,-1.339769701384519
2006-05-11,496296089282.9213,4260,3975,169,4217.0,12584788899999.965,3.943618706889257,5.2336,-1.2899812931107428
2006-05-12,496760713416.9213,4259,3975,249,4216.0,12411300899999.99,4.00248706738648,5.2336,-1.2311129326135202
2006-05-13,496784989416.9213,4258,3974,0,4216.0,12411300899999.99,4.002682663321149,5.2336,-1.2309173366788508
2006-05-14,496784989416.9213,4258,3974,0,4216.0,12411300899999.99,4.002682663321149,5.2336,-1.2309173366788508
2006-05-15,499131657849.9213,4261,3979,555,4217.0,12402653400000.023,4.024394149802818,5.2336,-1.209205850197182
2006-05-16,499540512220.9213,4260,3978,55,4216.0,12377407499999.98,4.035905840709552,5.2336,-1.1976941592904478
2006-05-17,499395715301.9213,4260,3978,21,4216.0,12171331799999.998,4.103049062403519,5.2336,-1.1305509375964808
2006-05-18,499410596475.9213,4261,3978,15,4217.0,12077320799999.994,4.135110797718659,5.2336,-1.0984892022813408
2006-05-19,499369256439.9213,4260,3976,24,4216.0,12122760899999.97,4.119270028990859,5.2336,-1.1143299710091412
2006-05-20,499520758439.9213,4259,3975,0,4216.0,12122760899999.97,4.120519760807313,5.2336,-1.113080239192687
2006-05-21,499520758439.9213,4259,3975,0,4216.0,12122760899999.97,4.120519760807313,5.2336,-1.113080239192687
2006-05-22,499219983329.9213,4259,3974,65,4215.0,12041165899999.988,4.145943901743948,5.2336,-1.087656098256052
2006-05-23,499258288222.9213,4258,3973,10,4214.0,12000425999999.998,4.160338043190478,5.2336,-1.073261956809522
2006-05-24,499283540222.9213,4261,3973,7,4217.0,11999996799999.998,4.160697278043619,5.2336,-1.072902721956381
2006-05-25,499694618896.9213,4261,3974,12,4217.0,12164066200000.004,4.107957081793267,5.2336,-1.125642918206733
2006-05-26,499736982406.9213,4262,3973,12,4218.0,12235586399999.996,4.084291231084123,5.2336,-1.1493087689158772
2006-05-27,499736982406.9213,4262,3973,0,4218.0,12235586399999.996,4.084291231084123,5.2336,-1.1493087689158772
2006-05-28,499736982406.9213,4262,3973,0,4218.0,12235586399999.996,4.084291231084123,5.2336,-1.1493087689158772
2006-05-29,499736982406.9213,4262,3973,0,4218.0,12235586399999.996,4.084291231084123,5.2336,-1.1493087689158772
2006-05-30,499928245412.9213,4262,3973,16,4218.0,12031755799999.96,4.155073072650984,5.2336,-1.0785269273490163
2006-05-31,500236548194.9213,4262,3973,25,4218.0,12146236399999.996,4.1184489723493405,5.2336,-1.1151510276506595
2006-06-01,500305212578.9213,4263,3974,19,4219.0,12303514999999.98,4.066360000202561,5.2336,-1.167239999797439
2006-06-02,500972189740.9213,4262,3973,27,4218.0,12308313800000.008,4.070193512135846,5.2336,-1.1634064878641537
2006-06-03,500974675743.9213,4261,3972,0,4218.0,12308313800000.008,4.07021370989031,5.0949,-1.02468629010969
2006-06-04,500974675743.9213,4261,3972,0,4218.0,12308313800000.008,4.07021370989031,5.0949,-1.02468629010969
2006-06-05,500721483743.9213,4262,3972,9,4218.0,12067410699999.98,4.14936970483587,5.0949,-0.9455302951641302
2006-06-06,502814811415.9213,4262,3973,26,4218.0,12032245800000.031,4.178894113149849,5.0949,-0.9160058868501508
2006-06-07,502410498397.9213,4262,3973,36,4217.0,11929057199999.998,4.211653024833525,5.0949,-0.8832469751664753
2006-06-08,503320300908.9213,4262,3972,64,4216.0,11916039199999.986,4.223889267743614,5.0949,-0.8710107322563863
2006-06-09,503653973460.9213,4260,3970,81,4214.0,11882391900000.01,4.238658156535982,5.0949,-0.8562418434640175
2006-06-10,503706903460.9213,4259,3969,0,4214.0,11882391900000.01,4.239103605570533,5.0949,-0.8557963944294666
2006-06-11,503706903460.9213,4259,3969,0,4214.0,11882391900000.01,4.239103605570533,5.0949,-0.8557963944294666
2006-06-12,503626833932.9213,4260,3969,17,4214.0,11661657899999.965,4.318655531242457,5.0949,-0.7762444687575432
2006-06-13,503633871272.9213,4258,3967,23,4212.0,11545002699999.99,4.362353863052122,5.0949,-0.7325461369478781
2006-06-14,504618740699.9213,4259,3965,92,4213.0,11638889900000.0,4.335626035090523,5.0949,-0.7592739649094771
2006-06-15,504590762471.9213,4261,3966,13,4216.0,11909297600000.002,4.236948134304085,5.0949,-0.8579518656959149
2006-06-16,504355498487.9213,4260,3967,14,4215.0,11870352799999.998,4.248866962807722,5.0949,-0.846033037192278
2006-06-17,504373470487.9213,4259,3966,0,4215.0,11870352799999.998,4.249018365215913,5.0949,-0.845881634784087
2006-06-18,504373470487.9213,4259,3966,0,4215.0,11870352799999.998,4.249018365215913,5.0949,-0.845881634784087
2006-06-19,504368566929.9213,4261,3967,11,4215.0,11743977999999.986,4.294699521149664,5.0949,-0.8002004788503356
2006-06-20,504314991671.9213,4260,3966,9,4214.0,11723717199999.97,4.301664592113521,5.0949,-0.7932354078864794
2006-06-21,504305961671.9213,4260,3965,8,4214.0,11873433999999.996,4.247347158976261,5.0949,-0.847552841023739
2006-06-22,504270509020.9213,4259,3964,17,4213.0,11811817199999.984,4.2692034636374325,5.0949,-0.8256965363625675
2006-06-23,504303384325.9213,4259,3965,8,4213.0,11835185699999.98,4.261051724147618,5.0949,-0.8338482758523824
2006-06-24,504303384325.9213,4259,3965,0,4213.0,11835185699999.98,4.261051724147618,5.0949,-0.8338482758523824
2006-06-25,504303384325.9213,4259,3965,0,4213.0,11835185699999.98,4.261051724147618,5.0949,-0.8338482758523824
2006-06-26,504340467414.9213,4260,3965,11,4214.0,11893609899999.982,4.240432229200001,5.0949,-0.8544677707999986
2006-06-27,504214077414.9213,4259,3964,10,4213.0,11769556000000.02,4.284053514125091,5.0949,-0.8108464858749089
2006-06-28,504149202985.9213,4262,3964,14,4216.0,11824105000000.02,4.263740917269599,5.0949,-0.8311590827304007
2006-06-29,504236492945.9213,4263,3965,42,4216.0,12107264600000.049,4.164743314075412,5.0949,-0.9301566859245876
2006-06-30,503760215822.9213,4263,3965,30,4221.0,12135420700000.0,4.151155763581574,5.0949,-0.943744236418426
2006-07-01,503765612822.9213,4255,3957,0,4221.0,12135420700000.0,4.15120023669984,5.0949,-0.9436997633001604
2006-07-02,503765612822.9213,4255,3957,0,4221.0,12135420700000.0,4.15120023669984,5.0949,-0.9436997633001604
2006-07-03,503687888552.9213,4255,3957,3,4213.0,12214074499999.994,4.123831802015958,5.1995,-1.075668197984042
2006-07-04,503469941552.9213,4254,3956,0,4213.0,12214074499999.994,4.1220474097560285,5.1995,-1.077452590243971
2006-07-05,503468289552.9213,4254,3956,4,4212.0,12107324500000.023,4.15837776176661,5.1995,-1.04112223823339
2006-07-06,503109400221.9213,4253,3954,18,4211.0,12133173599999.982,4.146560634572327,5.1995,-1.0529393654276724
2006-07-07,503376562296.9213,4252,3952,19,4210.0,12023817899999.986,4.186495225421885,5.1995,-1.013004774578115
2006-07-08,503377834296.9213,4251,3951,0,4210.0,12023817899999.986,4.186505804424416,5.1995,-1.0129941955755832
2006-07-09,503377834296.9213,4251,3951,0,4210.0,12023817899999.986,4.186505804424416,5.1995,-1.0129941955755832
2006-07-10,502830880660.9213,4251,3951,32,4209.0,12018848400000.049,4.183686023204347,5.1995,-1.0158139767956529
2006-07-11,502766079650.9213,4251,3951,16,4209.0,12073515799999.994,4.164206085280657,5.1995,-1.0352939147193423
2006-07-12,502852758105.9213,4251,3951,13,4209.0,11933148300000.004,4.213915267489981,5.1995,-0.9855847325100182
2006-07-13,502791314144.9213,4247,3947,14,4205.0,11756276099999.988,4.276790625433864,5.1995,-0.9227093745661356
2006-07-14,503159998698.9213,4246,3946,38,4204.0,11677636699999.955,4.3087485218556525,5.1995,-0.8907514781443471
2006-07-15,503152286698.9213,4245,3945,0,4204.0,11677636699999.955,4.308682481095881,5.1995,-0.890817518904119
2006-07-16,503152286698.9213,4245,3945,0,4204.0,11677636699999.955,4.308682481095881,5.1995,-0.890817518904119
2006-07-17,503802966481.9213,4245,3945,16,4203.0,11638339099999.996,4.328821854674449,5.1995,-0.8706781453255505
2006-07-18,503813640064.9213,4246,3945,6,4204.0,11652923799999.98,4.3234955339270496,5.1995,-0.87600446607295
2006-07-19,504247514322.9213,4248,3945,8,4206.0,11879366000000.012,4.244734225066563,5.1995,-0.9547657749334366
2006-07-20,504311900858.9213,4247,3943,5,4205.0,11721218699999.955,4.302555167398449,5.1995,-0.8969448326015508
2006-07-21,505345939727.9213,4248,3943,17,4206.0,11602187400000.006,4.35560918217819,5.1995,-0.8438908178218094
2006-07-22,505345939727.9213,4248,3943,0,4206.0,11602187400000.006,4.35560918217819,5.1995,-0.8438908178218094
2006-07-23,505345939727.9213,4248,3943,0,4206.0,11602187400000.006,4.35560918217819,5.1995,-0.8438908178218094
2006-07-24,506668481016.9213,4248,3944,19,4206.0,11827039199999.99,4.283984118501287,5.1995,-0.9155158814987124
2006-07-25,505676167525.9213,4250,3945,21,4210.0,11926727799999.955,4.239856698380617,5.1995,-0.9596433016193826
2006-07-26,506339007044.9213,4248,3942,26,4208.0,11907439099999.99,4.252291385180562,5.1995,-0.947208614819438
2006-07-27,504972563970.9213,4245,3940,66,4206.0,11841075399999.998,4.264583637149388,5.1995,-0.934916362850612
2006-07-28,505096001679.9213,4246,3939,85,4206.0,11979426899999.988,4.216361983726633,5.1995,-0.9831380162733668
2006-07-29,505088235024.9213,4245,3938,0,4206.0,11979426899999.988,4.216297150449842,5.1995,-0.9832028495501576
2006-07-30,505088235024.9213,4245,3938,0,4206.0,11979426899999.988,4.216297150449842,5.1995,-0.9832028495501576
2006-07-31,503997562935.9213,4245,3940,50,4205.0,11979793900000.04,4.20706372031926,5.1995,-0.9924362796807396
2006-08-01,503948467641.9213,4245,3940,67,4205.0,11879847400000.02,4.242044957933723,5.1995,-0.9574550420662762
2006-08-02,505608272332.9213,4244,3939,85,4204.0,11959983799999.998,4.227499642038992,5.1995,-0.972000357961008
2006-08-03,505643381757.9213,4243,3939,128,4203.0,12003280700000.0,4.212543173783492,5.0442,-0.8316568262165083
2006-08-04,506716331707.9213,4243,3941,276,4203.0,11971495399999.988,4.232690359701611,5.0442,-0.8115096402983895
2006-08-05,506732591603.9213,4241,3939,0,4203.0,11971495399999.988,4.232826181463694,5.0442,-0.811373818536306
2006-08-06,506732591603.9213,4241,3939,0,4203.0,11971495399999.988,4.232826181463694,5.0442,-0.811373818536306
2006-08-07,509101952322.9213,4241,3940,181,4201.0,11932246200000.008,4.26660616777184,5.0442,-0.7775938322281597
2006-08-08,500538441004.9213,4241,3944,379,4202.0,11875784299999.98,4.21478218499575,5.0442,-0.8294178150042502
2006-08-09,501381701074.7851,4240,3946,883,4200.0,11827647000000.008,4.239065480012929,5.0442,-0.805134519987071
2006-08-10,499835326211.7851,4238,3949,174,4198.0,11884547199999.99,4.205758265756945,5.0442,-0.8384417342430552
2006-08-11,501333006735.7851,4237,3957,238,4196.0,11805585599999.998,4.2465746615380535,5.0442,-0.7976253384619465
2006-08-12,501346608735.7851,4236,3956,0,4196.0,11805585599999.998,4.24668987818601,5.0442,-0.79751012181399
2006-08-13,501346608735.7851,4236,3956,0,4196.0,11805585599999.998,4.24668987818601,5.0442,-0.79751012181399
2006-08-14,504596120454.7851,4236,3974,529,4195.0,11830805099999.984,4.265103821673014,5.0442,-0.7790961783269861
2006-08-15,503974140194.7851,4236,3975,51,4195.0,11999526500000.0,4.199950224659157,5.0442,-0.8442497753408427
2006-08-16,504070267823.7851,4236,3974,22,4194.0,12124116699999.992,4.157583437181741,5.0442,-0.8866165628182587
2006-08-17,504018104595.7851,4236,3974,15,4194.0,12143022500000.01,4.150680809458969,5.0442,-0.8935191905410313
2006-08-18,504122159414.7851,4235,3975,19,4193.0,12183280700000.014,4.137819457896792,5.0442,-0.906380542103208
2006-08-19,504122159414.7851,4235,3975,0,4193.0,12183280700000.014,4.137819457896792,5.0442,-0.906380542103208
2006-08-20,504122159414.7851,4235,3975,0,4193.0,12183280700000.014,4.137819457896792,5.0442,-0.906380542103208
2006-08-21,504122856632.7851,4235,3975,46,4193.0,12131098799999.994,4.155624028326151,5.0442,-0.8885759716738493
2006-08-22,504152211645.7851,4235,3975,7,4193.0,12149769899999.969,4.149479502865205,5.0442,-0.8947204971347951
2006-08-23,504211681248.7851,4233,3973,12,4192.0,12068176099999.982,4.178027210332022,5.0442,-0.8661727896679778
2006-08-24,504596935248.7851,4233,3973,6,4191.0,12086783399999.984,4.174782641085351,5.0442,-0.8694173589146494
2006-08-25,504052877982.7851,4233,3975,18,4191.0,12088711699999.98,4.169616171612281,5.0442,-0.8745838283877188
2006-08-26,504052877982.7851,4233,3975,0,4191.0,12088711699999.98,4.169616171612281,5.0442,-0.8745838283877188
2006-08-27,504052877982.7851,4233,3975,0,4191.0,12088711699999.98,4.169616171612281,5.0442,-0.8745838283877188
2006-08-28,504041269943.7851,4234,3975,8,4192.0,12158464400000.0,4.145599751427369,5.0442,-0.898600248572631
2006-08-29,504695797798.7851,4231,3972,18,4189.0,12203451100000.027,4.135680912416521,5.0442,-0.9085190875834792
2006-08-30,504102641281.7851,4230,3971,14,4188.0,12218426599999.994,4.12575741365738,5.0442,-0.9184425863426204
2006-08-31,504325703010.7851,4230,3970,18,4187.0,12213970300000.0,4.129088990913832,5.0442,-0.9151110090861678
2006-09-01,503748863863.7851,4229,3969,28,4186.0,12282369900000.02,4.101397922104464,5.0442,-0.9428020778955356
2006-09-02,503855736863.7851,4228,3968,0,4186.0,12282369900000.02,4.102268055481575,5.0442,-0.9419319445184255
2006-09-03,503855736863.7851,4228,3968,0,4186.0,12282369900000.02,4.102268055481575,4.8716,-0.7693319445184255
2006-09-04,503855736863.7851,4228,3968,0,4186.0,12282369900000.02,4.102268055481575,4.8716,-0.7693319445184255
2006-09-05,503940896251.7851,4228,3968,12,4185.0,12316447300000.03,4.091609243939881,4.8716,-0.7799907560601191
2006-09-06,503822419645.7851,4229,3969,37,4186.0,12150673099999.996,4.146456871148852,4.8716,-0.7251431288511476
2006-09-07,505566447147.7851,4228,3969,57,4185.0,12093794999999.994,4.1803788401224375,4.8716,-0.6912211598775624
2006-09-08,505507570396.7851,4226,3967,50,4183.0,12128657799999.984,4.167877260060761,4.8716,-0.7037227399392387
2006-09-09,505508093396.7851,4225,3966,0,4183.0,12128657799999.984,4.167881572161973,4.8716,-0.7037184278380266
2006-09-10,505508093396.7851,4225,3966,0,4183.0,12128657799999.984,4.167881572161973,4.8716,-0.7037184278380266
2006-09-11,505768988836.7851,4225,3966,61,4182.0,12119216900000.002,4.173281103969556,4.8716,-0.6983188960304441
2006-09-12,505812637934.7851,4226,3968,25,4182.0,12270168199999.965,4.1222958780205365,4.8716,-0.7493041219794634
2006-09-13,505766753337.7851,4225,3967,58,4181.0,12325390899999.951,4.103454060331564,4.8716,-0.768145939668436
2006-09-14,505877236276.7851,4225,3968,50,4180.0,12295915600000.002,4.114189237577273,4.8716,-0.7574107624227269
2006-09-15,505807105276.7851,4225,3968,17,4180.0,12319141899999.996,4.105863130586922,4.8716,-0.765736869413078
2006-09-16,505758047276.7851,4224,3967,0,4180.0,12319141899999.996,4.10546490479816,4.8716,-0.7661350952018395
2006-09-17,505758047276.7851,4224,3967,0,4180.0,12319141899999.996,4.10546490479816,4.8716,-0.7661350952018395
2006-09-18,505704251492.7851,4224,3967,9,4180.0,12340062300000.004,4.098068868686221,4.8716,-0.7735311313137787
2006-09-19,505663964538.7851,4222,3965,8,4179.0,12295477000000.012,4.112601443106149,4.8716,-0.7589985568938511
2006-09-20,505762095323.7851,4219,3962,5,4176.0,12353855900000.006,4.093961427247868,4.8716,-0.7776385727521324
2006-09-21,505765977323.7851,4221,3961,4,4178.0,12286877599999.98,4.116310048728621,4.8716,-0.7552899512713793
2006-09-22,505897569420.7851,4224,3961,8,4180.0,12236265200000.002,4.134411612955112,4.8716,-0.7371883870448883
2006-09-23,505897569420.7851,4224,3961,0,4180.0,12236265200000.002,4.134411612955112,4.8716,-0.7371883870448883
2006-09-24,505897569420.7851,4224,3961,0,4180.0,12236265200000.002,4.134411612955112,4.8716,-0.7371883870448883
2006-09-25,505862453806.7851,4224,3961,15,4179.0,12333674500000.014,4.101474007659149,4.8716,-0.7701259923408506
2006-09-26,505890993715.7851,4224,3961,8,4179.0,12433178099999.969,4.06887916868002,4.8716,-0.8027208313199798
2006-09-27,505923682315.7851,4223,3960,19,4177.0,12456808899999.977,4.06142284414258,4.8716,-0.8101771558574198
2006-09-28,505926635929.7851,4224,3961,50,4178.0,12475700700000.006,4.055296356458638,4.8716,-0.816303643541362
2006-09-29,505671466339.7851,4223,3958,20,4176.0,12440440900000.018,4.064739106953874,4.8716,-0.8068608930461263
2006-09-30,505893951393.7851,4221,3956,0,4176.0,12440440900000.018,4.066527508633431,4.8716,-0.8050724913665688
2006-10-01,505893951393.7851,4221,3956,0,4176.0,12440440900000.018,4.066527508633431,4.8716,-0.8050724913665688
2006-10-02,505832407212.7851,4221,3956,5,4174.0,12377216999999.969,4.086802446889204,4.8716,-0.7847975531107965
2006-10-03,505931428479.7851,4222,3956,7,4175.0,12364187799999.982,4.091909931033124,4.7538,-0.6618900689668763
2006-10-04,505820081888.7851,4223,3956,11,4175.0,12524552299999.996,4.038628046519357,4.7538,-0.7151719534806427
2006-10-05,506423854674.7851,4222,3954,21,4174.0,12594804100000.002,4.020895050481849,4.7538,-0.7329049495181508
2006-10-06,507080256825.7851,4217,3949,19,4169.0,12552220899999.984,4.039765240474582,4.7538,-0.7140347595254184
2006-10-07,507080256825.7851,4217,3949,0,4169.0,12552220899999.984,4.039765240474582,4.7538,-0.7140347595254184
2006-10-08,507080256825.7851,4217,3949,0,4169.0,12552220899999.984,4.039765240474582,4.7538,-0.7140347595254184
2006-10-09,507080256825.7851,4217,3949,0,4169.0,12577142500000.023,4.031760448176398,4.7538,-0.7220395518236025
2006-10-10,507260921709.7851,4217,3949,42,4169.0,12608885199999.996,4.023043383008875,4.7538,-0.7307566169911253
2006-10-11,507320012072.7851,4217,3949,13,4169.0,12570359200000.014,4.035843399548873,4.7538,-0.7179566004511271
2006-10-12,507792917506.7851,4216,3947,15,4168.0,12722111299999.998,3.9914201780862046,4.7538,-0.7623798219137954
2006-10-13,507829513344.7851,4215,3945,31,4167.0,12762741399999.994,3.979000258869034,4.7538,-0.7747997411309662
2006-10-14,507837010344.7851,4213,3943,0,4167.0,12762741399999.994,3.979059000167357,4.7538,-0.7747409998326429
2006-10-15,507837010344.7851,4213,3943,0,4167.0,12762741399999.994,3.979059000167357,4.7538,-0.7747409998326429
2006-10-16,507928264034.7851,4213,3944,29,4166.0,12831144400000.02,3.9585577731849417,4.7538,-0.7952422268150583
2006-10-17,508598614034.7851,4214,3944,10,4166.0,12764359500000.035,3.9845212290893537,4.7538,-0.7692787709106463
2006-10-18,508611668438.7851,4217,3944,7,4168.0,12770392100000.008,3.9827412068168586,4.7538,-0.7710587931831414
2006-10-19,508765787438.7851,4218,3943,8,4169.0,12812459600000.004,3.970867447174506,4.7538,-0.782932552825494
2006-10-20,507735176095.7851,4219,3943,13,4170.0,12811026100000.004,3.963267049278629,4.7538,-0.7905329507213716
2006-10-21,507695832095.7851,4217,3941,0,4170.0,12811026100000.004,3.9629599388278898,4.7538,-0.7908400611721103
2006-10-22,507695832095.7851,4217,3941,0,4170.0,12811026100000.004,3.9629599388278898,4.7538,-0.7908400611721103
2006-10-23,508155548905.7851,4218,3942,12,4168.0,12884945200000.008,3.943792860723884,4.7538,-0.8100071392761161
2006-10-24,509840637887.7851,4217,3941,21,4167.0,12889856899999.99,3.9553630567286246,4.7538,-0.7984369432713754
2006-10-25,509760194310.7851,4220,3940,32,4169.0,12932665900000.002,3.94164821276938,4.7538,-0.8121517872306203
2006-10-26,511178754552.7851,4220,3940,46,4170.0,13005556899999.99,3.930464173762413,4.7538,-0.8233358262375869
2006-10-27,512200283902.7851,4220,3939,56,4168.0,12890029599999.99,3.973616041213633,4.7538,-0.7801839587863668
2006-10-28,512107197902.7851,4218,3937,0,4168.0,12890029599999.99,3.972893886161328,4.7538,-0.7809061138386721
2006-10-29,512107197902.7851,4218,3937,0,4168.0,12890029599999.99,3.972893886161328,4.7538,-0.7809061138386721
2006-10-30,510426224808.7851,4218,3938,50,4167.0,12890555700000.008,3.959691394908481,4.7538,-0.7941086050915187
2006-10-31,508129914670.7851,4217,3937,81,4167.0,12879567799999.988,3.945240419253708,4.7538,-0.8085595807462922
2006-11-01,507022132665.7851,4213,3933,87,4162.0,12755856299999.996,3.97481847350213,4.7538,-0.7789815264978701
2006-11-02,508241700512.7851,4213,3934,131,4162.0,12743659099999.984,3.988192845748563,4.7538,-0.7656071542514371
2006-11-03,511005398990.7851,4213,3934,212,4162.0,12724048799999.984,4.0160597229930906,4.8086,-0.7925402770069097
2006-11-04,510994775169.7851,4210,3931,0,4162.0,12724048799999.984,4.015976228964052,4.8086,-0.7926237710359478
2006-11-05,510994775169.7851,4210,3931,0,4162.0,12724048799999.984,4.015976228964052,4.8086,-0.7926237710359478
2006-11-06,509946573365.7851,4212,3931,155,4161.0,12873861400000.027,3.9611003841146215,4.8086,-0.8474996158853787
2006-11-07,502704346402.7851,4212,3936,251,4161.0,12899699700000.023,3.897023636936169,4.8086,-0.9115763630638312
2006-11-08,498328842384.7851,4213,3938,404,4162.0,12927706300000.002,3.854735177459786,4.8086,-0.9538648225402137
2006-11-09,501239676327.9449,4213,3941,791,4162.0,12857376299999.965,3.898460032844696,4.8086,-0.910139967155304
2006-11-10,500733751327.9449,4213,3938,0,4161.0,12867619200000.027,3.891425006794915,4.8086,-0.917174993205085
2006-11-11,500733751327.9449,4213,3938,0,4161.0,12867619200000.027,3.891425006794915,4.8086,-0.917174993205085
2006-11-12,500733751327.9449,4213,3938,0,4161.0,12867619200000.027,3.891425006794915,4.8086,-0.917174993205085
2006-11-13,502349040908.9449,4213,3954,328,4162.0,12909675499999.992,3.891260015861322,4.8086,-0.9173399841386782
2006-11-14,505803651810.9449,4213,3977,548,4165.0,13016383500000.012,3.8859000413666704,4.8086,-0.9226999586333298
2006-11-15,505841682197.9449,4212,3976,35,4166.0,13078397700000.05,3.867764949508631,4.8086,-0.9408350504913696
2006-11-16,505663381784.9449,4212,3974,16,4167.0,13095363400000.018,3.861392512291367,4.8086,-0.9472074877086332
2006-11-17,505570275599.9449,4216,3975,24,4171.0,13110585100000.012,3.8561991836653,4.8086,-0.9524008163347002
2006-11-18,505414114601.9449,4214,3973,0,4171.0,13110585100000.012,3.855008077419401,4.8086,-0.9535919225805992
2006-11-19,505414114601.9449,4214,3973,0,4171.0,13110585100000.012,3.855008077419401,4.8086,-0.9535919225805992
2006-11-20,505312460128.9449,4214,3973,71,4168.0,13086169800000.031,3.8614236850949593,4.8086,-0.947176314905041
2006-11-21,505045301620.9449,4215,3973,13,4169.0,13121306599999.998,3.849047332077012,4.8086,-0.959552667922988
2006-11-22,506216836832.9449,4214,3971,20,4168.0,13161776599999.998,3.846113273438671,4.8086,-0.9624867265613296
2006-11-23,506216379832.9449,4213,3970,0,4168.0,13161776599999.998,3.8461098012630375,4.8086,-0.9624901987369628
2006-11-24,506281015891.9449,4213,3970,3,4167.0,13126855600000.002,3.856833893197887,4.8086,-0.951766106802113
2006-11-25,506281015891.9449,4213,3970,0,4167.0,13126855600000.002,3.856833893197887,4.8086,-0.951766106802113
2006-11-26,506281015891.9449,4213,3970,0,4167.0,13126855600000.002,3.856833893197887,4.8086,-0.951766106802113
2006-11-27,506364837106.9449,4215,3970,5,4168.0,12928232699999.98,3.916736717671748,4.8086,-0.8918632823282522
2006-11-28,506575279600.9449,4215,3969,8,4168.0,12977232399999.988,3.9035694513796746,4.8086,-0.9050305486203256
2006-11-29,506589352597.9449,4214,3966,20,4167.0,13117234800000.004,3.862013300226544,4.8086,-0.9465866997734564
2006-11-30,506570070223.9449,4209,3961,15,4163.0,13146311199999.986,3.8533248035688175,4.8086,-0.9552751964311827
2006-12-01,506560339964.9449,4205,3957,26,4160.0,13098959099999.984,3.867180102615524,4.8086,-0.9414198973844768
2006-12-02,505530166964.9449,4202,3954,0,4160.0,13098959099999.984,3.859315561684176,4.8086,-0.949284438315824
2006-12-03,505530166964.9449,4202,3954,0,4160.0,13098959099999.984,3.859315561684176,4.5463,-0.6869844383158235
2006-12-04,505518104964.9449,4202,3954,4,4155.0,13202949700000.018,3.8288270155641375,4.5463,-0.717472984435862
2006-12-05,505037674964.9449,4202,3953,17,4154.0,13246338999999.998,3.8126585388230287,4.5463,-0.7336414611769708
2006-12-06,504323779964.9449,4202,3953,36,4154.0,13224241399999.992,3.813631078792506,4.5463,-0.7326689212074937
2006-12-07,504358705137.9449,4200,3951,60,4152.0,13165231799999.97,3.83098993470017,4.5463,-0.7153100652998297
2006-12-08,503857889514.9449,4203,3952,53,4154.0,13186930000000.012,3.820888482117858,4.5463,-0.7254115178821414
2006-12-09,503857889514.9449,4203,3952,0,4154.0,13186930000000.012,3.820888482117858,4.5463,-0.7254115178821414
2006-12-10,503857889514.9449,4203,3952,0,4154.0,13186930000000.012,3.820888482117858,4.5463,-0.7254115178821414
2006-12-11,503646050793.9449,4205,3953,48,4156.0,13199563599999.977,3.815626531728259,4.5463,-0.7306734682717404
2006-12-12,504136078780.9449,4204,3952,25,4155.0,13161637400000.002,3.8303446862997834,4.5463,-0.715955313700217
2006-12-13,504202862547.9449,4208,3950,38,4159.0,13178005999999.984,3.826093739431789,4.5463,-0.7202062605682111
2006-12-14,504316462345.9449,4210,3949,69,4159.0,13285820399999.98,3.7959000435226846,4.5463,-0.7503999564773149
2006-12-15,503862035771.9449,4214,3948,35,4162.0,13276886399999.973,3.7950316105133353,4.5463,-0.7512683894866643
2006-12-16,503853491690.9449,4210,3944,0,4162.0,13276886399999.973,3.794967257465921,4.5463,-0.7513327425340783
2006-12-17,503853491690.9449,4210,3944,0,4162.0,13276886399999.973,3.794967257465921,4.5463,-0.7513327425340783
2006-12-18,503836648426.9449,4210,3945,13,4158.0,13189202300000.016,3.820069151770796,4.5463,-0.7262308482292039
2006-12-19,503723238620.9449,4211,3945,8,4158.0,13213439699999.98,3.812203711202812,4.5463,-0.7340962887971876
2006-12-20,503761261412.9449,4209,3941,12,4156.0,13196157500000.02,3.817484456463513,4.5463,-0.7288155435364865
2006-12-21,503816500365.9449,4209,3940,19,4155.0,13138717000000.01,3.834594354729952,4.5463,-0.7117056452700479
2006-12-22,505164432799.9449,4208,3938,28,4153.0,13068811600000.002,3.865419812157556,4.5463,-0.680880187842444
2006-12-23,505170257713.9449,4206,3936,0,4153.0,13068811600000.002,3.865464383264541,4.5463,-0.6808356167354583
2006-12-24,505170257713.9449,4206,3936,0,4153.0,13068811600000.002,3.865464383264541,4.5463,-0.6808356167354583
2006-12-25,505170257713.9449,4206,3936,0,4153.0,13068811600000.002,3.865464383264541,4.5463,-0.6808356167354583
2006-12-26,505219239854.9449,4206,3936,7,4151.0,13118685200000.002,3.8511423374572993,4.5463,-0.6951576625427003
2006-12-27,505218877031.9449,4206,3935,8,4152.0,13217058299999.988,3.8224759667735246,4.5463,-0.7238240332264749
2006-12-28,505256207467.9449,4206,3935,12,4151.0,13204534099999.977,3.826384207436336,4.5463,-0.7199157925636634
2006-12-29,505866504146.9449,4205,3934,25,4149.0,13139496499999.99,3.849968711867653,4.5463,-0.6963312881323471
2006-12-30,503833658517.9449,4200,3930,0,4149.0,13139496499999.99,3.834497452150813,4.5463,-0.7118025478491865
2006-12-31,503833658517.9449,4200,3930,0,4149.0,13139496499999.99,3.834497452150813,4.5463,-0.7118025478491865
2007-01-01,503833658517.9449,4200,3930,0,4149.0,13139496499999.99,3.834497452150813,4.5463,-0.7118025478491865
2007-01-02,503833658517.9449,4200,3930,0,4149.0,13139496499999.99,3.834497452150813,4.5463,-0.7118025478491865
2007-01-03,503487601517.9449,4201,3930,7,4145.0,13032393799999.977,3.8633547239644175,4.7631,-0.8997452760355822
2007-01-04,502945161136.9449,4199,3928,18,4143.0,13063268800000.004,3.850071286422161,4.7631,-0.9130287135778392
2007-01-05,502072396323.9449,4200,3928,19,4144.0,12980416700000.004,3.867922023827977,4.7631,-0.8951779761720227
2007-01-06,502040144323.9449,4198,3926,0,4144.0,12980416700000.004,3.867673557228288,4.7631,-0.8954264427717118
2007-01-07,502040144323.9449,4198,3926,0,4144.0,12980416700000.004,3.867673557228288,4.7631,-0.8954264427717118
2007-01-08,502026233367.9449,4199,3926,19,4144.0,13008441399999.982,3.859234307408616,4.7631,-0.903865692591384
2007-01-09,501385091828.9449,4197,3924,36,4143.0,13017020100000.012,3.8517655191217264,4.7631,-0.9113344808782732
2007-01-10,501180032693.9449,4196,3922,10,4140.0,13047288500000.01,3.8412581487252657,4.7631,-0.921841851274734
2007-01-11,501000528108.9449,4196,3922,13,4140.0,13159057399999.977,3.807267594325912,4.7631,-0.955832405674088
2007-01-12,500652513937.9449,4195,3921,24,4141.0,13248899200000.018,3.778823480957152,4.7631,-0.9842765190428476
2007-01-13,500510896937.9449,4193,3919,0,4141.0,13248899200000.018,3.77775458460688,4.7631,-0.9853454153931196
2007-01-14,500510896937.9449,4193,3919,0,4141.0,13248899200000.018,3.77775458460688,4.7631,-0.9853454153931196
2007-01-15,500510896937.9449,4193,3919,0,4141.0,13248899200000.018,3.77775458460688,4.7631,-0.9853454153931196
2007-01-16,500253708589.9449,4194,3920,43,4138.0,13250154999999.984,3.775455521765183,4.7631,-0.9876444782348166
2007-01-17,500256178839.9449,4194,3920,13,4138.0,13240764299999.98,3.778151831008318,4.7631,-0.9849481689916816
2007-01-18,500283145720.9449,4193,3919,1,4137.0,13174807199999.969,3.79727109570868,4.7631,-0.9658289042913196
2007-01-19,500245865720.9449,4193,3919,8,4137.0,13235217299999.986,3.7796573670229456,4.7631,-0.983442632977054
2007-01-20,500246490720.9449,4192,3918,0,4137.0,13235217299999.986,3.779662089272576,4.7631,-0.983437910727424
2007-01-21,500246490720.9449,4192,3918,0,4137.0,13235217299999.986,3.779662089272576,4.7631,-0.983437910727424
2007-01-22,500236082742.9449,4192,3918,6,4137.0,13149475700000.016,3.804228352183991,4.7631,-0.9588716478160092
2007-01-23,500277146387.9449,4192,3917,8,4137.0,13216662800000.01,3.785200197344405,4.7631,-0.9778998026555952
2007-01-24,500258551387.9449,4189,3914,4,4135.0,13330495199999.994,3.7527379432081793,4.7631,-1.0103620567918203
2007-01-25,499822397387.9449,4190,3913,8,4136.0,13194512999999.973,3.788107961149804,4.7631,-0.9749920388501954
2007-01-26,500218002577.9449,4187,3910,21,4132.0,13178516200000.004,3.795708067482929,4.7631,-0.9673919325170705
2007-01-27,499952945577.9449,4184,3907,0,4132.0,13178516200000.004,3.793696786425355,4.7631,-0.9694032135746448
2007-01-28,499952945577.9449,4184,3907,0,4132.0,13178516200000.004,3.793696786425355,4.7631,-0.9694032135746448
2007-01-29,499929299338.9449,4185,3906,21,4130.0,13188312800000.01,3.7906994391196474,4.7631,-0.9724005608803532
2007-01-30,500520105398.9449,4181,3901,17,4126.0,13256157999999.992,3.775755429280076,4.7631,-0.9873445707199237
2007-01-31,500318471012.9449,4183,3900,17,4127.0,13344016800000.002,3.749384300932121,4.7631,-1.0137156990678786
2007-02-01,499924973470.9449,4183,3899,18,4127.0,13416936999999.994,3.72607379367545,4.7631,-1.0370262063245494
2007-02-02,500850894853.9449,4184,3897,30,4126.0,13436509599999.986,3.727537208427592,4.7631,-1.0355627915724075
2007-02-03,500850894853.9449,4184,3897,0,4126.0,13436509599999.986,3.727537208427592,4.922,-1.1944627915724078
2007-02-04,500850894853.9449,4184,3897,0,4126.0,13436509599999.986,3.727537208427592,4.922,-1.1944627915724078
2007-02-05,502322085048.9449,4184,3897,33,4126.0,13418222200000.0,3.7435815085022575,4.922,-1.1784184914977414
2007-02-06,501418506048.9449,4186,3898,45,4128.0,13435742099999.969,3.731974775319229,4.922,-1.1900252246807712
2007-02-07,500816836876.9449,4183,3894,78,4124.0,13453865500000.002,3.7224754244565994,4.922,-1.1995245755434012
2007-02-08,501708008583.9449,4186,3894,106,4127.0,13449313500000.027,3.730361468516172,4.922,-1.1916385314838274
2007-02-09,502214982790.9449,4190,3894,151,4128.0,13353741199999.984,3.7608560422823336,4.922,-1.161143957717666
2007-02-10,502168626790.9449,4188,3892,0,4128.0,13353741199999.984,3.760508903609316,4.922,-1.1614910963906842
2007-02-11,502168626790.9449,4188,3892,0,4128.0,13353741199999.984,3.760508903609316,4.922,-1.1614910963906842
2007-02-12,502444736404.9449,4189,3892,26,4127.0,13277897099999.986,3.7840686113235913,4.922,-1.1379313886764084
2007-02-13,504513576841.9449,4188,3893,68,4126.0,13377410600000.012,3.771384402613346,4.922,-1.1506155973866536
2007-02-14,504451078861.9449,4188,3894,130,4126.0,13468908400000.004,3.745300390207901,4.922,-1.1766996097920988
2007-02-15,504341266780.9449,4188,3892,19,4126.0,13491295800000.04,3.738271506736538,4.922,-1.183728493263461
2007-02-16,503197167140.9449,4187,3892,28,4125.0,13484511300000.04,3.731667807204429,4.922,-1.1903321927955712
2007-02-17,503127048140.9449,4184,3889,0,4125.0,13484511300000.04,3.7311478106065543,4.922,-1.190852189393445
2007-02-18,503127048140.9449,4184,3889,0,4125.0,13484511300000.04,3.7311478106065543,4.922,-1.190852189393445
2007-02-19,503127048140.9449,4184,3889,0,4125.0,13484511300000.04,3.7311478106065543,4.922,-1.190852189393445
2007-02-20,504164830879.9449,4185,3893,46,4123.0,13536955000000.004,3.7243592143132975,4.922,-1.1976407856867013
2007-02-21,505516534452.9449,4184,3893,29,4122.0,13539263699999.977,3.73370772335977,4.922,-1.188292276640229
2007-02-22,506150952947.9449,4184,3893,26,4121.0,13533687900000.006,3.739933687608864,4.922,-1.1820663123911357
2007-02-23,509415025751.9449,4185,3897,86,4123.0,13539603200000.012,3.7624073484808216,4.922,-1.159592651519178
2007-02-24,509410791751.9449,4184,3896,0,4123.0,13539603200000.012,3.7623760772542014,4.922,-1.1596239227457974
2007-02-25,509410791751.9449,4184,3896,0,4123.0,13539603200000.012,3.7623760772542014,4.922,-1.1596239227457974
2007-02-26,510125527798.9449,4184,3897,66,4122.0,13608030299999.965,3.7487095233683183,4.922,-1.1732904766316814
2007-02-27,507298681713.9449,4182,3898,121,4121.0,13137013400000.008,3.8615982664213817,4.922,-1.060401733578618
2007-02-28,495201573541.9449,4181,3899,255,4120.0,13193515800000.023,3.753370830404009,4.922,-1.1686291695959912
2007-03-01,485956987776.6354,4181,3902,375,4121.0,13181403899999.988,3.68668611828696,4.922,-1.23531388171304
2007-03-02,485963217834.6354,4180,3902,47,4120.0,13006608700000.01,3.7362792180765383,4.922,-1.185720781923461
2007-03-03,485937657834.6354,4178,3900,0,4120.0,13006608700000.01,3.736082702592837,4.6382,-0.9021172974071634
2007-03-04,485937657834.6354,4178,3900,0,4120.0,13006608700000.01,3.736082702592837,4.6382,-0.9021172974071634
2007-03-05,486210627764.6354,4178,3900,29,4119.0,12865145100000.027,3.779286000937793,4.6382,-0.8589139990622074
2007-03-06,486492991605.6354,4180,3901,33,4120.0,13067353000000.027,3.722965099401802,4.6382,-0.915234900598198
2007-03-07,486507034785.6354,4181,3901,53,4121.0,13054499600000.02,3.726738287123888,4.6382,-0.9114617128761128
2007-03-08,486964759718.6354,4179,3899,66,4119.0,13149670899999.99,3.7032467460355663,4.6382,-0.934953253964434
2007-03-09,485935192546.6354,4178,3901,100,4118.0,13165896600000.01,3.690862896087419,4.6382,-0.9473371039125812
2007-03-10,485935192546.6354,4178,3901,0,4118.0,13165896600000.01,3.690862896087419,4.6382,-0.9473371039125812
2007-03-11,485935192546.6354,4178,3901,0,4118.0,13165896600000.01,3.690862896087419,4.6382,-0.9473371039125812
2007-03-12,486008004281.6354,4178,3901,91,4118.0,13213328599999.988,3.678164821252049,4.6382,-0.9600351787479516
2007-03-13,486146992075.6354,4177,3903,76,4117.0,12973290599999.986,3.7472913161725994,4.6382,-0.8909086838274018
2007-03-14,484729217502.6354,4177,3907,125,4117.0,13049476799999.992,3.714549057649849,4.6382,-0.9236509423501512
2007-03-15,489199442089.6354,4177,3909,180,4119.0,13097676600000.023,3.735009322872077,4.6382,-0.903190677127923
2007-03-16,488536046045.6354,4177,3920,388,4119.0,13058433599999.994,3.741153502864506,4.6382,-0.8970464971354941
2007-03-17,488535949370.6354,4176,3919,0,4119.0,13058433599999.994,3.7411527625383463,4.6382,-0.8970472374616536
2007-03-18,488535949370.6354,4176,3919,0,4119.0,13058433599999.994,3.7411527625383463,4.6382,-0.8970472374616536
2007-03-19,488810369934.6354,4177,3921,57,4119.0,13229498799999.994,3.694851765167669,4.6382,-0.9433482348323312
2007-03-20,484941835728.6354,4176,3921,32,4118.0,13283309699999.977,3.65076059115475,4.6382,-0.9874394088452504
2007-03-21,485006532968.6354,4179,3922,14,4121.0,13510141000000.023,3.589944272000081,4.6382,-1.0482557279999192
2007-03-22,484819576834.6354,4180,3924,32,4122.0,13534612599999.996,3.582072063404574,4.6382,-1.0561279365954257
2007-03-23,483353904557.6354,4179,3925,42,4121.0,13518004099999.998,3.5756306994879186,4.6382,-1.0625693005120818
2007-03-24,483353904557.6354,4179,3925,0,4121.0,13518004099999.998,3.5756306994879186,4.6382,-1.0625693005120818
2007-03-25,483353904557.6354,4179,3925,0,4121.0,13518004099999.998,3.5756306994879186,4.6382,-1.0625693005120818
2007-03-26,483387129160.6354,4179,3927,28,4121.0,13532773399999.98,3.571973865760852,4.6382,-1.0662261342391486
2007-03-27,484022752413.6354,4178,3925,45,4119.0,13444933700000.014,3.6000382241649502,4.6382,-1.03816177583505
2007-03-28,483858225221.6354,4176,3924,48,4120.0,13352955900000.023,3.623603858540674,4.6382,-1.014596141459327
2007-03-29,484889330420.6354,4177,3924,73,4120.0,13381153300000.0,3.623673681555053,4.6382,-1.0145263184449471
2007-03-30,483657988628.6354,4176,3929,182,4121.0,13385755799999.98,3.6132288370944,4.6382,-1.0249711629056
2007-03-31,483704071628.6354,4173,3926,0,4121.0,13385755799999.98,3.613573106037361,4.6382,-1.024626893962639
2007-04-01,483704071628.6354,4173,3926,0,4121.0,13385755799999.98,3.613573106037361,4.6382,-1.024626893962639
2007-04-02,482874318060.6354,4174,3931,269,4125.0,13386867600000.023,3.6070747279269018,4.6382,-1.0311252720730986
2007-04-03,483687863469.6354,4167,3925,22,4118.0,13502851000000.031,3.5821165727862527,4.8482,-1.2660834272137476
2007-04-04,481849778184.6354,4167,3925,30,4118.0,13526558800000.02,3.5622495367013425,4.8482,-1.2859504632986578
2007-04-05,481591554764.6354,4169,3924,23,4118.0,13574762900000.0,3.547697726378966,4.8482,-1.300502273621034
2007-04-06,481755793691.6354,4167,3922,19,4118.0,13574762900000.0,3.5489076106930417,4.8482,-1.2992923893069586
2007-04-07,481755793691.6354,4167,3922,0,4118.0,13574762900000.0,3.5489076106930417,4.8482,-1.2992923893069586
2007-04-08,481755793691.6354,4167,3922,0,4118.0,13574762900000.0,3.5489076106930417,4.8482,-1.2992923893069586
2007-04-09,481922712810.6354,4168,3922,39,4116.0,13582170899999.988,3.5482009198591062,4.8482,-1.299999080140894
2007-04-10,480354602278.6354,4167,3922,22,4116.0,13614355199999.977,3.5282949153452114,4.8482,-1.3199050846547888
2007-04-11,479948160008.6354,4166,3922,11,4115.0,13525732199999.998,3.5484079746058814,4.8482,-1.2997920253941189
2007-04-12,480087888716.6354,4165,3921,19,4115.0,13633197900000.014,3.521462038753468,4.8482,-1.3267379612465322
2007-04-13,479950202934.6354,4166,3921,26,4115.0,13686386400000.04,3.5067708079221998,4.8482,-1.341429192077801
2007-04-14,480081073798.6354,4163,3918,0,4115.0,13686386400000.04,3.5077270198847668,4.8482,-1.3404729801152335
2007-04-15,480081073798.6354,4163,3918,0,4115.0,13686386400000.04,3.5077270198847668,4.8482,-1.3404729801152335
2007-04-16,480044358429.6354,4163,3919,47,4112.0,13798678100000.014,3.478915552277685,4.8482,-1.3692844477223152
2007-04-17,480109178226.6354,4163,3919,45,4112.0,13816974899999.988,3.4747778128093425,4.8482,-1.3734221871906578
2007-04-18,480664109826.6354,4163,3918,14,4112.0,13783233999999.982,3.4873100886674058,4.8482,-1.3608899113325943
2007-04-19,480540047699.6354,4165,3919,17,4114.0,13755462299999.98,3.4934489093807928,4.8482,-1.3547510906192075
2007-04-20,479902768548.6354,4159,3912,18,4110.0,13882289699999.994,3.456942470726826,4.8482,-1.391257529273174
2007-04-21,479708720548.6354,4157,3910,0,4110.0,13882289699999.994,3.4555446609692613,4.8482,-1.392655339030739
2007-04-22,479708720548.6354,4157,3910,0,4110.0,13882289699999.994,3.4555446609692613,4.8482,-1.392655339030739
2007-04-23,479518522670.6354,4157,3910,20,4107.0,13856573100000.006,3.4605852342426227,4.8482,-1.3876147657573776
2007-04-24,480204747704.6354,4158,3909,16,4108.0,13845765999999.97,3.4682425494164533,4.8482,-1.379957450583547
2007-04-25,479727629251.6354,4158,3909,30,4108.0,13964818799999.96,3.43525853161544,4.8482,-1.412941468384561
2007-04-26,484032327251.6354,4157,3908,45,4107.0,13962432399999.994,3.466676245119265,4.8482,-1.3815237548807353
2007-04-27,482680370720.6354,4158,3908,60,4107.0,13952068300000.02,3.459561409405046,4.8482,-1.3886385905949536
2007-04-28,482465370720.6354,4157,3907,0,4107.0,13952068300000.02,3.4580204192423194,4.8482,-1.3901795807576809
2007-04-29,482465370720.6354,4157,3907,0,4107.0,13952068300000.02,3.4580204192423194,4.8482,-1.3901795807576809
2007-04-30,482686768720.6354,4158,3907,74,4108.0,13812918700000.0,3.494458913456397,4.8482,-1.3537410865436033
2007-05-01,480836229582.6354,4164,3911,80,4113.0,13829093000000.01,3.476990353471736,4.8482,-1.3712096465282646
2007-05-02,481132509218.6354,4165,3910,104,4114.0,13949045699999.969,3.4492145166506734,4.8482,-1.398985483349327
2007-05-03,485112258570.6354,4165,3910,123,4114.0,13994648300000.004,3.4664126469733096,4.8382,-1.37178735302669
2007-05-04,481427081969.6354,4166,3911,206,4114.0,14012554999999.984,3.435683799061884,4.8382,-1.4025162009381158
2007-05-05,481396617577.6354,4164,3909,0,4114.0,14012554999999.984,3.435466391230121,4.8382,-1.402733608769878
2007-05-06,481396617577.6354,4164,3909,0,4114.0,14012554999999.984,3.435466391230121,4.8382,-1.402733608769878
2007-05-07,481077032596.6354,4164,3909,153,4114.0,14032510699999.98,3.42830333702604,4.8382,-1.40989666297396
2007-05-08,483989842002.6354,4162,3908,266,4111.0,14036156000000.006,3.448165167177077,4.8382,-1.390034832822923
2007-05-09,489709870844.6354,4162,3909,446,4111.0,14074519400000.023,3.4794074094255363,4.8382,-1.358792590574463
2007-05-10,483167665013.81696,4163,3909,841,4112.0,13888009899999.984,3.479027366000204,4.8382,-1.3591726339997958
2007-05-11,483417917467.81696,4163,3908,154,4112.0,14030418999999.996,3.4454987942114705,4.8382,-1.392701205788529
2007-05-12,483364654467.81696,4162,3907,0,4112.0,14030418999999.996,3.445119169055586,4.8382,-1.3930808309444136
2007-05-13,483364654467.81696,4162,3907,0,4112.0,14030418999999.996,3.445119169055586,4.8382,-1.3930808309444136
2007-05-14,481438121788.81696,4163,3908,182,4113.0,13993860099999.994,3.4403525428185264,4.8382,-1.3978474571814732
2007-05-15,481480788198.81696,4165,3907,477,4117.0,13962890100000.0,3.448288891128757,4.8382,-1.3899111088712428
2007-05-16,481354315529.81696,4165,3904,24,4115.0,14060585899999.951,3.423429997535299,4.8382,-1.4147700024647007
2007-05-17,481359504700.81696,4166,3904,16,4116.0,14050790499999.98,3.425853546822278,4.8382,-1.4123464531777217
2007-05-18,481289598617.81696,4168,3904,22,4117.0,14156172299999.97,3.3998568851681608,4.8382,-1.4383431148318389
2007-05-19,481289598617.81696,4168,3904,0,4117.0,14156172299999.97,3.3998568851681608,4.8382,-1.4383431148318389
2007-05-20,481289598617.81696,4168,3904,0,4117.0,14156172299999.97,3.3998568851681608,4.8382,-1.4383431148318389
2007-05-21,481197849559.81696,4168,3905,57,4119.0,14213239299999.994,3.3855607395551077,4.8382,-1.4526392604448923
2007-05-22,482780473623.81696,4168,3905,13,4119.0,14226738900000.01,3.393472509879384,4.8382,-1.4447274901206155
2007-05-23,482829680923.81696,4170,3905,7,4122.0,14205185599999.96,3.398967775006181,4.8382,-1.4392322249938188
2007-05-24,483015331392.81696,4170,3903,12,4120.0,14052612499999.99,3.4371924180846607,4.8382,-1.401007581915339
2007-05-25,482323285859.81696,4170,3903,22,4121.0,14156294099999.986,3.4071295951658525,4.8382,-1.4310704048341472
2007-05-26,482199002859.81696,4168,3901,0,4121.0,14156294099999.986,3.4062516605939788,4.8382,-1.4319483394060208
2007-05-27,482199002859.81696,4168,3901,0,4121.0,14156294099999.986,3.4062516605939788,4.8382,-1.4319483394060208
2007-05-28,482199002859.81696,4168,3901,0,4121.0,14156294099999.986,3.4062516605939788,4.8382,-1.4319483394060208
2007-05-29,482267186425.81696,4168,3901,13,4120.0,14194012699999.98,3.39768039256311,4.8382,-1.4405196074368898
2007-05-30,481568909829.81696,4167,3899,37,4118.0,14315241099999.984,3.364029333951054,4.8382,-1.4741706660489458
2007-05-31,482133030967.81696,4168,3899,21,4120.0,14345166199999.96,3.360944197131841,4.8382,-1.4772558028681586
2007-06-01,480699614967.81696,4165,3895,17,4116.0,14413362899999.996,3.335096870195484,4.8382,-1.5031031298045154
2007-06-02,480699828424.81696,4161,3891,0,4116.0,14413362899999.996,3.3350983511614563,4.8382,-1.5031016488385434
2007-06-03,480699828424.81696,4161,3891,0,4116.0,14413362899999.996,3.3350983511614563,5.0572,-1.7221016488385437
2007-06-04,480466727286.81696,4161,3892,19,4112.0,14458616799999.994,3.323047660318497,5.0572,-1.7341523396815028
2007-06-05,480403404658.81696,4161,3891,22,4111.0,14388044199999.943,3.338906928426164,5.0572,-1.7182930715738365
2007-06-06,479047117061.81696,4163,3891,22,4112.0,14249905399999.984,3.361756472164492,5.0572,-1.6954435278355078
2007-06-07,478960251273.81696,4164,3890,26,4113.0,13998644200000.016,3.421475997467072,5.0572,-1.6357240025329285
2007-06-08,476969843389.81696,4162,3888,55,4113.0,14147908500000.023,3.371309924642332,5.0572,-1.6858900753576678
2007-06-09,476256175389.81696,4160,3886,0,4113.0,14147908500000.023,3.3662655889371647,5.0572,-1.6909344110628353
2007-06-10,476256175389.81696,4160,3886,0,4113.0,14147908500000.023,3.3662655889371647,5.0572,-1.6909344110628353
2007-06-11,476400645988.81696,4161,3886,50,4110.0,14140044899999.98,3.3691593581065478,5.0572,-1.6880406418934526
2007-06-12,476349943736.81696,4161,3885,28,4110.0,13989038200000.031,3.4051657942918188,5.0572,-1.6520342057081812
2007-06-13,476462975535.81696,4162,3885,43,4111.0,14175486499999.965,3.361175473842243,5.0572,-1.696024526157757
2007-06-14,475677885796.81696,4161,3885,74,4110.0,14263195000000.018,3.3350023315029795,5.0572,-1.7221976684970204
2007-06-15,476158995219.81696,4160,3883,17,4109.0,14367712799999.992,3.314090432123736,5.0572,-1.7431095678762645
2007-06-16,476110300730.81696,4155,3878,0,4109.0,14367712799999.992,3.313751516043787,5.0572,-1.7434484839562128
2007-06-17,476110300730.81696,4155,3878,0,4109.0,14367712799999.992,3.313751516043787,5.0572,-1.7434484839562128
2007-06-18,476019398767.81696,4158,3879,10,4106.0,14347581899999.996,3.317767426494475,5.0572,-1.7394325735055247
2007-06-19,476512936047.81696,4157,3878,17,4104.0,14353016200000.01,3.3199498238413234,5.0572,-1.7372501761586765
2007-06-20,476481085948.81696,4159,3878,9,4105.0,14183676899999.988,3.359362239482608,5.0572,-1.697837760517392
2007-06-21,477359127582.81696,4159,3878,8,4105.0,14274413300000.006,3.344159353875628,5.0572,-1.7130406461243717
2007-06-22,477362287239.81696,4158,3877,12,4104.0,14125059699999.986,3.3795417320594927,5.0572,-1.6776582679405072
2007-06-23,477303668239.81696,4156,3875,0,4104.0,14125059699999.986,3.379126732043599,5.0572,-1.678073267956401
2007-06-24,477303668239.81696,4156,3875,0,4104.0,14125059699999.986,3.379126732043599,5.0572,-1.678073267956401
2007-06-25,477298683239.81696,4156,3875,9,4102.0,14066087200000.01,3.3932583841782,5.0572,-1.6639416158217997
2007-06-26,477313010365.81696,4156,3874,9,4101.0,14009097400000.004,3.407164621225468,5.0572,-1.650035378774532
2007-06-27,477502452481.81696,4158,3872,14,4102.0,14139175299999.994,3.3771591507307868,5.0572,-1.6800408492692132
2007-06-28,477279307395.81696,4159,3872,15,4103.0,14145013900000.004,3.374187616710768,5.0572,-1.683012383289232
2007-06-29,476679356585.81696,4157,3869,56,4102.0,14135887500000.014,3.372121888956859,5.0572,-1.6850781110431408
2007-06-30,476623859585.81696,4156,3868,0,4102.0,14135887500000.014,3.3717292924538094,5.0572,-1.6854707075461903
2007-07-01,476623859585.81696,4156,3868,0,4102.0,14135887500000.014,3.3717292924538094,5.0572,-1.6854707075461903
2007-07-02,476454082028.81696,4156,3868,9,4099.0,14284486299999.99,3.3354652874623656,5.0572,-1.7217347125376343
2007-07-03,475706686690.81696,4157,3867,15,4099.0,14332932399999.988,3.3189766993585863,5.139,-1.820023300641414
2007-07-04,475706686690.81696,4157,3867,0,4099.0,14332932399999.988,3.3189766993585863,5.139,-1.820023300641414
2007-07-05,475624614677.81696,4157,3866,12,4099.0,14374596299999.996,3.308785893888492,5.139,-1.8302141061115085
2007-07-06,475827838110.81696,4158,3866,7,4100.0,14436279000000.023,3.296055985831364,5.139,-1.8429440141686368
2007-07-07,475594077110.81696,4157,3865,0,4100.0,14436279000000.023,3.294436725078645,5.139,-1.8445632749213556
2007-07-08,475594077110.81696,4157,3865,0,4100.0,14436279000000.023,3.294436725078645,5.139,-1.8445632749213556
2007-07-09,475424527287.81696,4157,3864,16,4099.0,14453518200000.018,3.289334269408651,5.139,-1.849665730591349
2007-07-10,475685586189.81696,4157,3864,30,4099.0,14270964700000.03,3.333240577561067,5.139,-1.8057594224389333
2007-07-11,475612864816.81696,4155,3862,10,4098.0,14346668999999.977,3.3151448940295323,5.139,-1.823855105970468
2007-07-12,475874471650.81696,4154,3861,15,4097.0,14594436000000.03,3.260656812300359,5.139,-1.8783431876996413
2007-07-13,475810757301.81696,4152,3859,13,4095.0,14647723300000.045,3.2483598137180505,5.139,-1.8906401862819495
2007-07-14,475796997301.81696,4150,3857,0,4095.0,14647723300000.045,3.248265874204597,5.139,-1.8907341257954031
2007-07-15,475796997301.81696,4150,3857,0,4095.0,14647723300000.045,3.248265874204597,5.139,-1.8907341257954031
2007-07-16,475708701501.81696,4150,3857,32,4094.0,14610679899999.982,3.255897088689333,5.139,-1.8831029113106676
2007-07-17,476166932129.81696,4149,3856,8,4093.0,14612975399999.99,3.258521410566511,5.139,-1.8804785894334888
2007-07-18,476080068051.81696,4148,3854,6,4091.0,14602361999999.998,3.260294930722968,5.139,-1.878705069277032
2007-07-19,476372038019.81696,4149,3853,12,4092.0,14688038799999.99,3.2432651118801323,5.139,-1.895734888119868
2007-07-20,477302468019.81696,4150,3851,13,4092.0,14525850800000.006,3.285883041149072,5.139,-1.8531169588509289
2007-07-21,477302468019.81696,4149,3851,0,4092.0,14525850800000.006,3.285883041149072,5.139,-1.8531169588509289
2007-07-22,477302468019.81696,4149,3851,0,4092.0,14525850800000.006,3.285883041149072,5.139,-1.8531169588509289
2007-07-23,477373047641.81696,4149,3851,12,4091.0,14578348000000.01,3.274534588156468,5.139,-1.8644654118435329
2007-07-24,477267036443.81696,4149,3851,17,4091.0,14316724700000.004,3.333632841622056,5.139,-1.805367158377944
2007-07-25,480454793014.81696,4150,3849,32,4091.0,14336743500000.045,3.3512128679348656,5.139,-1.7877871320651346
2007-07-26,481119224409.81696,4154,3850,51,4096.0,14009555700000.02,3.434221860510653,5.139,-1.7047781394893473
2007-07-27,489020667255.81696,4154,3849,63,4094.0,13774997799999.977,3.550059857402067,5.139,-1.588940142597933
2007-07-28,489020667255.81696,4154,3849,0,4094.0,13774997799999.977,3.550059857402067,5.139,-1.588940142597933
2007-07-29,489020667255.81696,4154,3849,0,4094.0,13774997799999.977,3.550059857402067,5.139,-1.588940142597933
2007-07-30,490597600302.81696,4154,3850,55,4094.0,13903696500000.004,3.528540775489574,5.139,-1.6104592245104263
2007-07-31,489026424561.81696,4152,3849,90,4093.0,13739839700000.006,3.559185807399316,5.139,-1.5798141926006846
2007-08-01,487142425009.81696,4150,3847,106,4090.0,13797821900000.016,3.5305748149265246,5.139,-1.6084251850734756
2007-08-02,486789907770.81696,4150,3846,130,4092.0,13878940099999.977,3.5073997312721152,5.139,-1.631600268727885
2007-08-03,498305397763.81696,4151,3845,174,4092.0,13532738200000.0,3.682221516439422,4.8652,-1.1829784835605777
2007-08-04,498634922763.81696,4150,3844,0,4092.0,13532738200000.0,3.684656537313468,4.8652,-1.180543462686532
2007-08-05,498634922763.81696,4150,3844,0,4092.0,13532738200000.0,3.684656537313468,4.8652,-1.180543462686532
2007-08-06,501140081287.81696,4150,3844,142,4092.0,13722035500000.004,3.65208267598358,4.8652,-1.21311732401642
2007-08-07,498708931755.81696,4151,3846,279,4093.0,13795999599999.965,3.6148807351068513,4.8652,-1.2503192648931485
2007-08-08,500553409725.72485,4156,3850,445,4097.0,13996621200000.002,3.576244599130287,4.8652,-1.2889554008697126
2007-08-09,500871678582.72485,4157,3853,803,4101.0,13657727000000.002,3.6673135916593207,4.8652,-1.197886408340679
2007-08-10,500268684938.72485,4156,3857,154,4101.0,13654212299999.986,3.663841413530133,4.8652,-1.2013585864698664
2007-08-11,500205055938.72485,4155,3856,0,4101.0,13654212299999.986,3.6633754108153527,4.8652,-1.201824589184647
2007-08-12,500205055938.72485,4155,3856,0,4101.0,13654212299999.986,3.6633754108153527,4.8652,-1.201824589184647
2007-08-13,499791411945.72485,4155,3864,151,4101.0,13664436400000.01,3.657607217124041,4.8652,-1.2075927828759587
2007-08-14,498667329432.72485,4155,3876,493,4108.0,13423429199999.994,3.714902667589032,4.8652,-1.1502973324109682
2007-08-15,498738368638.72485,4156,3877,29,4109.0,13223484400000.014,3.771610821719004,4.8652,-1.0935891782809954
2007-08-16,498800348767.72485,4152,3873,20,4106.0,13178324300000.0,3.785005873377428,4.8652,-1.0801941266225716
2007-08-17,498794451152.72485,4151,3872,12,4104.0,13448844199999.98,3.708827641506365,4.8652,-1.1563723584936343
2007-08-18,498714961152.72485,4147,3868,0,4104.0,13448844199999.98,3.708236586997756,4.8652,-1.156963413002244
2007-08-19,498714961152.72485,4147,3868,0,4104.0,13448844199999.98,3.708236586997756,4.8652,-1.156963413002244
2007-08-20,498758528678.72485,4147,3868,43,4100.0,13485520300000.004,3.69847449400024,4.8652,-1.1667255059997594
2007-08-21,498940837264.72485,4145,3865,13,4097.0,13493472499999.992,3.69764593409684,4.8652,-1.1675540659031602
2007-08-22,499501280677.72485,4145,3865,11,4097.0,13674058899999.992,3.652911577539901,4.8652,-1.2122884224600994
2007-08-23,500013317677.72485,4145,3866,12,4097.0,13654000699999.998,3.662027918877468,4.8652,-1.2031720811225315
2007-08-24,499193211949.72485,4143,3864,19,4095.0,13832294900000.01,3.608896539284486,4.8652,-1.2563034607155137
2007-08-25,499224519949.72485,4142,3863,0,4095.0,13832294900000.01,3.609122879166815,4.8652,-1.256077120833185
2007-08-26,499224519949.72485,4142,3863,0,4095.0,13832294900000.01,3.609122879166815,4.8652,-1.256077120833185
2007-08-27,499113837783.72485,4143,3863,9,4095.0,13740351100000.012,3.6324678616380073,4.8652,-1.2327321383619925
2007-08-28,499609897786.72485,4142,3862,16,4094.0,13433811499999.996,3.719047999048706,4.8652,-1.146152000951293
2007-08-29,500236824440.72485,4142,3862,33,4093.0,13732680700000.004,3.642674255440343,4.8652,-1.222525744559657
2007-08-30,500470677129.72485,4142,3862,20,4093.0,13702327200000.023,3.652450199333468,4.8652,-1.2127498006665318
2007-08-31,500881628376.72485,4139,3859,24,4091.0,13858835400000.02,3.6141682466098426,4.8652,-1.2510317533901572
2007-09-01,500867199922.72485,4134,3854,0,4091.0,13858835400000.02,3.6140641364621744,4.8652,-1.2511358635378254
2007-09-02,500867199922.72485,4134,3854,0,4091.0,13858835400000.02,3.6140641364621744,4.8652,-1.2511358635378254
2007-09-03,500867199922.72485,4134,3854,0,4091.0,13858835400000.02,3.6140641364621744,4.8224,-1.2083358635378256
2007-09-04,501633395648.72485,4135,3854,4,4087.0,13999281099999.96,3.5832796846169925,4.8224,-1.2391203153830077
2007-09-05,502056795071.72485,4134,3852,15,4086.0,13869536100000.0,3.6198528303461055,4.8224,-1.2025471696538943
2007-09-06,501995267177.72485,4133,3852,27,4085.0,13940703399999.982,3.600932124972442,4.8224,-1.221467875027558
2007-09-07,501187397957.72485,4131,3850,57,4083.0,13692473800000.0,3.66031299587168,4.8224,-1.16208700412832
2007-09-08,501192123254.72485,4129,3848,0,4083.0,13692473800000.0,3.6603475060490887,4.8224,-1.1620524939509114
2007-09-09,501192123254.72485,4129,3848,0,4083.0,13692473800000.0,3.6603475060490887,4.8224,-1.1620524939509114
2007-09-10,500408083737.72485,4129,3849,58,4082.0,13649324899999.998,3.666174608663062,4.8224,-1.156225391336938
2007-09-11,500579775243.72485,4130,3850,18,4083.0,13838252600000.04,3.617362608655687,4.8224,-1.205037391344313
2007-09-12,500050437241.72485,4131,3851,42,4084.0,13837373899999.994,3.613766895767159,4.8224,-1.2086331042328409
2007-09-13,500329823781.72485,4128,3848,63,4080.0,13920132099999.969,3.594289337108561,4.8224,-1.228110662891439
2007-09-14,500442673813.72485,4128,3848,36,4080.0,13936164299999.986,3.59096422115033,4.8224,-1.23143577884967
2007-09-15,500189395420.72485,4126,3846,0,4080.0,13936164299999.986,3.5891468029027567,4.8224,-1.2332531970972431
2007-09-16,500189395420.72485,4126,3846,0,4080.0,13936164299999.986,3.5891468029027567,4.8224,-1.2332531970972431
2007-09-17,500173532976.72485,4126,3846,15,4078.0,13859350999999.996,3.608924638511031,4.8224,-1.2134753614889688
2007-09-18,500533018068.72485,4125,3846,15,4078.0,14226509700000.004,3.5183121413731206,4.8224,-1.3040878586268794
2007-09-19,500427199153.72485,4124,3845,10,4076.0,14316024600000.006,3.4955737583304005,4.8224,-1.3268262416695995
2007-09-20,500432063184.72485,4125,3845,8,4078.0,14254961799999.992,3.510581579985189,4.8224,-1.311818420014811
2007-09-21,500455786012.72485,4122,3843,13,4075.0,14323472000000.012,3.493955837053505,4.8224,-1.3284441629464951
2007-09-22,500458458012.72485,4121,3842,0,4075.0,14323472000000.012,3.493974491748401,4.8224,-1.3284255082515992
2007-09-23,500458458012.72485,4121,3842,0,4075.0,14323472000000.012,3.493974491748401,4.8224,-1.3284255082515992
2007-09-24,500497640635.72485,4121,3842,7,4074.0,14276816000000.018,3.5056670943698105,4.8224,-1.3167329056301895
2007-09-25,500473263010.72485,4120,3840,15,4073.0,14275548400000.016,3.505807615844196,4.8224,-1.316592384155804
2007-09-26,500978240324.72485,4119,3840,11,4072.0,14338400199999.977,3.4939619018635413,4.8224,-1.3284380981364587
2007-09-27,500885851355.72485,4119,3840,20,4072.0,14399796399999.986,3.4784231487865016,4.8224,-1.3439768512134984
2007-09-28,501515321762.72485,4119,3841,55,4073.0,14362524200000.002,3.4918327362172508,4.8224,-1.3305672637827493
2007-09-29,501393381762.72485,4114,3836,0,4073.0,14362524200000.002,3.4909837211116748,4.8224,-1.3314162788883253
2007-09-30,501393381762.72485,4114,3836,0,4073.0,14362524200000.002,3.4909837211116748,4.8224,-1.3314162788883253
2007-10-01,501420526286.72485,4116,3836,10,4069.0,14533900699999.984,3.450006551143737,4.8224,-1.372393448856263
2007-10-02,501515550187.72485,4113,3833,11,4066.0,14530988699999.98,3.451351869730142,4.8224,-1.371048130269858
2007-10-03,500844312187.72485,4113,3833,4,4066.0,14441822999999.986,3.468013090783105,4.796,-1.3279869092168952
2007-10-04,500982758187.72485,4113,3833,13,4066.0,14470318399999.986,3.4621405302852586,4.796,-1.3338594697147417
2007-10-05,502728278881.72485,4110,3831,16,4064.0,14628902400000.018,3.4365413421701705,4.796,-1.3594586578298298
2007-10-06,502728278881.72485,4110,3831,0,4064.0,14628902400000.018,3.4365413421701705,4.796,-1.3594586578298298
2007-10-07,502728278881.72485,4110,3831,0,4064.0,14628902400000.018,3.4365413421701705,4.796,-1.3594586578298298
2007-10-08,502728278881.72485,4111,3831,0,4063.0,14584775799999.97,3.446938683018534,4.796,-1.3490613169814665
2007-10-09,502744009955.72485,4113,3831,25,4065.0,14701651700000.0,3.4196430456567333,4.796,-1.376356954343267
2007-10-10,503894379152.72485,4114,3829,40,4066.0,14718247099999.998,3.423603203079292,4.796,-1.3723967969207087
2007-10-11,504332002077.72485,4114,3828,18,4066.0,14613454299999.969,3.451148453502373,4.796,-1.3448515464976274
2007-10-12,504529452351.72485,4114,3828,24,4066.0,14703074999999.994,3.4314553408162927,4.796,-1.3645446591837076
2007-10-13,504310489351.72485,4109,3823,0,4066.0,14703074999999.994,3.429966108121771,4.796,-1.366033891878229
2007-10-14,504310489351.72485,4109,3823,0,4066.0,14703074999999.994,3.429966108121771,4.796,-1.366033891878229
2007-10-15,504293876712.72485,4111,3823,29,4062.0,14605058299999.96,3.4528713706861844,4.796,-1.3431286293138158
2007-10-16,504158261964.72485,4112,3823,10,4062.0,14537877900000.049,3.467894457723593,4.796,-1.3281055422764068
2007-10-17,508081410001.72485,4111,3822,6,4061.0,14577286200000.023,3.485432082699481,4.796,-1.3105679173005194
2007-10-18,508417477089.72485,4113,3822,11,4063.0,14604564300000.016,3.481223175481684,4.796,-1.314776824518317
2007-10-19,509152986230.72485,4113,3821,12,4062.0,14245867299999.969,3.5740399338882374,4.796,-1.2219600661117629
2007-10-20,509152986230.72485,4113,3821,0,4062.0,14245867299999.969,3.5740399338882374,4.796,-1.2219600661117629
2007-10-21,509152986230.72485,4113,3821,0,4062.0,14245867299999.969,3.5740399338882374,4.796,-1.2219600661117629
2007-10-22,509762272369.72485,4114,3821,12,4062.0,14298215600000.008,3.565216014575445,4.796,-1.230783985424555
2007-10-23,509915454366.72485,4110,3816,13,4060.0,14435190899999.98,3.5324469063081496,4.796,-1.2635530936918506
2007-10-24,512918403366.72485,4109,3816,30,4059.0,14392102900000.01,3.563887827446846,4.796,-1.2321121725531543
2007-10-25,513628187379.72485,4111,3815,47,4061.0,14348335100000.012,3.5797058251010907,4.796,-1.2162941748989096
2007-10-26,512990238324.72485,4109,3811,51,4059.0,14503536499999.998,3.537001050224716,4.796,-1.2589989497752847
2007-10-27,513011024324.72485,4107,3810,0,4059.0,14503536499999.998,3.5371443669943874,4.796,-1.2588556330056129
2007-10-28,513011024324.72485,4107,3810,0,4059.0,14503536499999.998,3.5371443669943874,4.796,-1.2588556330056129
2007-10-29,514252078127.72485,4107,3810,57,4057.0,14566322499999.988,3.530418045651023,4.796,-1.2655819543489772
2007-10-30,514948730035.72485,4105,3809,78,4057.0,14470356399999.986,3.558645798355909,4.796,-1.237354201644091
2007-10-31,515379762999.72485,4103,3807,88,4056.0,14655944799999.998,3.5165236361952243,4.796,-1.279476363804776
2007-11-01,516776525098.72485,4105,3806,119,4056.0,14315202500000.012,3.60998403689172,4.796,-1.18601596310828
2007-11-02,513631576995.72485,4106,3807,181,4057.0,14355991000000.02,3.577820416547517,4.796,-1.2181795834524831
2007-11-03,513566509995.72485,4104,3805,0,4057.0,14355991000000.02,3.577367177199568,4.6159,-1.0385328228004318
2007-11-04,513566509995.72485,4104,3805,0,4057.0,14355991000000.02,3.577367177199568,4.6159,-1.0385328228004318
2007-11-05,512172408117.72485,4104,3808,125,4056.0,14271591099999.988,3.588754782343261,4.6159,-1.0271452176567388
2007-11-06,511968424739.72485,4102,3808,214,4054.0,14430525899999.955,3.547815431589548,4.6159,-1.0680845684104523
2007-11-07,516783810602.72485,4101,3807,313,4051.0,14062808599999.99,3.6748264539611615,4.6159,-0.9410735460388384
2007-11-08,521436945690.14014,4100,3805,425,4051.0,14015604800000.01,3.7204027448757673,4.6159,-0.8954972551242326
2007-11-09,525141029014.14014,4102,3810,702,4052.0,13773450300000.006,3.812705005470851,4.6159,-0.8031949945291488
2007-11-10,525129250014.14014,4101,3809,0,4052.0,13773450300000.006,3.8126194858679674,4.6159,-0.8032805141320334
2007-11-11,525129250014.14014,4101,3809,0,4052.0,13773450300000.006,3.8126194858679674,4.6159,-0.8032805141320334
2007-11-12,525129250014.14014,4101,3809,1,4051.0,13582604499999.988,3.866189654672936,4.6159,-0.7497103453270642
2007-11-13,524706402800.14014,4101,3821,267,4051.0,13928717400000.006,3.7670834128642734,4.6159,-0.8488165871357265
2007-11-14,523183662422.14014,4099,3835,490,4050.0,13832998199999.977,3.782142199817109,4.6159,-0.8337578001828909
2007-11-15,523903619236.14014,4098,3832,28,4050.0,13691955399999.965,3.826360836934522,4.6159,-0.789539163065478
2007-11-16,522932695401.14014,4098,3830,15,4052.0,13774948700000.006,3.796258750503658,4.6159,-0.8196412494963417
2007-11-17,522931607401.14014,4097,3829,0,4052.0,13774948700000.006,3.7962508521076375,4.6159,-0.8196491478923624
2007-11-18,522931607401.14014,4097,3829,0,4052.0,13774948700000.006,3.7962508521076375,4.6159,-0.8196491478923624
2007-11-19,523433700706.14014,4097,3831,70,4049.0,13515130399999.947,3.872945988787072,4.6159,-0.7429540112129276
2007-11-20,524023757561.14014,4097,3831,10,4048.0,13579060600000.02,3.859057507712569,4.6159,-0.7568424922874311
2007-11-21,523278978088.14014,4096,3829,26,4046.0,13384711099999.982,3.90952762580091,4.6159,-0.7063723741990899
2007-11-22,523143326088.14014,4094,3827,0,4046.0,13384711099999.982,3.908514141094467,4.6159,-0.7073858589055328
2007-11-23,523117274088.14014,4094,3827,3,4045.0,13575119599999.986,3.853500296882399,4.6159,-0.7623997031176013
2007-11-24,523119553800.14014,4093,3826,0,4045.0,13575119599999.986,3.853517090193008,4.6159,-0.7623829098069921
2007-11-25,523119553800.14014,4093,3826,0,4045.0,13575119599999.986,3.853517090193008,4.6159,-0.7623829098069921
2007-11-26,523139593434.14014,4093,3826,5,4044.0,13306555900000.006,3.931442496207001,4.6159,-0.684457503792999
2007-11-27,522153847434.14014,4092,3825,16,4043.0,13440762000000.002,3.884853012307934,4.6159,-0.731046987692066
2007-11-28,522620228665.14014,4091,3824,24,4044.0,13785171999999.984,3.791176698159013,4.6159,-0.824723301840987
2007-11-29,523756765005.14014,4094,3825,41,4045.0,13809669100000.027,3.7926814988285207,4.6159,-0.8232185011714792
2007-11-30,523682523005.14014,4093,3824,15,4044.0,13858799100000.023,3.77870058744945,4.6159,-0.8371994125505497
2007-12-01,523702023657.14014,4091,3822,0,4044.0,13858799100000.023,3.778841296986109,4.6159,-0.837058703013891
2007-12-02,523702023657.14014,4091,3822,0,4044.0,13858799100000.023,3.778841296986109,4.6159,-0.837058703013891
2007-12-03,523652454276.14014,4094,3822,7,4045.0,13785892300000.012,3.7984661629493486,4.3253,-0.5268338370506518
2007-12-04,523734683843.14014,4091,3819,11,4042.0,13703351599999.96,3.8219458941938096,4.3253,-0.5033541058061908
2007-12-05,523808815306.14014,4091,3819,18,4042.0,13891591200000.012,3.770689820660284,4.3253,-0.5546101793397167
2007-12-06,523693764917.14014,4092,3819,32,4042.0,14099436499999.994,3.714288616549608,4.3253,-0.6110113834503927
2007-12-07,523538456410.14014,4093,3819,50,4043.0,14113890300000.012,3.7093844806923273,4.3253,-0.6159155193076731
2007-12-08,523538456410.14014,4093,3819,0,4043.0,14113890300000.012,3.7093844806923273,4.3253,-0.6159155193076731
2007-12-09,523538456410.14014,4093,3819,0,4043.0,14113890300000.012,3.7093844806923273,4.3253,-0.6159155193076731
2007-12-10,523492267139.14014,4093,3819,53,4043.0,14192218300000.0,3.6885866329940833,4.3253,-0.6367133670059171
2007-12-11,523504644407.14014,4092,3819,14,4042.0,13881840700000.01,3.7711471822835407,4.3253,-0.5541528177164596
2007-12-12,523024832209.14014,4092,3818,41,4042.0,13996101600000.002,3.736932234109676,4.3253,-0.5883677658903244
2007-12-13,522987077177.14014,4094,3816,47,4044.0,14007348999999.996,3.733662073938047,4.3253,-0.5916379260619538
2007-12-14,523211599119.14014,4091,3811,48,4042.0,13819570600000.004,3.7860192205909775,4.3253,-0.539280779409022
2007-12-15,523228787119.14014,4089,3809,0,4042.0,13819570600000.004,3.786143594932971,4.3253,-0.5391564050670294
2007-12-16,523228787119.14014,4089,3809,0,4042.0,13819570600000.004,3.786143594932971,4.3253,-0.5391564050670294
2007-12-17,523260876523.14014,4090,3809,23,4040.0,13578753799999.96,3.853526503464123,4.3253,-0.4717734965358775
2007-12-18,523745066088.14014,4089,3807,12,4039.0,13676767800000.008,3.8294505964204486,4.3253,-0.4958494035795517
2007-12-19,523709215759.14014,4087,3805,12,4037.0,13672383299999.943,3.830416426075052,4.3253,-0.4948835739249482
2007-12-20,523682283754.14014,4087,3804,13,4038.0,13795427399999.977,3.796056972864364,4.3253,-0.5292430271356365
2007-12-21,522704920768.14014,4084,3802,42,4036.0,13998271599999.988,3.73406757422924,4.3253,-0.5912324257707606
2007-12-22,522466743768.14014,4083,3801,0,4036.0,13998271599999.988,3.732366099884364,4.3253,-0.5929339001156362
2007-12-23,522466743768.14014,4083,3801,0,4036.0,13998271599999.988,3.732366099884364,4.3253,-0.5929339001156362
2007-12-24,522548745768.14014,4083,3801,5,4036.0,14108151600000.02,3.703878159121421,4.3253,-0.6214218408785794
2007-12-25,522548745768.14014,4083,3801,0,4036.0,14108151600000.02,3.703878159121421,4.3253,-0.6214218408785794
2007-12-26,522694768591.14014,4083,3801,12,4035.0,14127814399999.998,3.699756762030652,4.3253,-0.6255432379693482
2007-12-27,522740574007.14014,4082,3800,10,4034.0,13925571999999.99,3.75381760984138,4.3253,-0.5714823901586201
2007-12-28,522527156608.14014,4081,3799,18,4034.0,13946919100000.002,3.746541819462766,4.3253,-0.5787581805372342
2007-12-29,522512114608.14014,4078,3796,0,4034.0,13946919100000.002,3.746433967686384,4.3253,-0.5788660323136168
2007-12-30,522512114608.14014,4078,3796,0,4034.0,13946919100000.002,3.746433967686384,4.3253,-0.5788660323136168
2007-12-31,522603477481.14014,4078,3797,9,4042.0,13828168899999.988,3.779267387174744,4.3253,-0.5460326128252562
2008-01-01,522603477481.14014,4078,3797,0,4042.0,13828168899999.988,3.779267387174744,4.3253,-0.5460326128252562
2008-01-02,522608454481.14014,4082,3797,2,4045.0,13669369700000.035,3.823208135786529,4.3253,-0.5020918642134711
2008-01-03,522802747481.14014,4082,3797,4,4045.0,13654370000000.023,3.8288309711919273,4.3638,-0.5349690288080731
2008-01-04,522850611481.14014,4082,3797,12,4045.0,13292796100000.006,3.933338084386474,4.3638,-0.4304619156135265
2008-01-05,522873034481.14014,4081,3796,0,4045.0,13292796100000.006,3.933506769739287,4.3638,-0.4302932302607134
2008-01-06,522873034481.14014,4081,3796,0,4045.0,13292796100000.006,3.933506769739287,4.3638,-0.4302932302607134
2008-01-07,522875716931.14014,4081,3796,6,4045.0,13292462899999.988,3.9336255505451936,4.3638,-0.4301744494548067
2008-01-08,523628612360.14014,4081,3795,23,4045.0,13080461200000.014,4.003135702586233,4.3638,-0.3606642974137672
2008-01-09,523211809380.14014,4081,3795,42,4044.0,13220922899999.99,3.957452995812724,4.3638,-0.4063470041872761
2008-01-10,524066012841.14014,4081,3795,15,4044.0,13308064999999.988,3.937958018999311,4.3638,-0.4258419810006892
2008-01-11,523574076387.14014,4079,3793,16,4043.0,13095285899999.986,3.998187442300444,4.3638,-0.3656125576995563
2008-01-12,523574076387.14014,4079,3793,0,4043.0,13095285899999.986,3.998187442300444,4.3638,-0.3656125576995563
2008-01-13,523574076387.14014,4079,3793,0,4043.0,13095285899999.986,3.998187442300444,4.3638,-0.3656125576995563
2008-01-14,523554691520.14014,4080,3794,24,4043.0,13240768200000.002,3.9541111483255182,4.3638,-0.4096888516744821
2008-01-15,523544346589.14014,4080,3794,9,4043.0,12936379400000.031,4.047070129909292,4.3638,-0.3167298700907084
2008-01-16,523537110671.14014,4081,3794,6,4043.0,12838654200000.004,4.077819236467479,4.3638,-0.2859807635325211
2008-01-17,523579134671.14014,4081,3794,2,4043.0,12517803699999.977,4.182675709087379,4.3638,-0.1811242909126216
2008-01-18,523559260045.14014,4081,3795,6,4043.0,12473676999999.998,4.197312949863463,4.3638,-0.1664870501365376
2008-01-19,523593980045.14014,4080,3794,0,4043.0,12473676999999.998,4.197591296015924,4.3638,-0.1662087039840765
2008-01-20,523593980045.14014,4080,3794,0,4043.0,12473676999999.998,4.197591296015924,4.3638,-0.1662087039840765
2008-01-21,523593980045.14014,4080,3794,0,4043.0,12473676999999.998,4.197591296015924,4.3638,-0.1662087039840765
2008-01-22,523632240860.14014,4081,3794,9,4043.0,12299661600000.02,4.257289817307976,4.3638,-0.1065101826920242
2008-01-23,523909965597.14014,4082,3794,5,4044.0,12459930100000.02,4.204758464874047,4.3638,-0.1590415351259535
2008-01-24,526346496597.14014,4082,3793,10,4044.0,12608792199999.988,4.1744402496945,4.3638,-0.1893597503055
2008-01-25,526460131399.14014,4080,3790,12,4043.0,12457524900000.053,4.226041172906971,4.3638,-0.1377588270930294
2008-01-26,526320148399.14014,4079,3789,0,4043.0,12457524900000.053,4.224917490625589,4.3638,-0.1388825093744117
2008-01-27,526320148399.14014,4079,3789,0,4043.0,12457524900000.053,4.224917490625589,4.3638,-0.1388825093744117
2008-01-28,526266802775.14014,4079,3789,10,4041.0,12644905100000.012,4.161888117097372,4.3638,-0.2019118829026283
2008-01-29,524968233241.14014,4081,3787,19,4041.0,12673802899999.992,4.142152417733595,4.3638,-0.2216475822664056
2008-01-30,524921587072.14014,4080,3786,8,4040.0,12605020900000.016,4.164384900560851,4.3638,-0.1994150994391494
2008-01-31,525171529753.14014,4080,3786,18,4040.0,12792383399999.969,4.105345449176746,4.3638,-0.2584545508232541
2008-02-01,527032974888.14014,4078,3784,33,4038.0,12976811999999.986,4.0613439948744015,4.3638,-0.3024560051255989
2008-02-02,527028122172.14014,4076,3782,0,4038.0,12976811999999.986,4.061306599588101,4.3638,-0.3024934004118993
2008-02-03,527028122172.14014,4076,3782,0,4038.0,12976811999999.986,4.061306599588101,4.3084,-0.2470934004118987
2008-02-04,528255390271.14014,4076,3782,23,4036.0,12868870399999.986,4.104908774830312,4.3084,-0.2034912251696878
2008-02-05,528302372271.14014,4077,3783,39,4037.0,12507462099999.98,4.223897446558252,4.3084,-0.084502553441748
2008-02-06,529233860964.14014,4075,3781,61,4035.0,12389445299999.98,4.27165097507748,4.3084,-0.0367490249225195
2008-02-07,529171043340.14014,4076,3783,90,4036.0,12480184100000.002,4.24009004274336,4.3084,-0.0683099572566394
2008-02-08,528197057155.14014,4076,3784,100,4036.0,12478255700000.018,4.23293984234623,4.3084,-0.0754601576537696
2008-02-09,528222295155.14014,4075,3783,0,4036.0,12478255700000.018,4.23314209817915,4.3084,-0.0752579018208496
2008-02-10,528222295155.14014,4075,3783,0,4036.0,12478255700000.018,4.23314209817915,4.3084,-0.0752579018208496
2008-02-11,528817473884.14014,4076,3785,108,4036.0,12608209900000.018,4.194231203940691,4.3084,-0.1141687960593085
2008-02-12,528627841272.14014,4079,3786,39,4039.0,12674608400000.016,4.170762713837688,4.3084,-0.1376372861623123
2008-02-13,528905266109.14014,4079,3788,45,4039.0,12872734300000.01,4.108725106748609,4.3084,-0.1996748932513909
2008-02-14,528525479703.14014,4080,3789,128,4040.0,12712400899999.996,4.157558307519552,4.3084,-0.1508416924804478
2008-02-15,531907381138.14014,4079,3789,42,4039.0,12687989600000.03,4.192211673456439,4.3084,-0.1161883265435603
2008-02-16,531902264138.14014,4078,3788,0,4039.0,12687989600000.03,4.192171343978237,4.3084,-0.1162286560217626
2008-02-17,531902264138.14014,4078,3788,0,4039.0,12687989600000.03,4.192171343978237,4.3084,-0.1162286560217626
2008-02-18,531902264138.14014,4078,3788,0,4039.0,12687989600000.03,4.192171343978237,4.3084,-0.1162286560217626
2008-02-19,530415880824.14014,4079,3790,43,4038.0,12692368100000.002,4.179014322978389,4.3084,-0.1293856770216104
2008-02-20,539741060057.14014,4077,3787,30,4037.0,12778712799999.994,4.223751394249509,4.3084,-0.0846486057504911
2008-02-21,540068646201.14014,4074,3784,38,4033.0,12607421200000.008,4.28373604430016,4.3084,-0.0246639556998395
2008-02-22,540492628578.14014,4070,3782,66,4030.0,12664601899999.998,4.267742743482053,4.3084,-0.0406572565179468
2008-02-23,540492628578.14014,4070,3782,0,4030.0,12664601899999.998,4.267742743482053,4.3084,-0.0406572565179468
2008-02-24,540492628578.14014,4070,3782,0,4030.0,12664601899999.998,4.267742743482053,4.3084,-0.0406572565179468
2008-02-25,540644703578.14014,4070,3782,52,4030.0,12866385700000.0,4.201993599322459,4.3084,-0.1064064006775407
2008-02-26,541799170762.14014,4070,3782,97,4030.0,12967092800000.012,4.178262461128832,4.3084,-0.1301375388711676
2008-02-27,555278483661.1401,4069,3785,148,4030.0,12932906300000.002,4.293532101606118,4.3084,-0.0148678983938816
2008-02-28,570849546005.1401,4069,3788,196,4028.0,12845242099999.96,4.444054394312599,4.3084,0.1356543943125991
2008-02-29,573839784465.5342,4068,3795,399,4027.0,12538817800000.016,4.576506283276031,4.3084,0.2681062832760315
2008-03-01,573852555465.5342,4066,3793,0,4027.0,12538817800000.016,4.576608134983296,4.3084,0.2682081349832961
2008-03-02,573852555465.5342,4066,3793,0,4027.0,12538817800000.016,4.576608134983296,4.3084,0.2682081349832961
2008-03-03,574285856918.5342,4067,3794,47,4025.0,12561290699999.992,4.571869807284489,4.4327,0.1391698072844898
2008-03-04,574470419723.5342,4067,3797,37,4025.0,12506364400000.016,4.593424606463038,4.4327,0.1607246064630381
2008-03-05,574913558451.5342,4067,3798,52,4025.0,12605409300000.0,4.560848003971868,4.4327,0.1281480039718685
2008-03-06,573959928738.5342,4067,3799,40,4026.0,12346073499999.986,4.648926873297286,4.4327,0.2162268732972867
2008-03-07,573980286768.5342,4065,3799,94,4024.0,12216211599999.955,4.698512972454867,4.4327,0.2658129724548672
2008-03-08,574010547768.5342,4064,3798,0,4024.0,12216211599999.955,4.698760684274134,4.4327,0.2660606842741346
2008-03-09,574010547768.5342,4064,3798,0,4024.0,12216211599999.955,4.698760684274134,4.4327,0.2660606842741346
2008-03-10,576689351703.5342,4064,3799,70,4023.0,12010283900000.004,4.801629640940744,4.4327,0.3689296409407445
2008-03-11,577105019086.5342,4064,3801,106,4023.0,12381575900000.023,4.660998113225094,4.4327,0.2282981132250947
2008-03-12,576779706210.5342,4066,3803,109,4025.0,12312828099999.973,4.684380400068571,4.4327,0.2516804000685715
2008-03-13,575602130450.5342,4066,3806,126,4025.0,12403207700000.04,4.640752169703103,4.4327,0.2080521697031034
2008-03-14,575659528118.5342,4067,3809,192,4024.0,12182421099999.965,4.725329418456368,4.4327,0.292629418456368
2008-03-15,575610589153.5342,4064,3807,0,4024.0,12182421099999.965,4.724927700566317,4.4327,0.2922277005663174
2008-03-16,575610589153.5342,4064,3807,0,4024.0,12182421099999.965,4.724927700566317,4.4327,0.2922277005663174
2008-03-17,573664991865.5342,4065,3815,344,4022.0,12131289600000.012,4.728804692499746,4.4327,0.2961046924997461
2008-03-18,573611408489.5342,4064,3814,23,4021.0,12558207600000.0,4.567621644425867,4.4327,0.1349216444258676
2008-03-19,573610402919.5342,4063,3814,22,4020.0,12248606200000.004,4.683066738806037,4.4327,0.2503667388060373
2008-03-20,573576460285.5342,4064,3815,24,4021.0,12442619300000.008,4.609772640761691,4.4327,0.1770726407616916
2008-03-21,573615850526.5342,4064,3818,26,4021.0,12442619300000.008,4.610089215913998,4.4327,0.1773892159139984
2008-03-22,573615850526.5342,4064,3818,0,4021.0,12442619300000.008,4.610089215913998,4.4327,0.1773892159139984
2008-03-23,573615850526.5342,4064,3818,0,4021.0,12442619300000.008,4.610089215913998,4.4327,0.1773892159139984
2008-03-24,573408362893.5342,4064,3818,23,4021.0,12698246799999.973,4.515649852494089,4.4327,0.0829498524940897
2008-03-25,573982003540.5342,4064,3822,30,4021.0,12767438900000.008,4.495670651226174,4.4327,0.0629706512261742
2008-03-26,574020408496.5342,4063,3822,40,4020.0,12713751700000.014,4.514956891100316,4.4327,0.0822568911003163
2008-03-27,574177947486.5342,4061,3823,67,4018.0,12578344300000.012,4.564813410987117,4.4327,0.1321134109871176
2008-03-28,575756085109.5342,4061,3829,141,4018.0,12498064999999.994,4.606761807604093,4.4327,0.1740618076040929
2008-03-29,575756085109.5342,4061,3829,0,4018.0,12498064999999.994,4.606761807604093,4.4327,0.1740618076040929
2008-03-30,575756085109.5342,4061,3829,0,4018.0,12498064999999.994,4.606761807604093,4.4327,0.1740618076040929
2008-03-31,577268945878.5342,4061,3840,261,4025.0,12447101799999.982,4.63777797558091,4.4327,0.2050779755809104
2008-04-01,579250820480.5342,4060,3840,51,4025.0,12804756099999.994,4.523716156378288,4.4327,0.0910161563782887
2008-04-02,578786853303.5342,4056,3837,23,4022.0,12802630199999.99,4.520843328767979,4.4327,0.0881433287679795
2008-04-03,578172890431.5342,4056,3836,12,4021.0,12832604899999.998,4.505499038870388,4.3785,0.1269990388703883
2008-04-04,579194665186.5342,4056,3836,20,4021.0,12884144000000.0,4.49540664235462,4.3785,0.1169066423546203
2008-04-05,579109987186.5342,4055,3835,0,4021.0,12884144000000.0,4.4947494159218815,4.3785,0.1162494159218816
2008-04-06,579109987186.5342,4055,3835,0,4021.0,12884144000000.0,4.4947494159218815,4.3785,0.1162494159218816
2008-04-07,579121985548.5342,4055,3835,11,4020.0,12884532600000.006,4.494706975622336,4.3785,0.1162069756223358
2008-04-08,579702897760.5342,4055,3835,21,4020.0,12855831199999.996,4.50926034063464,4.3785,0.13076034063464
2008-04-09,581875896996.5342,4055,3835,30,4020.0,12743032499999.988,4.566227834673848,4.3785,0.187727834673848
2008-04-10,581991423400.5342,4055,3835,22,4020.0,12841791700000.006,4.532011085342039,4.3785,0.1535110853420391
2008-04-11,581885266306.5342,4052,3832,19,4017.0,12567143299999.996,4.6302111181189,4.3785,0.2517111181188998
2008-04-12,581889794413.5342,4050,3830,0,4017.0,12567143299999.996,4.630247149433988,4.3785,0.2517471494339878
2008-04-13,581889794413.5342,4050,3830,0,4017.0,12567143299999.996,4.630247149433988,4.3785,0.2517471494339878
2008-04-14,581850917016.5342,4050,3830,47,4015.0,12570154700000.004,4.628828609535999,4.3785,0.2503286095359991
2008-04-15,581826016449.5342,4050,3832,59,4016.0,12615252599999.996,4.612083760015509,4.3785,0.2335837600155095
2008-04-16,582004948441.5342,4048,3830,13,4014.0,12892013100000.004,4.514461348488189,4.3785,0.1359613484881894
2008-04-17,582135797413.5342,4047,3829,19,4013.0,12853012599999.973,4.5291778319235085,4.3785,0.1506778319235087
2008-04-18,581743685562.5342,4047,3830,13,4013.0,13085083700000.004,4.44585375913594,4.3785,0.0673537591359396
2008-04-19,581744360562.5342,4045,3829,0,4013.0,13085083700000.004,4.445858917681466,4.3785,0.0673589176814664
2008-04-20,581744360562.5342,4045,3829,0,4013.0,13085083700000.004,4.445858917681466,4.3785,0.0673589176814664
2008-04-21,582050385559.5342,4045,3829,8,4012.0,13105782900000.014,4.441172190938197,4.3785,0.0626721909381968
2008-04-22,581395816502.5342,4045,3828,15,4011.0,12975746199999.996,4.480634928745249,4.3785,0.1021349287452491
2008-04-23,581856326502.5342,4045,3828,24,4011.0,13028884799999.982,4.4658950895209,4.3785,0.0873950895208999
2008-04-24,580090800677.5342,4044,3827,47,4010.0,13047844199999.988,4.445874673132093,4.3785,0.0673746731320932
2008-04-25,581506162026.5342,4044,3828,49,4010.0,13119981700000.012,4.432217782945029,4.3785,0.0537177829450294
2008-04-26,581506162026.5342,4044,3828,0,4010.0,13119981700000.012,4.432217782945029,4.3785,0.0537177829450294
2008-04-27,581506162026.5342,4044,3828,0,4010.0,13119981700000.012,4.432217782945029,4.3785,0.0537177829450294
2008-04-28,581506293066.5342,4044,3828,28,4010.0,13111666500000.02,4.435029620884067,4.3785,0.0565296208840671
2008-04-29,580571571281.5342,4043,3827,83,4010.0,13046284200000.02,4.450091400596143,4.3785,0.0715914005961426
2008-04-30,579268660341.5342,4042,3825,93,4008.0,13008363100000.01,4.453048057534108,4.3785,0.0745480575341082
2008-05-01,579733543561.5342,4040,3824,101,4006.0,13166648199999.986,4.403045746764425,4.3785,0.0245457467644252
2008-05-02,581642513443.5342,4040,3824,132,4006.0,13189104200000.018,4.410022884219335,4.3785,0.0315228842193349
2008-05-03,581660729443.5342,4039,3823,0,4006.0,13189104200000.018,4.410160998224074,4.5775,-0.1673390017759253
2008-05-04,581660729443.5342,4039,3823,0,4006.0,13189104200000.018,4.410160998224074,4.5775,-0.1673390017759253
2008-05-05,583256939129.5342,4040,3824,90,4006.0,13171793000000.002,4.428075502929131,4.5775,-0.1494244970708687
2008-05-06,592202347129.5342,4040,3824,175,4006.0,13271433499999.965,4.462233466562115,4.5775,-0.115266533437885
2008-05-07,590153154485.5342,4040,3823,242,4006.0,13089698500000.01,4.508531304105543,4.5775,-0.0689686958944566
2008-05-08,591646745952.4945,4041,3824,407,4007.0,13166133799999.955,4.493701453592219,4.5775,-0.083798546407781
2008-05-09,595401782254.4945,4039,3822,560,4005.0,13106700799999.994,4.542728115488032,4.5775,-0.0347718845119677
2008-05-10,595370569254.4945,4037,3820,0,4005.0,13106700799999.994,4.542489970126538,4.5775,-0.0350100298734616
2008-05-11,595370569254.4945,4037,3820,0,4005.0,13106700799999.994,4.542489970126538,4.5775,-0.0350100298734616
2008-05-12,601809012182.4945,4037,3821,550,4003.0,13254532999999.988,4.540401477611433,4.5775,-0.0370985223885664
2008-05-13,601874474045.4945,4036,3820,134,4002.0,13296705100000.018,4.52649336447639,4.5775,-0.0510066355236098
2008-05-14,601910610232.4945,4036,3822,164,4002.0,13332104100000.03,4.5147458024460905,4.5775,-0.0627541975539092
2008-05-15,602117381046.4945,4036,3822,357,4001.0,13472864499999.996,4.469111828791084,4.5775,-0.108388171208916
2008-05-16,602079696285.4945,4035,3821,15,4000.0,13519308900000.002,4.453479839383612,4.5775,-0.1240201606163875
2008-05-17,602079696285.4945,4035,3821,0,4000.0,13519308900000.002,4.453479839383612,4.5775,-0.1240201606163875
2008-05-18,602079696285.4945,4035,3821,0,4000.0,13519308900000.002,4.453479839383612,4.5775,-0.1240201606163875
2008-05-19,603478531374.4945,4035,3821,26,4000.0,13522499299999.988,4.462773618886377,4.5775,-0.1147263811136225
2008-05-20,603563661378.4945,4035,3821,54,4000.0,13440082700000.004,4.490773418964857,4.5775,-0.0867265810351423
2008-05-21,603750318184.4945,4035,3820,9,4000.0,13234014299999.988,4.562110214619422,4.5775,-0.0153897853805773
2008-05-22,603956086079.4945,4036,3820,9,4001.0,13256830400000.045,4.5558106112566135,4.5775,-0.0216893887433862
2008-05-23,604117358079.4945,4035,3819,16,4000.0,13106423800000.03,4.609322629102632,4.5775,0.0318226291026322
2008-05-24,604163207079.4945,4034,3818,0,4000.0,13106423800000.03,4.609672449928661,4.5775,0.0321724499286615
2008-05-25,604163207079.4945,4034,3818,0,4000.0,13106423800000.03,4.609672449928661,4.5775,0.0321724499286615
2008-05-26,604163207079.4945,4034,3818,0,4000.0,13106423800000.03,4.609672449928661,4.5775,0.0321724499286615
2008-05-27,604539397079.4945,4034,3818,9,3999.0,13191015800000.008,4.582963179223045,4.5775,0.005463179223045
2008-05-28,604373977723.4945,4032,3816,16,3997.0,13279939300000.045,4.551029670169444,4.5775,-0.0264703298305555
2008-05-29,604238224507.4945,4028,3811,16,3994.0,13329393600000.014,4.533126131915663,4.5775,-0.044373868084337
2008-05-30,604668531772.4945,4027,3809,28,3993.0,13387937999999.996,4.516517269294903,4.5775,-0.0609827307050965
2008-05-31,604668531772.4945,4027,3809,0,3993.0,13387937999999.996,4.516517269294903,4.5775,-0.0609827307050965
2008-06-01,604668531772.4945,4027,3809,0,3993.0,13387937999999.996,4.516517269294903,4.5775,-0.0609827307050965
2008-06-02,605093125733.4945,4027,3809,9,3993.0,13273589899999.98,4.558624534071943,4.5775,-0.0188754659280565
2008-06-03,604242185010.4945,4027,3811,18,3992.0,13212687799999.992,4.573196568002574,4.6206,-0.0474034319974254
2008-06-04,604872465010.4945,4027,3811,23,3992.0,13224464499999.98,4.573890043037246,4.6206,-0.0467099569627533
2008-06-05,604962803010.4945,4027,3811,21,3992.0,13500951600000.012,4.480890095261833,4.6206,-0.1397099047381669
2008-06-06,606235048092.4945,4025,3809,44,3990.0,13134870199999.982,4.615462801394835,4.6206,-0.0051371986051647
2008-06-07,606269453092.4945,4023,3807,0,3990.0,13134870199999.982,4.615724737748039,4.6206,-0.0048752622519607
2008-06-08,606269453092.4945,4023,3807,0,3990.0,13134870199999.982,4.615724737748039,4.6206,-0.0048752622519607
2008-06-09,609459322026.4945,4025,3807,56,3991.0,13164973100000.012,4.629400435512427,4.6206,0.0088004355124278
2008-06-10,610158834341.4945,4023,3804,22,3988.0,13090364799999.982,4.661129339508516,4.6206,0.0405293395085166
2008-06-11,610418073851.4945,4020,3801,29,3985.0,12898419800000.008,4.732502766358203,4.6206,0.1119027663582032
2008-06-12,610956402991.4945,4019,3799,45,3983.0,12910006599999.973,4.732425179329465,4.6206,0.1118251793294655
2008-06-13,610694551526.4945,4019,3799,35,3983.0,13108383999999.986,4.658808832015412,4.6206,0.0382088320154121
2008-06-14,610694551526.4945,4019,3799,0,3983.0,13108383999999.986,4.658808832015412,4.6206,0.0382088320154121
2008-06-15,610694551526.4945,4019,3799,0,3983.0,13108383999999.986,4.658808832015412,4.6206,0.0382088320154121
2008-06-16,610587687656.4945,4019,3799,46,3983.0,13120355199999.98,4.653743578958103,4.6206,0.0331435789581036
2008-06-17,610655456771.4945,4018,3797,15,3982.0,13085797899999.965,4.666551183489515,4.6206,0.0459511834895156
2008-06-18,610675365784.4945,4017,3797,7,3981.0,12963644400000.002,4.710676619488996,4.6206,0.0900766194889959
2008-06-19,610698391499.4945,4017,3796,8,3980.0,12999153400000.014,4.697985881907462,4.6206,0.0773858819074622
2008-06-20,610664176054.4945,4018,3796,4,3981.0,12772450300000.016,4.7811043434202585,4.6206,0.1605043434202588
2008-06-21,610664176054.4945,4017,3796,0,3981.0,12772450300000.016,4.7811043434202585,4.6206,0.1605043434202588
2008-06-22,610664176054.4945,4017,3796,0,3981.0,12772450300000.016,4.7811043434202585,4.6206,0.1605043434202588
2008-06-23,610685347342.4945,4017,3796,8,3980.0,12800851200000.04,4.770662027088422,4.6206,0.1500620270884223
2008-06-24,610815904750.4945,4017,3795,9,3979.0,12698249400000.002,4.810237108356798,4.6206,0.1896371083567984
2008-06-25,610951496003.4945,4018,3794,7,3980.0,12786137700000.002,4.778233351917479,4.6206,0.1576333519174797
2008-06-26,610883114360.4945,4017,3793,18,3978.0,12443814799999.986,4.90913055344166,4.6206,0.2885305534416602
2008-06-27,610708560860.4945,4016,3792,23,3977.0,12414796399999.988,4.919199165122797,4.6206,0.2985991651227975
2008-06-28,610719014264.4945,4013,3789,0,3977.0,12414796399999.988,4.919283366294232,4.6206,0.2986833662942318
2008-06-29,610719014264.4945,4013,3789,0,3977.0,12414796399999.988,4.919283366294232,4.6206,0.2986833662942318
2008-06-30,611816715939.4945,4013,3789,33,3978.0,12455784099999.984,4.911908483862491,4.6206,0.2913084838624913
2008-07-01,611818032606.4945,4011,3787,7,3975.0,12467507500000.004,4.907300297244612,4.6206,0.2867002972446126
2008-07-02,612210987679.4945,4011,3785,8,3975.0,12200237300000.02,5.0180252451277605,4.6206,0.3974252451277609
2008-07-03,611996720065.4945,4009,3783,14,3973.0,12183941499999.969,5.022978155841409,4.5348,0.4881781558414095
2008-07-04,612000111428.4945,4008,3782,0,3973.0,12183941499999.969,5.023005990536775,4.5348,0.488205990536775
2008-07-05,612000111428.4945,4008,3782,0,3973.0,12183941499999.969,5.023005990536775,4.5348,0.488205990536775
2008-07-06,612000111428.4945,4008,3782,0,3973.0,12183941499999.969,5.023005990536775,4.5348,0.488205990536775
2008-07-07,611989537428.4945,4008,3782,4,3972.0,12114403899999.996,5.051751142526251,4.5348,0.516951142526251
2008-07-08,612257830997.4945,4008,3782,10,3972.0,12272283200000.031,4.988948030448751,4.5348,0.454148030448751
2008-07-09,612199651857.4945,4007,3781,14,3971.0,12038900499999.98,5.085179098020584,4.5348,0.550379098020584
2008-07-10,611390954440.4945,4006,3780,44,3970.0,12145653900000.02,5.033824934205424,4.5348,0.4990249342054245
2008-07-11,612023870162.4945,4005,3779,11,3969.0,12066197700000.004,5.072218153383102,4.5348,0.5374181533831024
2008-07-12,612010617162.4945,4004,3778,0,3969.0,12066197700000.004,5.072108317622662,4.5348,0.5373083176226618
2008-07-13,612010617162.4945,4004,3778,0,3969.0,12066197700000.004,5.072108317622662,4.5348,0.5373083176226618
2008-07-14,611970159463.4945,4004,3778,17,3968.0,12025608599999.98,5.08889138021252,4.5348,0.5540913802125207
2008-07-15,611969888664.4945,4004,3778,16,3968.0,11931041999999.99,5.129224158832859,4.5348,0.5944241588328589
2008-07-16,611819726643.4945,4004,3778,9,3968.0,12111707600000.012,5.0514737215377785,4.5348,0.5166737215377788
2008-07-17,612320861578.4945,4002,3777,8,3966.0,12165641199999.96,5.033198427539491,4.5348,0.4983984275394917
2008-07-18,612078860718.4945,4002,3777,10,3966.0,12136030900000.008,5.043484692499375,4.5348,0.5086846924993749
2008-07-19,612078860718.4945,4002,3777,0,3966.0,12136030900000.008,5.043484692499375,4.5348,0.5086846924993749
2008-07-20,612078860718.4945,4002,3777,0,3966.0,12136030900000.008,5.043484692499375,4.5348,0.5086846924993749
2008-07-21,612023939718.4945,4002,3777,6,3966.0,12180522200000.027,5.024611668278829,4.5348,0.4898116682788291
2008-07-22,611763008718.4945,4001,3776,21,3967.0,12256745700000.006,4.991235224195719,4.5348,0.4564352241957197
2008-07-23,606551265633.4945,4002,3776,32,3966.0,12274966299999.951,4.941368072297656,4.5348,0.4065680722976559
2008-07-24,605534034150.4945,4001,3776,34,3965.0,12045475799999.97,5.027066130094222,4.5348,0.4922661300942224
2008-07-25,602102783116.4945,4001,3774,55,3965.0,12141493899999.984,4.959050246003873,4.5348,0.424250246003873
2008-07-26,602102783116.4945,4001,3774,0,3965.0,12141493899999.984,4.959050246003873,4.5348,0.424250246003873
2008-07-27,602102783116.4945,4001,3774,0,3965.0,12141493899999.984,4.959050246003873,4.5348,0.424250246003873
2008-07-28,602908918091.4945,4001,3774,25,3965.0,11968154199999.992,5.037609877147931,4.5348,0.5028098771479312
2008-07-29,603665041470.4945,4000,3773,51,3965.0,12160277200000.012,4.964237504968176,4.5348,0.4294375049681758
2008-07-30,601855050734.4945,3999,3773,76,3965.0,12368593299999.998,4.865994346620602,4.5348,0.3311943466206024
2008-07-31,598925376927.4945,3998,3774,105,3963.0,12173212299999.998,4.920027369665561,4.5348,0.3852273696655617
2008-08-01,597810269743.4945,3996,3772,150,3962.0,12100163799999.998,4.940513861006531,4.5348,0.4057138610065314
2008-08-02,597829655939.4945,3995,3771,0,3962.0,12100163799999.998,4.940674075333548,4.5348,0.4058740753335481
2008-08-03,597829655939.4945,3995,3771,0,3962.0,12100163799999.998,4.940674075333548,4.5608,0.3798740753335474
2008-08-04,594919428861.4945,3997,3773,91,3960.0,11955183400000.01,4.976246778961952,4.5608,0.415446778961952
2008-08-05,600209439370.4945,3992,3769,179,3955.0,12236816700000.008,4.90494753729942,4.5608,0.3441475372994196
2008-08-06,598353101279.4945,3993,3773,264,3956.0,12330124900000.01,4.852774048375569,4.5608,0.2919740483755682
2008-08-07,584150949728.7128,3989,3774,403,3953.0,12160342500000.004,4.803737639204756,4.5608,0.2429376392047553
2008-08-08,583548630814.7128,3987,3777,542,3951.0,12431782099999.977,4.694006266524845,4.5608,0.1332062665248443
2008-08-09,583548630814.7128,3987,3777,0,3951.0,12431782099999.977,4.694006266524845,4.5608,0.1332062665248443
2008-08-10,583548630814.7128,3987,3777,0,3951.0,12431782099999.977,4.694006266524845,4.5608,0.1332062665248443
2008-08-11,587267280280.7128,3987,3784,503,3951.0,12513923800000.02,4.692910790144909,4.5608,0.1321107901449085
2008-08-12,587587198763.7128,3990,3788,99,3953.0,12461248700000.01,4.715315558734594,4.5608,0.1545155587345936
2008-08-13,585931645240.7128,3992,3797,140,3955.0,12493869900000.008,4.689753054341573,4.5608,0.1289530543415722
2008-08-14,585706204713.7128,3991,3812,387,3954.0,12547490700000.008,4.667915033511142,4.5608,0.1071150335111417
2008-08-15,585752449586.7128,3988,3808,16,3951.0,12561883299999.994,4.662934972391544,4.5608,0.1021349723915436
2008-08-16,585752449586.7128,3988,3808,0,3951.0,12561883299999.994,4.662934972391544,4.5608,0.1021349723915436
2008-08-17,585752449586.7128,3988,3808,0,3951.0,12561883299999.994,4.662934972391544,4.5608,0.1021349723915436
2008-08-18,584975963894.7128,3988,3808,19,3951.0,12405843699999.984,4.715325922530472,4.5608,0.154525922530472
2008-08-19,585154440599.7128,3989,3807,40,3951.0,12312892799999.998,4.752371762708052,4.5608,0.1915717627080519
2008-08-20,585231459118.7128,3988,3806,12,3951.0,12367392700000.0,4.732052044556754,4.5608,0.1712520445567538
2008-08-21,584950273928.7128,3987,3805,11,3950.0,12403116500000.006,4.716155604349217,4.5608,0.155355604349217
2008-08-22,584836177928.7128,3986,3804,7,3948.0,12516661699999.996,4.672461331512324,4.5608,0.1116613315123231
2008-08-23,584836177928.7128,3986,3804,0,3948.0,12516661699999.996,4.672461331512324,4.5608,0.1116613315123231
2008-08-24,584836177928.7128,3986,3804,0,3948.0,12516661699999.996,4.672461331512324,4.5608,0.1116613315123231
2008-08-25,584636197456.7128,3986,3804,9,3948.0,12288033999999.996,4.757768390425294,4.5608,0.1969683904252939
2008-08-26,583822054456.7128,3985,3803,9,3946.0,12312968799999.98,4.741521431100465,4.5608,0.1807214311004648
2008-08-27,584262740456.7128,3984,3802,16,3945.0,12409348899999.96,4.708246541901281,4.5608,0.1474465419012807
2008-08-28,584713572521.7128,3984,3802,26,3945.0,12547892800000.014,4.659854701035637,4.5608,0.0990547010356364
2008-08-29,583797750378.7128,3982,3800,37,3943.0,12371073300000.012,4.719054977862852,4.5608,0.1582549778628514
2008-08-30,583769845486.7128,3976,3794,0,3943.0,12371073300000.012,4.718829412212052,4.5608,0.158029412212052
2008-08-31,583769845486.7128,3976,3794,0,3943.0,12371073300000.012,4.718829412212052,4.5608,0.158029412212052
2008-09-01,583769845486.7128,3976,3794,0,3943.0,12371073300000.012,4.718829412212052,4.5608,0.158029412212052
2008-09-02,583775608486.7128,3976,3794,8,3937.0,12268148600000.016,4.75846541740383,4.5608,0.1976654174038294
2008-09-03,584231656099.7128,3976,3794,19,3937.0,12207700800000.01,4.785763229876278,4.3185,0.467263229876278
2008-09-04,586334277077.7128,3973,3791,21,3934.0,11874915800000.002,4.937586817059475,4.3185,0.6190868170594745
2008-09-05,588635155249.7128,3972,3791,40,3933.0,11882617999999.99,4.95374971449653,4.3185,0.6352497144965294
2008-09-06,588635155249.7128,3972,3791,0,3933.0,11882617999999.99,4.95374971449653,4.3185,0.6352497144965294
2008-09-07,588635155249.7128,3972,3791,0,3933.0,11882617999999.99,4.95374971449653,4.3185,0.6352497144965294
2008-09-08,588681950398.7128,3972,3791,24,3933.0,12035689600000.008,4.8911360292867005,4.3185,0.5726360292867003
2008-09-09,589019872937.7128,3972,3791,65,3933.0,11666416700000.006,5.048849943253892,4.3185,0.7303499432538914
2008-09-10,589637166744.7128,3972,3792,32,3933.0,11779806199999.988,5.005491234182727,4.3185,0.6869912341827265
2008-09-11,589835783746.7128,3971,3791,38,3932.0,11914073699999.965,4.9507481538133735,4.3185,0.6322481538133733
2008-09-12,589812127997.7128,3971,3792,23,3932.0,11979194599999.996,4.923637587436079,4.3185,0.6051375874360785
2008-09-13,589812127997.7128,3971,3792,0,3932.0,11979194599999.996,4.923637587436079,4.3185,0.6051375874360785
2008-09-14,589812127997.7128,3971,3792,0,3932.0,11979194599999.996,4.923637587436079,4.3185,0.6051375874360785
2008-09-15,590388741306.7128,3971,3793,50,3931.0,11506016900000.0,5.131130489706762,4.3185,0.8126304897067618
2008-09-16,590416273199.7128,3971,3793,7,3931.0,11648768600000.0,5.068486579772155,4.3185,0.7499865797721545
2008-09-17,590533198199.7128,3969,3790,9,3929.0,11174202399999.996,5.284790601248757,4.3185,0.9662906012487564
2008-09-18,590768453199.7128,3968,3788,5,3928.0,11563099499999.951,5.109083885334682,4.3185,0.7905838853346818
2008-09-19,590619238238.7128,3965,3786,10,3926.0,11922637700000.014,4.953763194856723,4.3185,0.6352631948567229
2008-09-20,590655869238.7128,3964,3785,0,3926.0,11922637700000.014,4.95407043391675,4.3185,0.63557043391675
2008-09-21,590655869238.7128,3964,3785,0,3926.0,11922637700000.014,4.95407043391675,4.3185,0.63557043391675
2008-09-22,590981437634.7128,3964,3785,10,3924.0,11546983400000.027,5.11805912559562,4.3185,0.7995591255956196
2008-09-23,590969939733.7128,3964,3785,7,3924.0,11365964899999.965,5.199470040011426,4.3185,0.8809700400114258
2008-09-24,590617944177.7128,3964,3785,8,3923.0,11335214100000.012,5.210470124050962,4.3185,0.8919701240509621
2008-09-25,590749141726.7128,3964,3785,9,3923.0,11526463599999.982,5.125155140616708,4.3185,0.8066551406167077
2008-09-26,589892715683.7128,3964,3788,29,3923.0,11497369200000.004,5.130675595628542,4.3185,0.8121755956285419
2008-09-27,589878374626.7128,3961,3785,0,3923.0,11497369200000.004,5.130550862250406,4.3185,0.8120508622504055
2008-09-28,589878374626.7128,3961,3785,0,3923.0,11497369200000.004,5.130550862250406,4.3185,0.8120508622504055
2008-09-29,589882247300.7128,3961,3785,38,3921.0,10634515900000.002,5.546865065110417,4.3185,1.2283650651104168
2008-09-30,589632376427.7128,3958,3781,16,3919.0,11055297999999.977,5.33348243012277,4.3185,1.01498243012277
2008-10-01,589780042427.7128,3958,3781,9,3919.0,10931537299999.988,5.395215935710281,4.3185,1.076715935710281
2008-10-02,589353922427.7128,3958,3781,6,3919.0,10429706600000.02,5.650723889277111,4.3185,1.3322238892771106
2008-10-03,589664850735.7128,3956,3780,13,3917.0,10296001599999.99,5.727124699900137,4.0872,1.639924699900137
2008-10-04,589664850735.7128,3956,3780,0,3917.0,10296001599999.99,5.727124699900137,4.0872,1.639924699900137
2008-10-05,589664850735.7128,3956,3780,0,3917.0,10296001599999.99,5.727124699900137,4.0872,1.639924699900137
2008-10-06,589707989655.7128,3956,3781,5,3917.0,9887581799999.992,5.964127544873644,4.0872,1.8769275448736435
2008-10-07,588802825397.7128,3955,3779,16,3916.0,9363670899999.98,6.288162321015725,4.0872,2.2009623210157248
2008-10-08,589123291839.7128,3954,3778,15,3915.0,9283030699999.994,6.3462387541141405,4.0872,2.2590387541141403
2008-10-09,588859992282.7128,3953,3777,25,3914.0,8646261600000.003,6.810573396052607,4.0872,2.723373396052607
2008-10-10,588255720983.7128,3949,3772,28,3912.0,8508596099999.976,6.913663712204114,4.0872,2.826463712204114
2008-10-11,588260415983.7128,3948,3771,0,3912.0,8508596099999.976,6.913718891694888,4.0872,2.826518891694888
2008-10-12,588260415983.7128,3948,3771,0,3912.0,8508596099999.976,6.913718891694888,4.0872,2.826518891694888
2008-10-13,588260415983.7128,3948,3771,0,3909.0,9479609400000.004,6.205534333341968,4.0872,2.118334333341968
2008-10-14,587867384941.7128,3947,3770,29,3908.0,9286924799999.996,6.330054324782656,4.0872,2.242854324782656
2008-10-15,587209323320.7128,3946,3769,13,3907.0,8439071199999.999,6.95822217166165,4.0872,2.87102217166165
2008-10-16,584413836320.7128,3946,3769,10,3907.0,8844837900000.006,6.607400191254069,4.0872,2.5202001912540686
2008-10-17,584283853320.7128,3946,3768,6,3907.0,8825976700000.014,6.620047538996017,4.0872,2.532847538996017
2008-10-18,584283853320.7128,3946,3768,0,3907.0,8825976700000.014,6.620047538996017,4.0872,2.532847538996017
2008-10-19,584283853320.7128,3946,3768,0,3907.0,8825976700000.014,6.620047538996017,4.0872,2.532847538996017
2008-10-20,582001158514.7128,3946,3768,6,3907.0,9242521600000.01,6.296995383973051,4.0872,2.2097953839730504
2008-10-21,582050103477.7128,3945,3767,7,3906.0,8952074200000.002,6.501846281364744,4.0872,2.414646281364744
2008-10-22,578754000119.7128,3943,3765,25,3904.0,8430185500000.022,6.865258185833648,4.0872,2.778058185833648
2008-10-23,577534128895.7128,3942,3764,26,3904.0,8463842099999.992,6.823545643599769,4.0872,2.736345643599769
2008-10-24,576905545379.7128,3941,3763,38,3902.0,8177454499999.997,7.0548303922658695,4.0872,2.9676303922658693
2008-10-25,576930554379.7128,3938,3760,0,3902.0,8177454499999.997,7.055136220931746,4.0872,2.9679362209317457
2008-10-26,576930554379.7128,3938,3760,0,3902.0,8177454499999.997,7.055136220931746,4.0872,2.9679362209317457
2008-10-27,576433649379.7128,3938,3760,23,3899.0,7909541999999.992,7.287825886501562,4.0872,3.200625886501561
2008-10-28,575237625590.7128,3938,3760,50,3899.0,8683256200000.011,6.6246764156367055,4.0872,2.5374764156367053
2008-10-29,573834302250.7128,3936,3759,67,3898.0,8671673500000.017,6.617342111078233,4.0872,2.5301421110782325
2008-10-30,574171819789.7128,3933,3756,107,3895.0,8941748100000.0,6.421247986058932,4.0872,2.3340479860589314
2008-10-31,581503888846.7128,3928,3751,144,3892.0,9069151800000.02,6.411888362555708,4.0872,2.324688362555708
2008-11-01,581510301846.7128,3926,3749,0,3892.0,9069151800000.02,6.411959074791443,4.0872,2.3247590747914426
2008-11-02,581510301846.7128,3926,3749,0,3892.0,9069151800000.02,6.411959074791443,4.0872,2.3247590747914426
2008-11-03,582365181270.7128,3927,3750,77,3889.0,9036028500000.02,6.444924130891258,4.3219,2.123024130891258
2008-11-04,585170352194.7128,3927,3752,156,3888.0,9346992400000.0,6.260520252425933,4.3219,1.9386202524259328
2008-11-05,587266172813.7128,3927,3753,216,3888.0,8897398099999.988,6.600425947150927,4.3219,2.2785259471509267
2008-11-06,591160597877.7128,3926,3754,383,3887.0,8477611000000.0,6.973197966711527,4.3219,2.6512979667115264
2008-11-07,591326110401.7128,3923,3756,530,3884.0,8705815600000.009,6.792311456742918,4.3219,2.4704114567429176
2008-11-08,591326110401.7128,3923,3756,0,3884.0,8705815600000.009,6.792311456742918,4.3219,2.4704114567429176
2008-11-09,591326110401.7128,3923,3756,0,3884.0,8705815600000.009,6.792311456742918,4.3219,2.4704114567429176
2008-11-10,595210112492.1217,3923,3756,590,3884.0,8622757800000.001,6.9027812945427,4.3219,2.5808812945426998
2008-11-11,595210112492.1217,3923,3756,0,3884.0,8415626499999.981,7.07267738762079,4.3219,2.75077738762079
2008-11-12,595309354803.1217,3922,3759,148,3883.0,7975516399999.998,7.46421077891736,4.3219,3.14231077891736
2008-11-13,594847071913.1217,3920,3762,146,3881.0,8527526800000.01,6.975610700081542,4.3219,2.6537107000815414
2008-11-14,594415704888.1217,3917,3770,368,3878.0,8150109500000.003,7.293346241398615,4.3219,2.971446241398615
2008-11-15,594421624894.1217,3914,3767,0,3878.0,8150109500000.003,7.293418878533123,4.3219,2.9715188785331224
2008-11-16,594421624894.1217,3914,3767,0,3878.0,8150109500000.003,7.293418878533123,4.3219,2.9715188785331224
2008-11-17,595056279172.1217,3914,3768,24,3875.0,7980045000000.001,7.456803554016571,4.3219,3.134903554016571
2008-11-18,592023498622.1217,3913,3767,16,3874.0,8004195700000.007,7.396414590689246,4.3219,3.0745145906892457
2008-11-19,591979793263.1217,3915,3767,41,3876.0,7533293699999.993,7.858180190998292,4.3219,3.5362801909982915
2008-11-20,591573377347.1217,3915,3765,9,3875.0,7044846299999.989,8.397250304057344,4.3219,4.075350304057344
2008-11-21,591456996590.1217,3912,3762,16,3872.0,7478816400000.002,7.908430491623267,4.3219,3.5865304916232663
2008-11-22,591008787590.1217,3911,3761,0,3872.0,7478816400000.002,7.902437444381192,4.3219,3.580537444381192
2008-11-23,591008787590.1217,3911,3761,0,3872.0,7478816400000.002,7.902437444381192,4.3219,3.580537444381192
2008-11-24,590666314086.1217,3911,3761,12,3871.0,7895342899999.978,7.481199000060192,4.3219,3.159299000060192
2008-11-25,591043725108.1217,3910,3760,21,3870.0,7938454600000.002,7.445324750085761,4.3219,3.1234247500857606
2008-11-26,590398648695.1217,3910,3761,40,3870.0,8253102700000.011,7.153656874948629,4.3219,2.8317568749486286
2008-11-27,590400066695.1217,3909,3760,0,3870.0,8253102700000.011,7.153674056365747,4.3219,2.831774056365747
2008-11-28,590411898695.1217,3909,3760,1,3869.0,8305961900000.014,7.108290476207467,4.3219,2.7863904762074663
2008-11-29,590411898695.1217,3909,3760,0,3869.0,8305961900000.014,7.108290476207467,4.3219,2.7863904762074663
2008-11-30,590411898695.1217,3909,3760,0,3869.0,8305961900000.014,7.108290476207467,4.3219,2.7863904762074663
2008-12-01,586591424743.1217,3909,3761,13,3869.0,7620432999999.982,7.697612783199105,4.3219,3.3757127831991047
2008-12-02,586708819599.1217,3906,3758,11,3866.0,7903573000000.005,7.423336503618318,4.3219,3.1014365036183174
2008-12-03,586736678599.1217,3906,3758,13,3866.0,8081205000000.001,7.26050977049984,3.162,4.09850977049984
2008-12-04,586405893987.1217,3905,3757,23,3866.0,7839034299999.975,7.480588444256757,3.162,4.318588444256757
2008-12-05,586386620421.1217,3907,3758,24,3868.0,8091752699999.999,7.246719495284647,3.162,4.084719495284647
2008-12-06,586186120421.1217,3906,3757,0,3868.0,8091752699999.999,7.244241663751312,3.162,4.082241663751312
2008-12-07,586186120421.1217,3906,3757,0,3868.0,8091752699999.999,7.244241663751312,3.162,4.082241663751312
2008-12-08,586161841471.1217,3906,3758,23,3867.0,8393043900000.004,6.983900578324407,3.162,3.8219005783244073
2008-12-09,584553369809.1217,3906,3758,42,3867.0,8225471300000.011,7.106624635710794,3.162,3.9446246357107935
2008-12-10,584853476479.1217,3905,3757,65,3866.0,8369844899999.997,6.987626216097767,3.162,3.825626216097767
2008-12-11,584083133156.1217,3903,3755,41,3864.0,8149589500000.004,7.16702519993334,3.162,4.00502519993334
2008-12-12,583584711872.1217,3902,3755,20,3863.0,8234340800000.005,7.087206202008561,3.162,3.925206202008561
2008-12-13,583584656599.1217,3901,3754,0,3863.0,8234340800000.005,7.087205530758714,3.162,3.9252055307587135
2008-12-14,583584656599.1217,3901,3754,0,3863.0,8234340800000.005,7.087205530758714,3.162,3.9252055307587135
2008-12-15,583903694167.1217,3901,3755,47,3862.0,8132642299999.98,7.1797537949889065,3.162,4.017753794988907
2008-12-16,583653863471.1217,3901,3755,9,3862.0,8510914200000.014,6.857710579095261,3.162,3.6957105790952607
2008-12-17,583405688795.1217,3901,3755,8,3863.0,8478677999999.992,6.880856765584473,3.162,3.718856765584473
2008-12-18,582236570401.1217,3899,3753,10,3860.0,8298054399999.999,7.016543183919374,3.162,3.8545431839193744
2008-12-19,581797767110.1217,3898,3751,18,3858.0,8337705000000.01,6.977912592375492,3.162,3.815912592375492
2008-12-20,581797767110.1217,3898,3751,0,3858.0,8337705000000.01,6.977912592375492,3.162,3.815912592375492
2008-12-21,581797767110.1217,3898,3751,0,3858.0,8337705000000.01,6.977912592375492,3.162,3.815912592375492
2008-12-22,581843399326.1217,3898,3751,11,3858.0,8186612200000.0,7.107254931730145,3.162,3.945254931730145
2008-12-23,581586049152.1217,3897,3750,14,3857.0,8117851800000.015,7.16428512715791,3.162,4.002285127157911
2008-12-24,581302007653.1217,3894,3747,11,3854.0,8143649300000.005,7.138102173102191,3.162,3.9761021731021913
2008-12-25,581332630653.1217,3893,3746,0,3854.0,8143649300000.005,7.1384782084503735,3.162,3.9764782084503736
2008-12-26,581332630653.1217,3893,3746,0,3853.0,8205288299999.989,7.084853199528925,3.162,3.922853199528925
2008-12-27,581322954653.1217,3892,3745,0,3853.0,8205288299999.989,7.084735275579805,3.162,3.9227352755798055
2008-12-28,581322954653.1217,3892,3745,0,3853.0,8205288299999.989,7.084735275579805,3.162,3.9227352755798055
2008-12-29,581412907524.1217,3892,3745,17,3852.0,8153738200000.003,7.130630065165956,3.162,3.968630065165956
2008-12-30,581454235855.1217,3889,3741,8,3849.0,8346678800000.005,6.966294615950974,3.162,3.8042946159509743
2008-12-31,581329948855.1217,3887,3739,8,3848.0,8470426500000.002,6.863054048755651,3.162,3.701054048755651
2009-01-01,581332921224.1217,3886,3738,0,3848.0,8470426500000.002,6.863089139893034,3.162,3.7010891398930337
2009-01-02,581265009224.1217,3886,3738,2,3847.0,8749685299999.995,6.643267606711775,3.162,3.481267606711775
2009-01-03,581265009224.1217,3886,3738,0,3847.0,8749685299999.995,6.643267606711775,2.7948,3.848467606711775
2009-01-04,581265009224.1217,3886,3738,0,3847.0,8749685299999.995,6.643267606711775,2.7948,3.848467606711775
2009-01-05,581274109224.1217,3887,3739,2,3848.0,8749173699999.994,6.643760075584304,2.7948,3.848960075584304
2009-01-06,580705552224.1217,3884,3736,7,3845.0,8826860099999.998,6.578846222159132,2.7948,3.784046222159133
2009-01-07,580766495224.1217,3884,3736,10,3846.0,8578155600000.009,6.770295647517995,2.7948,3.975495647517995
2009-01-08,578523773077.1217,3882,3734,30,3844.0,8616727400000.002,6.7139616494902885,2.7948,3.919161649490289
2009-01-09,578086709859.1217,3882,3733,40,3844.0,8429222499999.989,6.858126118501707,2.7948,4.063326118501706
2009-01-10,578086709859.1217,3881,3733,0,3844.0,8429222499999.989,6.858126118501707,2.7948,4.063326118501706
2009-01-11,578086709859.1217,3881,3733,0,3844.0,8429222499999.989,6.858126118501707,2.7948,4.063326118501706
2009-01-12,578082483615.1217,3881,3733,9,3843.0,8247731300000.007,7.008987836632374,2.7948,4.214187836632375
2009-01-13,578590921620.1217,3881,3733,20,3843.0,8272492000000.012,6.994155106104919,2.7948,4.199355106104919
2009-01-14,578500798457.1217,3879,3731,22,3841.0,8001657199999.995,7.229762335446238,2.7948,4.434962335446238
2009-01-15,578455371475.1217,3879,3731,4,3841.0,8086758499999.989,7.153117920797591,2.7948,4.358317920797591
2009-01-16,578472551797.1217,3879,3731,4,3841.0,8181066000000.026,7.07087012618062,2.7948,4.27607012618062
2009-01-17,578472551797.1217,3879,3731,0,3841.0,8181066000000.026,7.07087012618062,2.7948,4.27607012618062
2009-01-18,578472551797.1217,3879,3731,0,3841.0,8181066000000.026,7.07087012618062,2.7948,4.27607012618062
2009-01-19,578472551797.1217,3879,3731,0,3841.0,8181066000000.026,7.07087012618062,2.7948,4.27607012618062
2009-01-20,578455433791.1217,3879,3731,6,3841.0,7814007700000.014,7.402800918549398,2.7948,4.608000918549399
2009-01-21,578905765998.1217,3878,3730,6,3840.0,8098679599999.994,7.148150002108024,2.7948,4.353350002108025
2009-01-22,579936731998.1217,3878,3730,5,3840.0,7988696899999.995,7.259465958686229,2.7948,4.464665958686229
2009-01-23,580933203034.1217,3877,3729,8,3839.0,8022901400000.016,7.240936589774375,2.7948,4.446136589774374
2009-01-24,580901393034.1217,3876,3728,0,3839.0,8022901400000.016,7.240540099796322,2.7948,4.445740099796321
2009-01-25,580901393034.1217,3876,3728,0,3839.0,8022901400000.016,7.240540099796322,2.7948,4.445740099796321
2009-01-26,580342393034.1217,3876,3727,5,3838.0,8085798000000.027,7.177305109948576,2.7948,4.382505109948577
2009-01-27,581517594034.1217,3874,3725,6,3836.0,8153221299999.989,7.132366124222858,2.7948,4.3375661242228585
2009-01-28,584056938034.1217,3871,3722,11,3834.0,8361786700000.006,6.984834210541645,2.7948,4.190034210541645
2009-01-29,583397891084.1217,3870,3721,20,3832.0,8119117899999.999,7.185483672852216,2.7948,4.390683672852216
2009-01-30,583648592159.1217,3868,3719,20,3830.0,7934525300000.003,7.355809832241905,2.7948,4.561009832241906
2009-01-31,583656049578.1217,3866,3717,0,3830.0,7934525300000.003,7.355903819200393,2.7948,4.561103819200394
2009-02-01,583656049578.1217,3866,3717,0,3830.0,7934525300000.003,7.355903819200393,2.7948,4.561103819200394
2009-02-02,578010705548.1217,3866,3717,19,3828.0,7933608899999.973,7.285596162272679,2.7948,4.490796162272678
2009-02-03,578684031302.1217,3865,3716,25,3827.0,8084907600000.005,7.157583734192848,3.6771,3.480483734192848
2009-02-04,578671646694.1217,3864,3715,41,3826.0,8026101000000.027,7.209872473497652,3.6771,3.532772473497652
2009-02-05,578069588572.1217,3864,3715,68,3826.0,8161414899999.978,7.0829579877396425,3.6771,3.4058579877396427
2009-02-06,576495776446.1217,3862,3713,95,3824.0,8360019300000.01,6.895866573491297,3.6771,3.218766573491297
2009-02-07,576495776446.1217,3862,3713,0,3824.0,8360019300000.01,6.895866573491297,3.6771,3.218766573491297
2009-02-08,576495776446.1217,3862,3713,0,3824.0,8360019300000.01,6.895866573491297,3.6771,3.218766573491297
2009-02-09,574803778906.1217,3862,3714,130,3824.0,8362763800000.042,6.873370965064431,3.6771,3.1962709650644308
2009-02-10,575079604172.1217,3862,3714,28,3824.0,8009753000000.007,7.179742049125874,3.6771,3.5026420491258743
2009-02-11,575470103283.1217,3863,3714,36,3825.0,8037997399999.995,7.159371602721867,3.6771,3.4822716027218674
2009-02-12,575788194502.1217,3862,3713,43,3824.0,8074832900000.003,7.130651514808703,3.6771,3.453551514808703
2009-02-13,574753614720.1217,3859,3710,75,3822.0,8024903299999.986,7.162125115203851,3.6771,3.485025115203852
2009-02-14,574757753720.1217,3858,3709,0,3822.0,8024903299999.986,7.162176692149333,3.6771,3.485076692149333
2009-02-15,574757753720.1217,3858,3709,0,3822.0,8024903299999.986,7.162176692149333,3.6771,3.485076692149333
2009-02-16,574757753720.1217,3858,3709,0,3822.0,8024903299999.986,7.162176692149333,3.6771,3.485076692149333
2009-02-17,575260142625.1217,3858,3710,111,3821.0,7704529799999.99,7.466518497016164,3.6771,3.789418497016164
2009-02-18,581471952625.1217,3858,3710,23,3821.0,7694745499999.995,7.556740539698447,3.6771,3.879640539698448
2009-02-19,580118902074.1217,3858,3711,32,3821.0,7625549700000.014,7.607568305195371,3.6771,3.930468305195371
2009-02-20,583184084122.1217,3857,3710,62,3820.0,7554629000000.004,7.719559545837676,3.6771,4.042459545837676
2009-02-21,583212567122.1217,3856,3709,0,3820.0,7554629000000.004,7.719936572955752,3.6771,4.042836572955752
2009-02-22,583212567122.1217,3856,3709,0,3820.0,7554629000000.004,7.719936572955752,3.6771,4.042836572955752
2009-02-23,581037780259.1217,3856,3709,45,3819.0,7275000900000.013,7.986772623754875,3.6771,4.309672623754874
2009-02-24,580573898891.1217,3856,3711,78,3819.0,7526064700000.003,7.714176293104701,3.6771,4.037076293104702
2009-02-25,572095366440.1217,3857,3712,96,3820.0,7433073199999.997,7.696619568338463,3.6771,4.019519568338463
2009-02-26,564131579954.941,3855,3710,148,3818.0,7290072899999.993,7.738353068526127,3.6771,4.061253068526128
2009-02-27,559518100394.941,3852,3709,282,3816.0,7170616299999.995,7.802929022920129,3.6771,4.125829022920129
2009-02-28,559517810938.941,3850,3707,0,3816.0,7170616299999.995,7.802924986223868,3.6771,4.1258249862238685
2009-03-01,559517810938.941,3850,3707,0,3816.0,7170616299999.995,7.802924986223868,3.6771,4.1258249862238685
2009-03-02,541392498601.941,3850,3714,258,3813.0,6839472299999.991,7.915705698551359,3.6771,4.238605698551359
2009-03-03,539736567368.941,3850,3716,54,3813.0,6812077700000.002,7.923229756597474,3.601,4.3222297565974745
2009-03-04,541547405985.941,3850,3716,51,3813.0,7005108900000.028,7.730749281941053,3.601,4.129749281941053
2009-03-05,535828062535.941,3850,3717,52,3813.0,6741461000000.004,7.948248347590243,3.601,4.347248347590243
2009-03-06,536211308338.941,3848,3720,87,3811.0,6761313899999.997,7.930578527628207,3.601,4.329578527628207
2009-03-07,536212392932.941,3847,3719,0,3811.0,6761313899999.997,7.930594568800322,3.601,4.329594568800323
2009-03-08,536212392932.941,3847,3719,0,3811.0,6761313899999.997,7.930594568800322,3.601,4.329594568800323
2009-03-09,536037903052.941,3847,3719,45,3810.0,6666583600000.015,8.040668732526505,3.601,4.439668732526505
2009-03-10,533870501244.941,3847,3719,73,3810.0,7050091200000.011,7.572533263753243,3.601,3.9715332637532432
2009-03-11,535245588955.941,3847,3722,89,3810.0,7056980499999.995,7.584626157829703,3.601,3.983626157829703
2009-03-12,535025384059.941,3846,3723,150,3809.0,7321383199999.994,7.307709068689936,3.601,3.706709068689936
2009-03-13,535969078283.941,3843,3724,197,3807.0,7372104000000.001,7.270232192654105,3.601,3.669232192654105
2009-03-14,535969078283.941,3843,3724,0,3807.0,7372104000000.001,7.270232192654105,3.601,3.669232192654105
2009-03-15,535969078283.941,3843,3724,0,3807.0,7372104000000.001,7.270232192654105,3.601,3.669232192654105
2009-03-16,534031953952.941,3843,3728,273,3807.0,7328141500000.009,7.287413240491336,3.601,3.686413240491336
2009-03-17,534336124111.941,3840,3725,37,3804.0,7548516400000.012,7.078690643262566,3.601,3.477690643262566
2009-03-18,534931712796.941,3840,3725,17,3803.0,7649313699999.995,6.993198785885084,3.601,3.392198785885084
2009-03-19,534905345104.941,3839,3724,25,3802.0,7619076200000.007,7.020606318452893,3.601,3.4196063184528933
2009-03-20,534629223678.941,3837,3723,28,3800.0,7470812200000.003,7.156239634546574,3.601,3.5552396345465738
2009-03-21,534629223678.941,3837,3723,0,3800.0,7470812200000.003,7.156239634546574,3.601,3.5552396345465738
2009-03-22,534629223678.941,3837,3723,0,3800.0,7470812200000.003,7.156239634546574,3.601,3.5552396345465738
2009-03-23,534857648616.941,3837,3723,34,3800.0,7928686500000.01,6.745854418849079,3.601,3.1448544188490786
2009-03-24,535008679735.941,3834,3720,19,3797.0,7802543899999.989,6.856849337764595,3.601,3.2558493377645954
2009-03-25,535140690856.941,3833,3720,29,3796.0,7857525400000.012,6.810549932895416,3.601,3.209549932895416
2009-03-26,535214958654.941,3831,3719,41,3794.0,8081579000000.003,6.62265330395138,3.601,3.02165330395138
2009-03-27,531693914802.941,3829,3721,70,3792.0,7813279499999.996,6.805003133485002,3.601,3.204003133485002
2009-03-28,531693914802.941,3829,3721,0,3792.0,7813279499999.996,6.805003133485002,3.601,3.204003133485002
2009-03-29,531693914802.941,3829,3721,0,3792.0,7813279499999.996,6.805003133485002,3.601,3.204003133485002
2009-03-30,531450709470.941,3829,3724,81,3792.0,7577111200000.011,7.013896133277552,3.601,3.412896133277552
2009-03-31,530425886646.941,3828,3730,267,3793.0,7640123599999.995,6.94263488940076,3.601,3.34163488940076
2009-04-01,532744710153.941,3824,3728,34,3791.0,7762465199999.997,6.863086615241009,3.601,3.2620866152410093
2009-04-02,532545794602.941,3823,3727,17,3790.0,8000811200000.016,6.656147499180333,3.601,3.0551474991803333
2009-04-03,533011179544.941,3822,3726,19,3789.0,8069513799999.993,6.605245281877348,3.6899,2.915345281877348
2009-04-04,533012253544.941,3821,3725,0,3789.0,8069513799999.993,6.6052585912293935,3.6899,2.9153585912293933
2009-04-05,533012253544.941,3821,3725,0,3789.0,8069513799999.993,6.6052585912293935,3.6899,2.9153585912293933
2009-04-06,533040520544.941,3821,3725,5,3788.0,8013942499999.992,6.6514143387595,3.6899,2.9615143387594998
2009-04-07,533369666537.941,3821,3725,11,3788.0,7804028400000.001,6.834542869397311,3.6899,3.1446428693973103
2009-04-08,533809995848.941,3820,3724,17,3787.0,7912648300000.002,6.746287407326583,3.6899,3.0563874073265827
2009-04-09,532347911213.941,3820,3724,44,3787.0,8150586800000.012,6.531405949985593,3.6899,2.8415059499855926
2009-04-10,532357965324.941,3820,3725,7,3787.0,8150586800000.012,6.531529304429226,3.6899,2.8416293044292256
2009-04-11,532357965324.941,3820,3725,0,3787.0,8150586800000.012,6.531529304429226,3.6899,2.8416293044292256
2009-04-12,532357965324.941,3820,3725,0,3787.0,8150586800000.012,6.531529304429226,3.6899,2.8416293044292256
2009-04-13,532350953832.941,3820,3725,10,3788.0,8133069800000.004,6.545510697977051,3.6899,2.8556106979770512
2009-04-14,535959765097.941,3820,3725,32,3787.0,8017900099999.991,6.684540321198834,3.6899,2.9946403211988337
2009-04-15,535734259582.941,3821,3728,54,3788.0,8078894900000.014,6.631281458840864,3.6899,2.9413814588408638
2009-04-16,535569952487.941,3822,3730,25,3789.0,8238237599999.994,6.501025807849259,3.6899,2.8111258078492587
2009-04-17,535724591141.941,3821,3729,11,3788.0,8281079800000.0,6.4692600974807775,3.6899,2.7793600974807773
2009-04-18,535572244141.941,3820,3728,0,3788.0,8281079800000.0,6.467420397783645,3.6899,2.7775203977836447
2009-04-19,535572244141.941,3820,3728,0,3788.0,8281079800000.0,6.467420397783645,3.6899,2.7775203977836447
2009-04-20,535218233802.941,3820,3728,13,3787.0,7969654800000.01,6.715701586007721,3.6899,3.0258015860077205
2009-04-21,535172117802.941,3819,3727,3,3786.0,8108333500000.01,6.600272642990578,3.6899,2.9103726429905774
2009-04-22,532520862402.941,3818,3726,16,3785.0,8094900300000.003,6.578473392722834,3.6899,2.8885733927228334
2009-04-23,532633494059.941,3817,3725,27,3784.0,8126677800000.006,6.5541357387140495,3.6899,2.8642357387140494
2009-04-24,532162678090.941,3817,3725,42,3784.0,8280438799999.993,6.426744897757611,3.6899,2.7368448977576105
2009-04-25,532171809090.941,3816,3724,0,3784.0,8280438799999.993,6.426855169691508,3.6899,2.7369551696915075
2009-04-26,532171809090.941,3816,3724,0,3784.0,8280438799999.993,6.426855169691508,3.6899,2.7369551696915075
2009-04-27,533907760524.941,3816,3724,19,3783.0,8199716299999.994,6.511295525248128,3.6899,2.821395525248128
2009-04-28,534508221524.941,3815,3723,43,3782.0,8197320100000.0,6.520523963983559,3.6899,2.8306239639835584
2009-04-29,532383675514.941,3815,3723,56,3782.0,8374199099999.984,6.357427966036084,3.6899,2.6675279660360838
2009-04-30,528281037170.941,3813,3721,129,3781.0,8380091799999.987,6.304000597832853,3.6899,2.6141005978328526
2009-05-01,520312979026.941,3813,3721,108,3781.0,8432425600000.003,6.1703832765146585,3.6899,2.4804832765146583
2009-05-02,520290280931.941,3811,3719,0,3781.0,8432425600000.003,6.170114100169954,3.6899,2.480214100169954
2009-05-03,520290280931.941,3811,3719,0,3781.0,8432425600000.003,6.170114100169954,4.0703,2.0998141001699544
2009-05-04,519320248004.941,3811,3719,79,3779.0,8674157500000.004,5.986981998020451,4.0703,1.916681998020452
2009-05-05,505007244444.941,3810,3718,155,3778.0,8650070299999.995,5.838186591904823,4.0703,1.7678865919048237
2009-05-06,511669706143.9267,3810,3718,203,3778.0,8724306000000.011,5.864875740762946,4.0703,1.794575740762946
2009-05-07,507132684372.9267,3810,3717,370,3777.0,8600818500000.004,5.896330498927823,4.0703,1.8260304989278229
2009-05-08,506354707075.9267,3810,3716,565,3777.0,8771208000000.004,5.772918702599761,4.0703,1.7026187025997617
2009-05-09,506479913923.9267,3809,3715,0,3777.0,8771208000000.004,5.774346178131068,4.0703,1.704046178131068
2009-05-10,506479913923.9267,3809,3715,0,3777.0,8771208000000.004,5.774346178131068,4.0703,1.704046178131068
2009-05-11,510676689898.9267,3809,3715,519,3776.0,8648457600000.0,5.904829664643632,4.0703,1.8345296646436324
2009-05-12,510334489497.9267,3809,3716,90,3777.0,8636466300000.005,5.909065950942534,4.0703,1.838765950942534
2009-05-13,511443027090.9267,3809,3716,107,3776.0,8392645399999.991,6.093943002654767,4.0703,2.023643002654768
2009-05-14,511009866817.9267,3809,3715,194,3776.0,8467194300000.001,6.035173502726005,4.0703,1.9648735027260056
2009-05-15,511291631618.9267,3809,3717,294,3776.0,8392828099999.996,6.092006478947506,4.0703,2.0217064789475065
2009-05-16,511291631618.9267,3809,3717,0,3776.0,8392828099999.996,6.092006478947506,4.0703,2.0217064789475065
2009-05-17,511291631618.9267,3809,3717,0,3776.0,8392828099999.996,6.092006478947506,4.0703,2.0217064789475065
2009-05-18,511460729944.9267,3809,3718,29,3776.0,8635940900000.006,5.922466768443568,4.0703,1.852166768443568
2009-05-19,511413891659.9267,3808,3717,18,3775.0,8656433399999.993,5.907905346559093,4.0703,1.8376053465590931
2009-05-20,510976849214.9267,3808,3716,48,3775.0,8640130599999.986,5.9139945085428165,4.0703,1.843694508542817
2009-05-21,510253813688.9267,3808,3716,10,3775.0,8469887100000.002,6.0243283961710254,4.0703,1.9540283961710256
2009-05-22,510544673911.9267,3808,3715,16,3775.0,8463838199999.988,6.032070342648178,4.0703,1.9617703426481787
2009-05-23,510544673911.9267,3808,3715,0,3775.0,8463838199999.988,6.032070342648178,4.0703,1.9617703426481787
2009-05-24,510544673911.9267,3808,3715,0,3775.0,8463838199999.988,6.032070342648178,4.0703,1.9617703426481787
2009-05-25,510544673911.9267,3808,3715,0,3775.0,8463838199999.988,6.032070342648178,4.0703,1.9617703426481787
2009-05-26,510712305756.9267,3808,3715,8,3775.0,8687347999999.99,5.878805658031971,4.0703,1.8085056580319716
2009-05-27,510645887517.9267,3809,3715,19,3776.0,8553810600000.009,5.9698058724602365,4.0703,1.899505872460237
2009-05-28,511374215517.9267,3808,3714,11,3776.0,8651504299999.993,5.910812707079474,4.0703,1.8405127070794745
2009-05-29,512160428017.9267,3807,3713,20,3774.0,8773873700000.005,5.837335315391267,4.0703,1.7670353153912677
2009-05-30,512032553582.9267,3802,3708,0,3774.0,8773873700000.005,5.835877869804832,4.0703,1.765577869804832
2009-05-31,512032553582.9267,3802,3708,0,3774.0,8773873700000.005,5.835877869804832,4.0703,1.765577869804832
2009-06-01,512153287636.9267,3802,3709,15,3769.0,9041909500000.012,5.664216033537231,4.0703,1.5939160335372309
2009-06-02,512573426667.9267,3801,3708,14,3768.0,9083841299999.977,5.642694645798447,4.0703,1.5723946457984477
2009-06-03,511903710138.9267,3800,3706,13,3767.0,8957081199999.99,5.715072786645355,4.4453,1.2697727866453556
2009-06-04,512653678198.9267,3800,3705,28,3767.0,9041551100000.0,5.669974902856289,4.4453,1.2246749028562895
2009-06-05,513420856132.9267,3799,3704,33,3766.0,9033283799999.992,5.68365687938341,4.4453,1.23835687938341
2009-06-06,513420856132.9267,3799,3704,0,3766.0,9033283799999.992,5.68365687938341,4.4453,1.23835687938341
2009-06-07,513420856132.9267,3799,3704,0,3766.0,9033283799999.992,5.68365687938341,4.4453,1.23835687938341
2009-06-08,513502885838.9267,3799,3704,24,3766.0,8997634199999.992,5.707087823585084,4.4453,1.2617878235850846
2009-06-09,513841737090.9267,3798,3704,61,3765.0,9042965999999.992,5.682225688904803,4.4453,1.2369256889048037
2009-06-10,514689642551.9267,3798,3704,27,3765.0,9015551599999.977,5.70890906499751,4.4453,1.2636090649975102
2009-06-11,514716789110.9267,3797,3703,37,3764.0,9058752400000.008,5.681983195731526,4.4453,1.2366831957315263
2009-06-12,514788863997.9267,3795,3700,25,3763.0,9057155399999.994,5.683780847990386,4.4453,1.2384808479903864
2009-06-13,514788863997.9267,3795,3700,0,3763.0,9057155399999.994,5.683780847990386,4.4453,1.2384808479903864
2009-06-14,514788863997.9267,3795,3700,0,3763.0,9057155399999.994,5.683780847990386,4.4453,1.2384808479903864
2009-06-15,514735610196.9267,3795,3699,39,3763.0,8836639699999.982,5.825015250954814,4.4453,1.3797152509548145
2009-06-16,514993158221.9267,3794,3697,8,3761.0,8716264099999.998,5.908416178233136,4.4453,1.463116178233136
2009-06-17,514764760058.9267,3794,3697,6,3761.0,8727925500000.011,5.897905064140684,4.4453,1.452605064140684
2009-06-18,514916766962.9267,3793,3696,6,3760.0,8769194900000.004,5.871881886932704,4.4453,1.4265818869327047
2009-06-19,514934436927.9267,3793,3696,3,3760.0,8793438000000.008,5.855894326291108,4.4453,1.4105943262911085
2009-06-20,514934071870.9267,3792,3695,0,3760.0,8793438000000.008,5.855890174820432,4.4453,1.410590174820432
2009-06-21,514934071870.9267,3792,3695,0,3760.0,8793438000000.008,5.855890174820432,4.4453,1.410590174820432
2009-06-22,514903353235.9267,3792,3695,11,3759.0,8528191800000.006,6.03766150329694,4.4453,1.5923615032969405
2009-06-23,514905293997.9267,3792,3695,3,3759.0,8526380699999.997,6.03896673295302,4.4453,1.5936667329530207
2009-06-24,515333775997.9267,3790,3693,11,3757.0,8593244699999.988,5.996963824362262,4.4453,1.5516638243622625
2009-06-25,515268446781.9267,3788,3690,6,3755.0,8789260200000.016,5.862478013586693,4.4453,1.4171780135866934
2009-06-26,514930659672.9267,3787,3689,16,3754.0,8783703200000.014,5.862341292143454,4.4453,1.4170412921434543
2009-06-27,514940924577.9267,3784,3686,0,3754.0,8783703200000.014,5.862458155210958,4.4453,1.4171581552109584
2009-06-28,514940924577.9267,3784,3686,0,3754.0,8783703200000.014,5.862458155210958,4.4453,1.4171581552109584
2009-06-29,514560277507.9267,3784,3686,26,3750.0,8846018599999.996,5.816857286598142,4.4453,1.371557286598143
2009-06-30,514759512048.9267,3784,3686,13,3753.0,8783810799999.993,5.8603210357049935,4.4453,1.415021035704994
2009-07-01,513595031767.9267,3783,3683,10,3751.0,8833865500000.021,5.813933116458762,4.4453,1.3686331164587626
2009-07-02,513635977148.9267,3783,3683,14,3751.0,8589380500000.015,5.979895490122086,4.4453,1.5345954901220864
2009-07-03,513638388148.9267,3781,3681,0,3751.0,8589380500000.015,5.979923559666798,4.3209,1.6590235596667977
2009-07-04,513638388148.9267,3781,3681,0,3751.0,8589380500000.015,5.979923559666798,4.3209,1.6590235596667977
2009-07-05,513638388148.9267,3781,3681,0,3751.0,8589380500000.015,5.979923559666798,4.3209,1.6590235596667977
2009-07-06,513585662148.9267,3781,3681,1,3749.0,8574887199999.986,5.989415955803215,4.3209,1.6685159558032143
2009-07-07,513689431023.9267,3780,3680,8,3748.0,8404324100000.002,6.112203966811877,4.3209,1.7913039668118769
2009-07-08,514830295973.9267,3780,3680,14,3748.0,8398400499999.994,6.1300993680156965,4.3209,1.8091993680156968
2009-07-09,514951622915.9267,3780,3680,22,3748.0,8419473100000.011,6.116197733512873,4.3209,1.7952977335128733
2009-07-10,515475886480.9267,3776,3676,21,3744.0,8403552900000.01,6.13402322345024,4.3209,1.81312322345024
2009-07-11,515529797677.9267,3775,3675,0,3744.0,8403552900000.01,6.13466475207083,4.3209,1.8137647520708304
2009-07-12,515529797677.9267,3775,3675,0,3744.0,8403552900000.01,6.13466475207083,4.3209,1.8137647520708304
2009-07-13,515418732315.9267,3775,3675,5,3743.0,8564421100000.002,6.018138602688821,4.3209,1.697238602688821
2009-07-14,515991995673.9267,3774,3674,19,3742.0,8628855499999.983,5.979842815468722,4.3209,1.6589428154687225
2009-07-15,515268445375.9267,3772,3672,14,3740.0,8881263299999.99,5.801747206120185,4.3209,1.4808472061201847
2009-07-16,515299271375.9267,3771,3671,5,3739.0,8985012499999.994,5.735097990970264,4.3209,1.4141979909702638
2009-07-17,515044217121.9267,3769,3669,6,3737.0,8987426700000.002,5.730719529784055,4.3209,1.4098195297840546
2009-07-18,515044217121.9267,3769,3669,0,3737.0,8987426700000.002,5.730719529784055,4.3209,1.4098195297840546
2009-07-19,515044217121.9267,3769,3669,0,3737.0,8987426700000.002,5.730719529784055,4.3209,1.4098195297840546
2009-07-20,515132757018.9267,3769,3669,12,3737.0,9108810299999.982,5.655324241618335,4.3209,1.3344242416183345
2009-07-21,514903460147.9267,3766,3666,3,3735.0,9143526300000.004,5.631344442547581,4.3209,1.3104444425475812
2009-07-22,517855701862.9267,3764,3664,24,3733.0,9153504299999.984,5.657458443133386,4.3209,1.336558443133386
2009-07-23,515369599546.9267,3765,3665,27,3733.0,9367762600000.004,5.50152284545433,4.3209,1.1806228454543302
2009-07-24,516046927732.9267,3764,3663,44,3731.0,9403985899999.99,5.487534043760394,4.3209,1.1666340437603937
2009-07-25,516064385217.9267,3762,3661,0,3731.0,9403985899999.99,5.487719682968977,4.3209,1.1668196829689768
2009-07-26,516064385217.9267,3762,3661,0,3731.0,9403985899999.99,5.487719682968977,4.3209,1.1668196829689768
2009-07-27,518445921217.9267,3762,3661,25,3730.0,9417485999999.998,5.505141406293854,4.3209,1.1842414062938538
2009-07-28,520473270543.9267,3759,3658,46,3726.0,9401408300000.002,5.536120269810286,4.3209,1.2152202698102856
2009-07-29,523677146439.9267,3758,3659,63,3725.0,9345748399999.98,5.603373042226643,4.3209,1.282473042226643
2009-07-30,528176643223.9267,3760,3660,122,3726.0,9452115699999.996,5.587919784180455,4.3209,1.2670197841804551
2009-07-31,531221969559.9267,3760,3661,138,3726.0,9458248300000.008,5.616494225045098,4.3209,1.2955942250450985
2009-08-01,531679092559.9267,3758,3659,0,3726.0,9458248300000.008,5.621327286998019,4.3209,1.3004272869980191
2009-08-02,531679092559.9267,3758,3659,0,3726.0,9458248300000.008,5.621327286998019,4.3209,1.3004272869980191
2009-08-03,528821642819.9267,3758,3659,85,3724.0,9607223700000.004,5.504416877686802,4.404,1.1004168776868024
2009-08-04,529844216800.9267,3758,3660,169,3724.0,9631988699999.965,5.500880797346956,4.404,1.096880797346956
2009-08-05,526745786163.9267,3756,3659,236,3722.0,9558748099999.98,5.510614786092416,4.404,1.1066147860924165
2009-08-06,532408458636.9267,3757,3662,364,3723.0,9497686500000.006,5.605664691469089,4.404,1.2016646914690892
2009-08-07,535291073453.558,3757,3664,527,3723.0,9644146100000.004,5.550424764443974,4.404,1.1464247644439745
2009-08-08,535290426453.558,3756,3663,0,3723.0,9644146100000.004,5.550418055711099,4.404,1.1464180557110994
2009-08-09,535290426453.558,3756,3663,0,3723.0,9644146100000.004,5.550418055711099,4.404,1.1464180557110994
2009-08-10,537449854089.558,3756,3667,441,3722.0,9618481100000.02,5.587679057658666,4.404,1.183679057658666
2009-08-11,538348606157.558,3756,3669,87,3723.0,9521090600000.012,5.654274586543241,4.404,1.2502745865432408
2009-08-12,538891172643.558,3757,3668,120,3723.0,9627194500000.023,5.597593074945735,4.404,1.1935930749457349
2009-08-13,539030774663.558,3757,3670,150,3723.0,9686082300000.012,5.56500304218515,4.404,1.1610030421851505
2009-08-14,541152713388.558,3756,3672,299,3722.0,9581244700000.008,5.648041881119658,4.404,1.2440418811196583
2009-08-15,541155038388.558,3755,3671,0,3722.0,9581244700000.008,5.648066147277896,4.404,1.2440661472778958
2009-08-16,541155038388.558,3755,3671,0,3722.0,9581244700000.008,5.648066147277896,4.404,1.2440661472778958
2009-08-17,541667370447.558,3755,3672,22,3721.0,9352887599999.98,5.791445312007803,4.404,1.3874453120078032
2009-08-18,541850558550.558,3755,3672,22,3721.0,9452581400000.03,5.732302485652822,4.404,1.3283024856528218
2009-08-19,541055830803.558,3752,3669,34,3718.0,9526543900000.012,5.679455597780401,4.404,1.2754555977804012
2009-08-20,541473718140.558,3752,3668,9,3718.0,9613807300000.008,5.632250587553981,4.404,1.2282505875539815
2009-08-21,541518169275.558,3751,3666,11,3717.0,9792832900000.02,5.529739706633378,4.404,1.125739706633378
2009-08-22,541518409275.558,3750,3665,0,3717.0,9792832900000.02,5.529742157405309,4.404,1.125742157405309
2009-08-23,541518409275.558,3750,3665,0,3717.0,9792832900000.02,5.529742157405309,4.404,1.125742157405309
2009-08-24,541499574959.558,3750,3665,14,3716.0,9797739699999.994,5.526780579397903,4.404,1.1227805793979029
2009-08-25,541441484959.558,3751,3665,12,3717.0,9813448800000.018,5.517341517689042,4.404,1.113341517689042
2009-08-26,541266341422.558,3753,3666,14,3718.0,9814405900000.002,5.515018911359249,4.404,1.111018911359249
2009-08-27,541518060387.558,3752,3665,24,3717.0,9831998400000.0,5.507711030420408,4.404,1.103711030420408
2009-08-28,542509294557.558,3751,3664,28,3716.0,9813129800000.02,5.528402310112692,4.404,1.124402310112692
2009-08-29,542444178557.558,3750,3663,0,3716.0,9813129800000.02,5.527738750154481,4.404,1.123738750154481
2009-08-30,542444178557.558,3750,3663,0,3716.0,9813129800000.02,5.527738750154481,4.404,1.123738750154481
2009-08-31,542683589192.558,3750,3663,17,3715.0,9715099699999.994,5.585980648171407,4.404,1.1819806481714066
2009-09-01,543347318496.558,3750,3663,13,3715.0,9531351200000.016,5.700632650033471,4.404,1.2966326500334713
2009-09-02,543404905980.558,3749,3661,13,3713.0,9508221399999.988,5.715105729243523,4.404,1.3111057292435229
2009-09-03,543064636315.558,3748,3660,33,3712.0,9585584000000.012,5.665430883664024,4.1604,1.5050308836640245
2009-09-04,542891176850.558,3747,3659,39,3711.0,9724280000000.02,5.58284188495762,4.1604,1.42244188495762
2009-09-05,542896094501.558,3745,3657,0,3711.0,9724280000000.02,5.582892455807082,4.1604,1.422492455807082
2009-09-06,542896094501.558,3745,3657,0,3711.0,9724280000000.02,5.582892455807082,4.1604,1.422492455807082
2009-09-07,542896094501.558,3745,3657,0,3711.0,9724280000000.02,5.582892455807082,4.1604,1.422492455807082
2009-09-08,542899725623.558,3745,3657,21,3709.0,9830880500000.016,5.522391668005294,4.1604,1.3619916680052937
2009-09-09,543637594270.558,3745,3657,69,3709.0,9915204800000.014,5.482868031838911,4.1604,1.3224680318389108
2009-09-10,543731045655.558,3743,3655,35,3707.0,10032051299999.986,5.419938847955839,4.1604,1.259538847955839
2009-09-11,542715958912.558,3743,3655,28,3707.0,10040602500000.012,5.405213072746952,4.1604,1.2448130727469522
2009-09-12,542718728912.558,3742,3654,0,3707.0,10040602500000.012,5.405240660732833,4.1604,1.2448406607328328
2009-09-13,542718728912.558,3742,3654,0,3707.0,10040602500000.012,5.405240660732833,4.1604,1.2448406607328328
2009-09-14,542822412217.558,3743,3655,28,3707.0,10098111199999.99,5.3754845977291135,4.1604,1.2150845977291134
2009-09-15,542868397626.558,3743,3655,11,3707.0,10150676700000.004,5.348100561872469,4.1604,1.187700561872469
2009-09-16,542842226231.558,3742,3654,4,3706.0,10286811700000.03,5.2770697283353245,4.1604,1.1166697283353244
2009-09-17,542806480508.558,3743,3654,8,3706.0,10255168499999.998,5.293004015570862,4.1604,1.1326040155708617
2009-09-18,542771065819.558,3743,3654,6,3706.0,10284870200000.006,5.277373999523666,4.1604,1.1169739995236665
2009-09-19,542771588607.558,3741,3652,0,3706.0,10284870200000.006,5.2773790826019145,4.1604,1.1169790826019144
2009-09-20,542771588607.558,3741,3652,0,3706.0,10284870200000.006,5.2773790826019145,4.1604,1.1169790826019144
2009-09-21,543536579092.558,3741,3652,12,3704.0,10264630199999.965,5.295237806935899,4.1604,1.1348378069358986
2009-09-22,543552655865.558,3741,3652,6,3704.0,10322907500000.0,5.265499626588323,4.1604,1.1050996265883226
2009-09-23,543496369935.558,3740,3651,8,3703.0,10223008399999.982,5.316403436933094,4.1604,1.1560034369330945
2009-09-24,543429194033.558,3741,3651,14,3705.0,10113794199999.996,5.37314862540468,4.1604,1.2127486254046795
2009-09-25,543592538535.558,3745,3651,21,3707.0,10063072300000.035,5.401854645678697,4.1604,1.2414546456786972
2009-09-26,543476780535.558,3741,3647,0,3707.0,10063072300000.035,5.400704321040763,4.1604,1.240304321040763
2009-09-27,543476780535.558,3741,3647,0,3707.0,10063072300000.035,5.400704321040763,4.1604,1.240304321040763
2009-09-28,543510549076.558,3741,3647,36,3703.0,10225187800000.027,5.315408965657888,4.1604,1.1550089656578877
2009-09-29,543617703581.558,3740,3646,12,3703.0,10209820600000.0,5.324458919303225,4.1604,1.1640589193032245
2009-09-30,543821334581.558,3739,3645,11,3706.0,10175809999999.994,5.344255981406476,4.1604,1.1838559814064755
2009-10-01,544718724581.558,3740,3645,6,3707.0,9921697599999.973,5.490176646600875,4.1604,1.329776646600875
2009-10-02,544507897157.558,3736,3639,8,3703.0,9868097599999.988,5.517860880881019,4.1604,1.3574608808810185
2009-10-03,544461346157.558,3735,3638,0,3703.0,9868097599999.988,5.51738914861927,3.9962,1.5211891486192703
2009-10-04,544461346157.558,3735,3638,0,3703.0,9868097599999.988,5.51738914861927,3.9962,1.5211891486192703
2009-10-05,544530393877.558,3735,3638,7,3702.0,10000260199999.992,5.445162255653692,3.9962,1.448962255653692
2009-10-06,544648547877.558,3734,3637,11,3701.0,10148125499999.992,5.366986719641558,3.9962,1.3707867196415575
2009-10-07,545314308877.558,3735,3636,16,3702.0,10165897100000.002,5.364153340461787,3.9962,1.3679533404617867
2009-10-08,546569835659.558,3735,3633,25,3702.0,10270272100000.002,5.321863241184797,3.9962,1.325663241184797
2009-10-09,546959282902.558,3735,3633,17,3702.0,10327119499999.998,5.296339244477205,3.9962,1.3001392444772053
2009-10-10,546959282902.558,3735,3633,0,3702.0,10327119499999.998,5.296339244477205,3.9962,1.3001392444772053
2009-10-11,546959282902.558,3735,3633,0,3702.0,10327119499999.998,5.296339244477205,3.9962,1.3001392444772053
2009-10-12,546959282902.558,3735,3633,0,3702.0,10358460200000.008,5.280314567435009,3.9962,1.284114567435009
2009-10-13,547250114226.558,3735,3633,25,3702.0,10345236100000.0,5.289875542101528,3.9962,1.2936755421015285
2009-10-14,547307908405.558,3733,3630,14,3700.0,10509613999999.992,5.207688012191108,3.9962,1.2114880121911078
2009-10-15,547369563213.558,3732,3629,15,3699.0,10560916500000.006,5.1829740649266345,3.9962,1.1867740649266345
2009-10-16,542813081576.558,3729,3626,7,3696.0,10430484800000.01,5.204102129333025,3.9962,1.207902129333025
2009-10-17,542810416576.558,3728,3625,0,3696.0,10430484800000.01,5.204076579226284,3.9962,1.2078765792262836
2009-10-18,542810416576.558,3728,3625,0,3696.0,10430484800000.01,5.204076579226284,3.9962,1.2078765792262836
2009-10-19,543007761863.558,3728,3625,6,3695.0,10537452299999.982,5.15312189706006,3.9962,1.1569218970600597
2009-10-20,542853667863.558,3728,3625,9,3695.0,10466857999999.996,5.186405202626789,3.9962,1.1902052026267889
2009-10-21,545257447532.558,3729,3624,22,3695.0,10381421600000.02,5.252242597801413,3.9962,1.2560425978014127
2009-10-22,546033507532.558,3729,3624,26,3695.0,10466790899999.98,5.216818724567805,3.9962,1.2206187245678048
2009-10-23,552969816405.558,3730,3624,29,3695.0,10340526100000.01,5.347598478626319,3.9962,1.351398478626319
2009-10-24,552903334845.558,3726,3620,0,3695.0,10340526100000.01,5.346955556212536,3.9962,1.350755556212536
2009-10-25,552903334845.558,3726,3620,0,3695.0,10340526100000.01,5.346955556212536,3.9962,1.350755556212536
2009-10-26,554159268845.558,3726,3620,26,3691.0,10234454400000.006,5.414643977949208,3.9962,1.4184439779492075
2009-10-27,555013087425.558,3724,3618,57,3689.0,10177689300000.012,5.453232763015838,3.9962,1.457032763015838
2009-10-28,560170906531.558,3724,3616,65,3688.0,9946808399999.977,5.631664791407456,3.9962,1.6354647914074558
2009-10-29,566896784072.2528,3723,3615,116,3688.0,10155369699999.99,5.582236795104105,3.9962,1.5860367951041052
2009-10-30,568856972813.2528,3724,3616,146,3688.0,9896336400000.004,5.748157194951988,3.9962,1.751957194951988
2009-10-31,568863320753.2528,3723,3615,0,3688.0,9896336400000.004,5.748221339295344,3.9962,1.752021339295344
2009-11-01,568863320753.2528,3723,3615,0,3688.0,9896336400000.004,5.748221339295344,3.9962,1.752021339295344
2009-11-02,566803519144.2528,3723,3615,83,3687.0,9949511699999.986,5.696797352821381,3.9962,1.7005973528213811
2009-11-03,563073234616.2528,3724,3616,142,3688.0,10004623599999.986,5.6281301239184405,4.3288,1.2993301239184405
2009-11-04,570143568024.2528,3722,3615,203,3686.0,9973813999999.996,5.716404657478604,4.3288,1.3876046574786036
2009-11-05,578074230205.2528,3723,3614,347,3687.0,10203522600000.01,5.665437838156523,4.3288,1.3366378381565225
2009-11-06,587992624705.2528,3722,3612,501,3688.0,10235822000000.031,5.74445925989384,4.3288,1.4156592598938396
2009-11-07,587988678705.2528,3721,3611,0,3688.0,10235822000000.031,5.744420709008528,4.3288,1.415620709008528
2009-11-08,587988678705.2528,3721,3611,0,3688.0,10235822000000.031,5.744420709008528,4.3288,1.415620709008528
2009-11-09,592035840649.2528,3722,3612,510,3687.0,10466008100000.012,5.656749306827425,4.3288,1.327949306827425
2009-11-10,592789378007.2528,3720,3610,86,3686.0,10464460399999.988,5.664786862849168,4.3288,1.3359868628491671
2009-11-11,592788551007.2528,3719,3609,0,3684.0,10513624300000.016,5.638289272018707,4.3288,1.3094892720187072
2009-11-12,593786036921.2528,3718,3608,204,3685.0,10404370199999.992,5.707082942139576,4.3288,1.3782829421395757
2009-11-13,594464321334.2528,3718,3608,167,3684.0,10493309700000.008,5.665174652514567,4.3288,1.336374652514567
2009-11-14,594431317334.2528,3717,3607,0,3684.0,10493309700000.008,5.6648601282992,4.3288,1.3360601282991995
2009-11-15,594431317334.2528,3717,3607,0,3684.0,10493309700000.008,5.6648601282992,4.3288,1.3360601282991995
2009-11-16,596974249928.2528,3717,3608,240,3685.0,10664628799999.992,5.597703034242066,4.3288,1.268903034242066
2009-11-17,597028474409.2528,3716,3607,18,3684.0,10669777600000.008,5.595510017090256,4.3288,1.266710017090256
2009-11-18,596099403217.2528,3716,3606,13,3684.0,10647329899999.984,5.598581135513174,4.3288,1.269781135513174
2009-11-19,596391504600.2528,3715,3605,23,3682.0,10497503899999.986,5.681269664498563,4.3288,1.352469664498563
2009-11-20,597352744603.2528,3718,3605,25,3685.0,10462553499999.988,5.70943550829397,4.3288,1.3806355082939694
2009-11-21,597352744603.2528,3718,3605,0,3685.0,10462553499999.988,5.70943550829397,4.3288,1.3806355082939694
2009-11-22,597352744603.2528,3718,3605,0,3685.0,10462553499999.988,5.70943550829397,4.3288,1.3806355082939694
2009-11-23,598306387421.2528,3718,3604,37,3685.0,10596111999999.984,5.6464709642674,4.3288,1.3176709642673998
2009-11-24,598605055708.2528,3717,3602,31,3686.0,10592595099999.988,5.6511652721272565,4.3288,1.3223652721272563
2009-11-25,598997152001.2528,3713,3598,25,3681.0,10649553799999.996,5.624622056947147,4.3288,1.2958220569471468
2009-11-26,599046885001.2528,3711,3596,0,3681.0,10649553799999.996,5.62508905303857,4.3288,1.2962890530385698
2009-11-27,599246717763.2528,3712,3597,4,3680.0,10475392699999.992,5.720517931163127,4.3288,1.391717931163127
2009-11-28,599258031763.2528,3711,3596,0,3680.0,10475392699999.992,5.72062593666062,4.3288,1.39182593666062
2009-11-29,599258031763.2528,3711,3596,0,3680.0,10475392699999.992,5.72062593666062,4.3288,1.39182593666062
2009-11-30,599405815565.2528,3711,3596,15,3680.0,10481134100000.012,5.718902266170338,4.3288,1.390102266170338
2009-12-01,600732967134.2528,3709,3594,13,3678.0,10630901499999.986,5.650818673602174,4.3288,1.322018673602174
2009-12-02,601733672134.2528,3710,3594,18,3678.0,10651994900000.023,5.649023284213659,4.3288,1.3202232842136592
2009-12-03,603624093231.2528,3708,3592,15,3676.0,10575068099999.982,5.707992492561384,4.3318,1.376192492561383
2009-12-04,605895423698.2528,3708,3592,28,3676.0,10640543199999.986,5.694215157157142,4.3318,1.362415157157142
2009-12-05,605866012698.2528,3706,3590,0,3676.0,10640543199999.986,5.693938752095416,4.3318,1.3621387520954151
2009-12-06,605866012698.2528,3706,3590,0,3676.0,10640543199999.986,5.693938752095416,4.3318,1.3621387520954151
2009-12-07,606585220715.2528,3706,3590,14,3674.0,10636214800000.004,5.70301777579043,4.3318,1.3712177757904298
2009-12-08,608937054906.2528,3706,3590,32,3674.0,10522978700000.008,5.786736553085034,4.3318,1.4549365530850338
2009-12-09,609853223294.2528,3707,3589,34,3674.0,10536289099999.994,5.7881215815751785,4.3318,1.4563215815751782
2009-12-10,611196126108.2528,3706,3588,66,3673.0,10593521599999.98,5.769527350642812,4.3318,1.4377273506428114
2009-12-11,611669954190.2528,3707,3589,26,3674.0,10632658599999.98,5.752747052277725,4.3318,1.4209470522777243
2009-12-12,611601623294.2528,3705,3587,0,3674.0,10632658599999.98,5.7521044011913816,4.3318,1.4203044011913812
2009-12-13,611601623294.2528,3705,3587,0,3674.0,10632658599999.98,5.7521044011913816,4.3318,1.4203044011913812
2009-12-14,611588175148.2528,3705,3587,29,3672.0,10727927300000.016,5.700897834647443,4.3318,1.3690978346474427
2009-12-15,611364118489.2528,3703,3585,27,3670.0,10693335800000.014,5.717244178278326,4.3318,1.385444178278326
2009-12-16,611484165100.2528,3703,3584,8,3671.0,10719962199999.988,5.704163444720481,4.3318,1.3723634447204809
2009-12-17,612529715378.2528,3703,3582,13,3670.0,10603552600000.006,5.776646172135294,4.3318,1.4448461721352936
2009-12-18,613643088729.2528,3701,3580,15,3669.0,10657048400000.012,5.758096104069979,4.3318,1.426296104069979
2009-12-19,613652750729.2528,3700,3579,0,3669.0,10657048400000.012,5.758186767071942,4.3318,1.426386767071942
2009-12-20,613652750729.2528,3700,3579,0,3669.0,10657048400000.012,5.758186767071942,4.3318,1.426386767071942
2009-12-21,613537376202.2528,3700,3579,9,3667.0,10770493399999.977,5.696464901062512,4.3318,1.3646649010625111
2009-12-22,613671597794.2528,3697,3576,22,3664.0,10825097500000.004,5.668970628617919,4.3318,1.337170628617918
2009-12-23,613703992311.2528,3695,3574,11,3662.0,10881406700000.0,5.639932494309333,4.3318,1.3081324943093326
2009-12-24,613236421311.2528,3691,3570,1,3658.0,10936343799999.973,5.607325743648022,4.3318,1.2755257436480214
2009-12-25,613236421311.2528,3691,3570,0,3658.0,10936343799999.973,5.607325743648022,4.3318,1.2755257436480214
2009-12-26,613236421311.2528,3691,3570,0,3658.0,10936343799999.973,5.607325743648022,4.3318,1.2755257436480214
2009-12-27,613236421311.2528,3691,3570,0,3658.0,10936343799999.973,5.607325743648022,4.3318,1.2755257436480214
2009-12-28,613234244809.2528,3691,3570,3,3658.0,10950474999999.99,5.6000698125812205,4.3318,1.2682698125812202
2009-12-29,613242047536.2528,3689,3568,15,3657.0,10934093999999.986,5.608530963207866,4.3318,1.276730963207866
2009-12-30,613221667536.2528,3689,3568,2,3657.0,10932368299999.998,5.609229864093153,4.3318,1.2774298640931523
2009-12-31,612979374536.2528,3685,3564,0,3655.0,10814397100000.014,5.668178899554669,4.3318,1.3363788995546688
2010-01-01,612742273536.2528,3683,3562,0,3655.0,10814397100000.014,5.665986442612248,4.3318,1.3341864426122472
2010-01-02,612742273536.2528,3683,3562,0,3655.0,10814397100000.014,5.665986442612248,4.3318,1.3341864426122472
2010-01-03,612742273536.2528,3683,3562,0,3655.0,10814397100000.014,5.665986442612248,4.6281,1.0378864426122476
2010-01-04,612744228152.2528,3683,3562,4,3653.0,10995199299999.969,5.572834210947451,4.6281,0.944734210947451
2010-01-05,614495164152.2528,3684,3561,8,3655.0,11023392499999.982,5.574465067376071,4.6281,0.9463650673760712
2010-01-06,614813720152.2528,3683,3560,18,3654.0,11028896900000.018,5.574571289647761,4.6281,0.9464712896477608
2010-01-07,615964282874.2528,3683,3560,21,3654.0,11048945000000.02,5.574869662888644,4.6281,0.9467696628886442
2010-01-08,614581060861.2528,3683,3560,31,3654.0,11098353600000.01,5.537587673015323,4.6281,0.909487673015323
2010-01-09,614581060861.2528,3683,3560,0,3654.0,11098353600000.01,5.537587673015323,4.6281,0.909487673015323
2010-01-10,614581060861.2528,3683,3560,0,3654.0,11098353600000.01,5.537587673015323,4.6281,0.909487673015323
2010-01-11,614648421372.2528,3683,3561,15,3654.0,11112878800000.012,5.530955861520349,4.6281,0.902855861520349
2010-01-12,614913190168.2528,3683,3561,12,3654.0,11000778900000.018,5.5897241073379975,4.6281,0.9616241073379976
2010-01-13,614918857049.2528,3683,3562,16,3654.0,11092897600000.004,5.543356472065987,4.6281,0.9152564720659876
2010-01-14,614749782411.2528,3682,3562,19,3653.0,11111984799999.996,5.532313024863506,4.6281,0.9042130248635064
2010-01-15,614759467369.2528,3683,3562,5,3654.0,11001736100000.0,5.587840517000338,4.6281,0.9597405170003376
2010-01-16,614625934364.2528,3681,3560,0,3654.0,11001736100000.0,5.586626772153286,4.6281,0.9585267721532862
2010-01-17,614625934364.2528,3681,3560,0,3654.0,11001736100000.0,5.586626772153286,4.6281,0.9585267721532862
2010-01-18,614625934364.2528,3681,3560,0,3654.0,11001736100000.0,5.586626772153286,4.6281,0.9585267721532862
2010-01-19,614613727610.2528,3681,3560,6,3652.0,11139978700000.002,5.517189432420124,4.6281,0.889089432420124
2010-01-20,614454665386.2528,3680,3559,5,3651.0,11003914999999.996,5.583964119917803,4.6281,0.9558641199178028
2010-01-21,614516747386.2528,3680,3559,3,3651.0,10813814999999.996,5.682700761814892,4.6281,1.0546007618148918
2010-01-22,614374858386.2528,3681,3559,4,3651.0,10596176899999.98,5.7980804226310525,4.6281,1.1699804226310526
2010-01-23,614377690386.2528,3680,3558,0,3651.0,10596176899999.98,5.79810714925167,4.6281,1.1700071492516697
2010-01-24,614377690386.2528,3680,3558,0,3651.0,10596176899999.98,5.79810714925167,4.6281,1.1700071492516697
2010-01-25,616239547157.2528,3681,3558,6,3651.0,10642027699999.996,5.790621529365621,4.6281,1.1625215293656217
2010-01-26,616141348129.2528,3681,3557,4,3652.0,10614011299999.982,5.804981083158013,4.6281,1.1768810831580128
2010-01-27,614032172076.2528,3680,3556,4,3650.0,10626175299999.977,5.778487129571955,4.6281,1.1503871295719552
2010-01-28,615285021647.2528,3678,3554,22,3648.0,10479186299999.982,5.871496164232273,4.6281,1.2433961642322728
2010-01-29,619058259754.2528,3676,3552,43,3646.0,10363249500000.0,5.97359216097473,4.6281,1.3454921609747297
2010-01-30,619060448754.2528,3675,3551,0,3646.0,10363249500000.0,5.973613283693043,4.6281,1.3455132836930428
2010-01-31,619060448754.2528,3675,3551,0,3646.0,10363249500000.0,5.973613283693043,4.6281,1.3455132836930428
2010-02-01,619092232583.2528,3676,3551,15,3646.0,10521046599999.973,5.884321742128339,4.6281,1.2562217421283393
2010-02-02,618290144539.2528,3676,3552,34,3645.0,10657129299999.982,5.801657530224897,4.6281,1.1735575302248975
2010-02-03,619088888248.2528,3675,3550,43,3645.0,10618156100000.002,5.830474542074708,4.6383,1.1921745420747083
2010-02-04,620463898212.2528,3675,3550,66,3644.0,10291047800000.008,6.029161561296531,4.6383,1.3908615612965312
2010-02-05,623359546927.2528,3675,3550,71,3644.0,10308955500000.006,6.046776969085301,4.6383,1.4084769690853012
2010-02-06,622976966927.2528,3673,3548,0,3644.0,10308955500000.006,6.043065826865316,4.6383,1.404765826865316
2010-02-07,622976966927.2528,3673,3548,0,3644.0,10308955500000.006,6.043065826865316,4.6383,1.404765826865316
2010-02-08,626780754278.2528,3673,3548,54,3642.0,10238605000000.02,6.121739770977117,4.6383,1.4834397709771163
2010-02-09,628014720866.2528,3672,3547,111,3641.0,10378526699999.992,6.051097029660802,4.6383,1.412797029660802
2010-02-10,628123983921.2528,3674,3547,38,3644.0,10342413999999.988,6.07328215560945,4.6383,1.4349821556094495
2010-02-11,627582059120.2528,3677,3547,49,3647.0,10472738600000.012,5.992530541345242,4.6383,1.3542305413452418
2010-02-12,630244042315.2528,3675,3545,71,3645.0,10472973800000.01,6.017813606248612,4.6383,1.3795136062486115
2010-02-13,629187042315.2528,3674,3544,0,3645.0,10472973800000.01,6.007720961884314,4.6383,1.3694209618843145
2010-02-14,629187042315.2528,3674,3544,0,3645.0,10472973800000.01,6.007720961884314,4.6383,1.3694209618843145
2010-02-15,629187042315.2528,3674,3544,0,3645.0,10472973800000.01,6.007720961884314,4.6383,1.3694209618843145
2010-02-16,630546753926.2528,3677,3543,109,3646.0,10618324300000.004,5.938288717799405,4.6383,1.2999887177994047
2010-02-17,633723118055.2528,3678,3543,30,3647.0,10675418100000.018,5.936283826253622,4.6383,1.2979838262536223
2010-02-18,635980048166.2528,3678,3544,36,3647.0,10742810499999.998,5.9200527475212645,4.6383,1.2817527475212644
2010-02-19,630975238432.2528,3676,3542,73,3645.0,10753215700000.0,5.8677818434559335,4.6383,1.2294818434559334
2010-02-20,630975775432.2528,3674,3540,0,3645.0,10753215700000.0,5.867786837310933,4.6383,1.2294868373109331
2010-02-21,630975775432.2528,3674,3540,0,3645.0,10753215700000.0,5.867786837310933,4.6383,1.2294868373109331
2010-02-22,633199083777.2528,3674,3540,55,3643.0,10726787299999.988,5.902970442764848,4.6383,1.2646704427648476
2010-02-23,633835225272.2528,3673,3539,76,3642.0,10599637200000.0,5.979782263417967,4.6383,1.3414822634179666
2010-02-24,641951737585.2528,3673,3543,93,3642.0,10689204399999.977,6.0056082151937735,4.6383,1.3673082151937734
2010-02-25,659431457058.2528,3671,3542,168,3641.0,10691280000000.006,6.167937394383577,4.6383,1.5296373943835766
2010-02-26,668043080977.22,3670,3543,303,3640.0,10695580799999.994,6.245972925352687,4.6383,1.607672925352687
2010-02-27,667530815232.22,3666,3539,0,3640.0,10695580799999.994,6.241183416913838,4.6383,1.602883416913838
2010-02-28,667530815232.22,3666,3539,0,3640.0,10695580799999.994,6.241183416913838,4.6383,1.602883416913838
2010-03-01,688957163502.22,3667,3539,189,3636.0,10863601999999.977,6.341885163891512,4.6383,1.7035851638915114
2010-03-02,690055284908.22,3667,3541,59,3636.0,10900149100000.004,6.330695833401212,4.6383,1.6923958334012117
2010-03-03,689689356373.22,3667,3540,57,3636.0,10909345199999.994,6.322005067483064,4.5853,1.7367050674830633
2010-03-04,689851915660.22,3666,3539,58,3635.0,10941462800000.01,6.304933154461024,4.5853,1.7196331544610235
2010-03-05,690204434835.22,3666,3539,97,3635.0,11093634199999.955,6.221626046000532,4.5853,1.6363260460005318
2010-03-06,690082796835.22,3664,3537,0,3635.0,11093634199999.955,6.220529579344006,4.5853,1.6352295793440057
2010-03-07,690082796835.22,3664,3537,0,3635.0,11093634199999.955,6.220529579344006,4.5853,1.6352295793440057
2010-03-08,689799845149.22,3665,3537,57,3634.0,11096391499999.97,6.2164339204255885,4.5853,1.6311339204255884
2010-03-09,690362881588.22,3664,3536,59,3633.0,11120704799999.998,6.207905829747591,4.5853,1.6226058297475907
2010-03-10,690954744472.22,3665,3537,86,3633.0,11166986000000.002,6.18747748472345,4.5853,1.60217748472345
2010-03-11,691805987219.22,3664,3537,94,3632.0,11198345900000.008,6.177751548281961,4.5853,1.5924515482819608
2010-03-12,692658360803.22,3664,3536,163,3632.0,11214098200000.004,6.17667465051465,4.5853,1.5913746505146502
2010-03-13,692080614946.22,3659,3532,0,3632.0,11214098200000.004,6.171522690484553,4.5853,1.5862226904845524
2010-03-14,692080614946.22,3659,3532,0,3632.0,11214098200000.004,6.171522690484553,4.5853,1.5862226904845524
2010-03-15,692373424694.22,3659,3532,124,3628.0,11201817499999.977,6.180902560626627,4.5853,1.5956025606266264
2010-03-16,692790873978.22,3658,3531,171,3627.0,11289569699999.994,6.13655694936026,4.5853,1.5512569493602602
2010-03-17,692718179336.22,3658,3530,49,3628.0,11349418600000.008,6.103556523470017,4.5853,1.5182565234700167
2010-03-18,693488585217.22,3657,3529,33,3627.0,11342801099999.996,6.113909422402022,4.5853,1.528609422402022
2010-03-19,693847813629.22,3656,3528,47,3626.0,11268588399999.988,6.157362297741043,4.5853,1.5720622977410432
2010-03-20,693847813629.22,3656,3528,0,3626.0,11268588399999.988,6.157362297741043,4.5853,1.5720622977410432
2010-03-21,693847813629.22,3656,3528,0,3626.0,11268588399999.988,6.157362297741043,4.5853,1.5720622977410432
2010-03-22,693926302036.22,3656,3528,18,3626.0,11347543300000.01,6.115211757211091,4.5853,1.5299117572110903
2010-03-23,693934154554.22,3656,3529,21,3626.0,11434130500000.002,6.068971790677217,4.5853,1.4836717906772172
2010-03-24,693483482915.22,3658,3529,33,3629.0,11358958899999.994,6.105167639221059,4.5853,1.5198676392210588
2010-03-25,693331072214.22,3658,3529,40,3630.0,11317570000000.023,6.126147858720719,4.5853,1.5408478587207188
2010-03-26,693921189616.22,3659,3528,65,3630.0,11321162799999.955,6.129416225833469,4.5853,1.544116225833469
2010-03-27,693911038823.22,3657,3526,0,3630.0,11321162799999.955,6.129326563727382,4.5853,1.5440265637273818
2010-03-28,693911038823.22,3657,3526,0,3630.0,11321162799999.955,6.129326563727382,4.5853,1.5440265637273818
2010-03-29,692904340798.22,3657,3526,53,3628.0,11394219799999.977,6.081191630147608,4.5853,1.4958916301476082
2010-03-30,695974379250.22,3657,3525,80,3627.0,11406856100000.008,6.101368976244204,4.5853,1.5160689762442034
2010-03-31,696661971315.22,3660,3528,219,3632.0,11357764499999.996,6.133794826571903,4.5853,1.5484948265719032
2010-04-01,695865900990.22,3658,3526,25,3631.0,11436994199999.969,6.08434251886061,4.5853,1.4990425188606098
2010-04-02,696232312990.22,3655,3523,11,3631.0,11436994199999.969,6.087546262725409,4.5853,1.502246262725409
2010-04-03,696232312990.22,3655,3523,0,3631.0,11436994199999.969,6.087546262725409,4.806,1.281546262725409
2010-04-04,696232312990.22,3655,3523,0,3631.0,11436994199999.969,6.087546262725409,4.806,1.281546262725409
2010-04-05,696217080301.22,3656,3524,9,3628.0,11554482099999.98,6.025515244004067,4.806,1.219515244004067
2010-04-06,695903150589.22,3654,3522,9,3626.0,11563006200000.008,6.018358362457849,4.806,1.212358362457849
2010-04-07,696316479761.22,3654,3522,18,3626.0,11495608399999.984,6.057239038876976,4.806,1.2512390388769763
2010-04-08,696275279071.22,3654,3522,25,3626.0,11523807500000.0,6.042059267921822,4.806,1.2360592679218216
2010-04-09,696348683268.22,3653,3520,26,3626.0,11608145799999.988,5.9987933927244494,4.806,1.1927933927244494
2010-04-10,696304525268.22,3651,3518,0,3626.0,11608145799999.988,5.998412987440429,4.806,1.192412987440429
2010-04-11,696304525268.22,3651,3518,0,3626.0,11608145799999.988,5.998412987440429,4.806,1.192412987440429
2010-04-12,696324417555.22,3651,3518,11,3624.0,11622911899999.996,5.990963568735475,4.806,1.1849635687354754
2010-04-13,696334243866.22,3650,3517,18,3622.0,11640029199999.992,5.982237947188486,4.806,1.1762379471884865
2010-04-14,696372642805.22,3651,3517,16,3623.0,11753620099999.969,5.924750305697066,4.806,1.1187503056970662
2010-04-15,696502954738.22,3651,3517,55,3624.0,11769227400000.02,5.918000656000739,4.806,1.1120006560007392
2010-04-16,696547651185.22,3651,3516,15,3623.0,11621698899999.986,5.993509702658196,4.806,1.187509702658196
2010-04-17,696547651185.22,3651,3516,0,3623.0,11621698899999.986,5.993509702658196,4.806,1.187509702658196
2010-04-18,696547651185.22,3651,3516,0,3623.0,11621698899999.986,5.993509702658196,4.806,1.187509702658196
2010-04-19,696794483805.22,3651,3516,10,3623.0,11637359599999.996,5.987565115760625,4.806,1.181565115760625
2010-04-20,696876472805.22,3650,3515,8,3622.0,11737336900000.01,5.937262249030438,4.806,1.1312622490304376
2010-04-21,697909453369.22,3650,3515,19,3622.0,11746468900000.002,5.941440438915391,4.806,1.1354404389153911
2010-04-22,701062124537.22,3652,3512,20,3624.0,11790934599999.965,5.945772310001806,4.806,1.1397723100018062
2010-04-23,700073297725.22,3652,3512,30,3625.0,11891156599999.982,5.88734402610778,4.806,1.0813440261077796
2010-04-24,700073297725.22,3652,3512,0,3625.0,11891156599999.982,5.88734402610778,4.806,1.0813440261077796
2010-04-25,700073297725.22,3652,3512,0,3625.0,11891156599999.982,5.88734402610778,4.806,1.0813440261077796
2010-04-26,699640966725.22,3652,3512,23,3625.0,11877689200000.008,5.89037947486637,4.806,1.0843794748663695
2010-04-27,700429188327.22,3652,3512,40,3625.0,11610384199999.98,6.032782173799392,4.806,1.2267821737993918
2010-04-28,700185608576.22,3650,3509,77,3624.0,11669859100000.023,5.9999491217183465,4.806,1.1939491217183464
2010-04-29,701920333480.22,3649,3506,121,3621.0,11816378199999.984,5.940232460401622,4.806,1.1342324604016216
2010-04-30,704152143719.22,3649,3505,153,3623.0,11614565900000.006,6.062664328412133,4.806,1.2566643284121328
2010-05-01,704131420719.22,3647,3503,0,3623.0,11614565900000.006,6.062485905902171,4.806,1.256485905902171
2010-05-02,704131420719.22,3647,3503,0,3623.0,11614565900000.006,6.062485905902171,4.806,1.256485905902171
2010-05-03,708464738301.22,3648,3504,71,3623.0,11781130500000.004,6.013554796810202,4.5266,1.4869547968102017
2010-05-04,714502961089.22,3647,3503,155,3621.0,11486320200000.023,6.220468771967705,4.5266,1.693868771967705
2010-05-05,723264077621.22,3648,3503,231,3622.0,11387707300000.008,6.351270352911332,4.5266,1.8246703529113315
2010-05-06,730114197546.4208,3647,3502,349,3621.0,11020974199999.994,6.6247700457045005,4.5266,2.0981700457045003
2010-05-07,743068122523.4208,3647,3502,485,3620.0,10831562399999.969,6.860211805855662,4.5266,2.3336118058556616
2010-05-08,743068122523.4208,3647,3502,0,3620.0,10831562399999.969,6.860211805855662,4.5266,2.3336118058556616
2010-05-09,743068122523.4208,3647,3502,0,3620.0,10831562399999.969,6.860211805855662,4.5266,2.3336118058556616
2010-05-10,746467994033.4208,3647,3502,441,3620.0,11321376600000.016,6.593438416609335,4.5266,2.0668384166093343
2010-05-11,746456140757.4208,3648,3502,80,3621.0,11309141900000.004,6.600466661024215,4.5266,2.0738666610242147
2010-05-12,746533640060.4208,3648,3501,116,3621.0,11501855100000.023,6.49054985973888,4.5266,1.96394985973888
2010-05-13,737072446402.4208,3652,3501,139,3625.0,11383449600000.008,6.474948036862396,4.5266,1.948348036862396
2010-05-14,737292143794.4208,3652,3498,190,3624.0,11173391800000.02,6.598642175909553,4.5266,2.0720421759095524
2010-05-15,737214241794.4208,3651,3497,0,3624.0,11173391800000.02,6.597944965954023,4.5266,2.0713449659540224
2010-05-16,737214241794.4208,3651,3497,0,3624.0,11173391800000.02,6.597944965954023,4.5266,2.0713449659540224
2010-05-17,737155098509.4208,3651,3498,236,3623.0,11182824000000.006,6.591851025370876,4.5266,2.065251025370876
2010-05-18,737411312452.4208,3653,3498,26,3625.0,11047855499999.988,6.674700917770164,4.5266,2.148100917770164
2010-05-19,737410661274.4208,3651,3496,8,3623.0,10957293299999.97,6.729861482072609,4.5266,2.203261482072609
2010-05-20,737018886249.4208,3653,3496,15,3625.0,10524766300000.02,7.002710228819231,4.5266,2.4761102288192305
2010-05-21,737125904950.4208,3653,3496,27,3625.0,10654997400000.002,6.918123743046814,4.5266,2.3915237430468137
2010-05-22,737125904950.4208,3653,3496,0,3625.0,10654997400000.002,6.918123743046814,4.5266,2.3915237430468137
2010-05-23,737125904950.4208,3653,3496,0,3625.0,10654997400000.002,6.918123743046814,4.5266,2.3915237430468137
2010-05-24,736746387916.4208,3653,3496,15,3625.0,10550931900000.006,6.982761284966879,4.5266,2.4561612849668792
2010-05-25,736721884916.4208,3653,3496,9,3625.0,10543079299999.998,6.987729713049022,4.5266,2.461129713049022
2010-05-26,737559034916.4208,3652,3495,8,3624.0,10509417600000.006,7.018077147456967,4.5266,2.4914771474569664
2010-05-27,737476463423.4208,3652,3494,25,3624.0,10865688099999.994,6.78720442402006,4.5266,2.26060442402006
2010-05-28,738448669347.4208,3652,3493,25,3624.0,10746870100000.023,6.871290547630412,4.5266,2.344690547630412
2010-05-29,738341769347.4208,3650,3491,0,3624.0,10746870100000.023,6.870295839412993,4.5266,2.3436958394129928
2010-05-30,738341769347.4208,3650,3491,0,3624.0,10746870100000.023,6.870295839412993,4.5266,2.3436958394129928
2010-05-31,738341769347.4208,3650,3491,0,3624.0,10746870100000.023,6.870295839412993,4.5266,2.3436958394129928
2010-06-01,738194149072.4208,3651,3491,13,3623.0,10541919900000.02,7.00246403003327,4.5266,2.4758640300332697
2010-06-02,738796162549.4208,3650,3490,23,3622.0,10812605300000.035,6.832730336965305,4.5266,2.306130336965305
2010-06-03,739363103799.4208,3649,3490,21,3621.0,10887639299999.986,6.790848625922258,4.2698,2.521048625922257
2010-06-04,736846490330.4208,3646,3487,32,3618.0,10493031799999.99,7.022245852056042,4.2698,2.752445852056041
2010-06-05,736756336330.4208,3645,3486,0,3618.0,10493031799999.99,7.021386672347847,4.2698,2.7515866723478477
2010-06-06,736756336330.4208,3645,3486,0,3618.0,10493031799999.99,7.021386672347847,4.2698,2.7515866723478477
2010-06-07,736705801700.4208,3645,3486,15,3617.0,10332914500000.002,7.129699967036605,4.2698,2.859899967036605
2010-06-08,734814069306.4208,3645,3486,35,3617.0,10408523999999.998,7.059733630881966,4.2698,2.7899336308819658
2010-06-09,735275262494.4208,3644,3485,61,3616.0,10370587499999.977,7.090005869912601,4.2698,2.820205869912601
2010-06-10,734892465009.4208,3644,3486,37,3616.0,10680196800000.006,6.880888796069941,4.2698,2.611088796069941
2010-06-11,734809013555.4208,3644,3486,20,3616.0,10751857899999.988,6.83425153484796,4.2698,2.56445153484796
2010-06-12,734809013555.4208,3644,3486,0,3616.0,10751857899999.988,6.83425153484796,4.2698,2.56445153484796
2010-06-13,734809013555.4208,3644,3486,0,3616.0,10751857899999.988,6.83425153484796,4.2698,2.56445153484796
2010-06-14,734844154207.4208,3645,3485,37,3617.0,10759730900000.016,6.829577440523347,4.2698,2.559777440523347
2010-06-15,734812393880.4208,3646,3485,8,3618.0,11011058400000.018,6.673403838094434,4.2698,2.4036038380944342
2010-06-16,734792587880.4208,3648,3486,7,3618.0,10994694999999.99,6.683155720831014,4.2698,2.4133557208310137
2010-06-17,734416400332.4208,3649,3485,5,3618.0,11004463999999.988,6.673804379135791,4.2698,2.404004379135791
2010-06-18,734747955331.4208,3650,3485,8,3618.0,11007972199999.992,6.674689415834656,4.2698,2.4048894158346563
2010-06-19,734747442331.4208,3649,3484,0,3618.0,11007972199999.992,6.674684755575794,4.2698,2.404884755575794
2010-06-20,734747442331.4208,3649,3484,0,3618.0,11007972199999.992,6.674684755575794,4.2698,2.404884755575794
2010-06-21,734775430439.4208,3649,3484,6,3617.0,10949500700000.006,6.710583893925139,4.2698,2.440783893925139
2010-06-22,734776646359.4208,3649,3484,6,3617.0,10760942399999.988,6.828181204272793,4.2698,2.558381204272793
2010-06-23,734832449336.4208,3649,3484,5,3617.0,10739107299999.973,6.8425841069343125,4.2698,2.5727841069343125
2010-06-24,734887858336.4208,3650,3484,8,3618.0,10559237299999.984,6.959667989812313,4.2698,2.689867989812313
2010-06-25,734897832016.4208,3650,3484,9,3618.0,10581065699999.996,6.945404677115096,4.2698,2.6756046771150954
2010-06-26,734639832016.4208,3649,3483,0,3618.0,10581065699999.996,6.942966359394413,4.2698,2.673166359394413
2010-06-27,734639832016.4208,3649,3483,0,3618.0,10581065699999.996,6.942966359394413,4.2698,2.673166359394413
2010-06-28,734677899788.4208,3649,3483,11,3617.0,10532130199999.998,6.975586950002014,4.2698,2.7057869500020137
2010-06-29,734404930976.4208,3650,3482,19,3617.0,10198343899999.99,7.201217552355941,4.2698,2.931417552355941
2010-06-30,734298571445.4208,3650,3482,12,3621.0,10100856199999.984,7.269666619404223,4.2698,2.999866619404223
2010-07-01,734664829112.4208,3649,3481,13,3620.0,10069692299999.998,7.295802167782435,4.2698,3.026002167782435
2010-07-02,734897117792.4208,3645,3477,10,3616.0,10013697199999.994,7.338918913909452,4.2698,3.069118913909452
2010-07-03,734897117792.4208,3645,3477,0,3616.0,10013697199999.994,7.338918913909452,3.9425,3.396418913909452
2010-07-04,734897117792.4208,3645,3477,0,3616.0,10013697199999.994,7.338918913909452,3.9425,3.396418913909452
2010-07-05,734897117792.4208,3645,3477,0,3616.0,10013697199999.994,7.338918913909452,3.9425,3.396418913909452
2010-07-06,735066178792.4208,3646,3477,2,3617.0,10034830200000.006,7.325148150413351,3.9425,3.3826481504133508
2010-07-07,734987815437.4208,3645,3474,9,3616.0,10337416799999.982,7.109975631798285,3.9425,3.1674756317982853
2010-07-08,735071628823.4208,3643,3471,15,3614.0,10445589899999.984,7.037148077423773,3.9425,3.094648077423773
2010-07-09,734373281030.4208,3642,3470,19,3614.0,10516793299999.96,6.982863122644273,3.9425,3.0403631226442727
2010-07-10,734373281030.4208,3642,3470,0,3614.0,10516793299999.96,6.982863122644273,3.9425,3.0403631226442727
2010-07-11,734373281030.4208,3642,3470,0,3614.0,10516793299999.96,6.982863122644273,3.9425,3.0403631226442727
2010-07-12,734265884673.4208,3642,3470,10,3613.0,10505294699999.996,6.98948392826544,3.9425,3.0469839282654405
2010-07-13,734910244692.4208,3640,3468,4,3611.0,10680062700000.0,6.881141668694705,3.9425,2.938641668694705
2010-07-14,734846344378.4208,3641,3468,21,3612.0,10693713500000.008,6.871760164309809,3.9425,2.929260164309809
2010-07-15,734990269310.4208,3640,3467,21,3612.0,10697360100000.008,6.870763089581515,3.9425,2.928263089581515
2010-07-16,735198418873.4208,3641,3466,7,3613.0,10407392400000.004,7.064194282454657,3.9425,3.1216942824546567
2010-07-17,735201375807.4208,3640,3465,0,3613.0,10407392400000.004,7.06422269431698,3.9425,3.12172269431698
2010-07-18,735201375807.4208,3640,3465,0,3613.0,10407392400000.004,7.06422269431698,3.9425,3.12172269431698
2010-07-19,735138684807.4208,3640,3465,3,3612.0,10475455100000.012,7.017725509676614,3.9425,3.0752255096766143
2010-07-20,736321684380.4208,3640,3465,16,3612.0,10602556400000.006,6.944756119198011,3.9425,3.0022561191980115
2010-07-21,739376089954.4208,3639,3464,14,3611.0,10472786299999.996,7.0599749557996905,3.9425,3.1174749557996906
2010-07-22,739160882527.4208,3638,3462,20,3611.0,10708686100000.002,6.902442331626665,3.9425,2.959942331626665
2010-07-23,737685045028.4208,3637,3462,40,3610.0,10827619100000.045,6.8129940498961385,3.9425,2.8704940498961387
2010-07-24,737631579028.4208,3635,3460,0,3610.0,10827619100000.045,6.812500257128715,3.9425,2.870000257128715
2010-07-25,737631579028.4208,3635,3460,0,3610.0,10827619100000.045,6.812500257128715,3.9425,2.870000257128715
2010-07-26,737245620028.4208,3635,3460,14,3608.0,10957451500000.002,6.728258117577984,3.9425,2.785758117577984
2010-07-27,735493942718.4208,3634,3458,46,3605.0,10903510899999.986,6.745478125934847,3.9425,2.802978125934847
2010-07-28,734361548520.4208,3632,3457,70,3603.0,10816436700000.006,6.7893112019083,3.9425,2.8468112019083
2010-07-29,734666349698.4208,3633,3456,136,3604.0,10770093899999.98,6.821355101634,3.9425,2.878855101634
2010-07-30,735590836764.4208,3631,3453,144,3601.0,10777770199999.994,6.825074418124272,3.9425,2.882574418124272
2010-07-31,735576167764.4208,3630,3452,0,3601.0,10777770199999.994,6.824938313904867,3.9425,2.882438313904867
2010-08-01,735576167764.4208,3630,3452,0,3601.0,10777770199999.994,6.824938313904867,3.9425,2.882438313904867
2010-08-02,738849550124.4208,3631,3452,68,3601.0,11004865800000.008,6.713844253552099,3.9425,2.7713442535521
2010-08-03,738587743502.4208,3631,3452,117,3601.0,10952272700000.002,6.743693877366846,4.0488,2.6948938773668463
2010-08-04,744707827588.3282,3631,3453,196,3601.0,11066151299999.973,6.729600991343125,4.0488,2.680800991343125
2010-08-05,749688514141.3282,3631,3454,361,3601.0,11045733500000.008,6.787132010213064,4.0488,2.738332010213064
2010-08-06,750621274776.3282,3631,3453,488,3601.0,11004352699999.996,6.821130649295968,4.0488,2.7723306492959683
2010-08-07,750620511054.3282,3630,3452,0,3601.0,11004352699999.996,6.821123709114926,4.0488,2.772323709114926
2010-08-08,750620511054.3282,3630,3452,0,3601.0,11004352699999.996,6.821123709114926,4.0488,2.772323709114926
2010-08-09,749213502529.3282,3630,3451,443,3600.0,11077775899999.977,6.7632123026548125,4.0488,2.7144123026548126
2010-08-10,749498754862.3282,3630,3452,98,3600.0,10985391199999.98,6.822686067495982,4.0488,2.773886067495982
2010-08-11,748682408241.3282,3629,3451,102,3599.0,10669326300000.0,7.017147917215056,4.0488,2.9683479172150564
2010-08-12,749861172421.3282,3630,3453,142,3600.0,10613561599999.984,7.065122912381545,4.0488,3.016322912381545
2010-08-13,747703998763.3282,3628,3454,160,3598.0,10560874199999.994,7.0799441845763935,4.0488,3.0311441845763936
2010-08-14,747703998763.3282,3628,3454,0,3598.0,10560874199999.994,7.0799441845763935,4.0488,3.0311441845763936
2010-08-15,747703998763.3282,3628,3454,0,3598.0,10560874199999.994,7.0799441845763935,4.0488,3.0311441845763936
2010-08-16,747688168349.3282,3628,3458,238,3599.0,10578831199999.988,7.067776715723842,4.0488,3.0189767157238423
2010-08-17,747711786222.3282,3628,3459,27,3599.0,10729692299999.988,6.968622820827108,4.0488,2.9198228208271084
2010-08-18,747597953222.3282,3626,3458,8,3598.0,10746369200000.014,6.956749198811514,4.0488,2.9079491988115143
2010-08-19,748077870476.3282,3626,3460,13,3598.0,10568762400000.023,7.078197447946473,4.0488,3.029397447946473
2010-08-20,747603679503.3282,3626,3460,15,3598.0,10536571800000.0,7.095321834216782,4.0488,3.046521834216782
2010-08-21,747603679503.3282,3626,3460,0,3598.0,10536571800000.0,7.095321834216782,4.0488,3.046521834216782
2010-08-22,747603679503.3282,3626,3460,0,3598.0,10536571800000.0,7.095321834216782,4.0488,3.046521834216782
2010-08-23,747711682642.3282,3626,3460,25,3598.0,10482311100000.002,7.133080439124995,4.0488,3.0842804391249947
2010-08-24,747705237642.3282,3626,3460,4,3598.0,10328839700000.018,7.239005148296831,4.0488,3.1902051482968314
2010-08-25,747471045582.3282,3624,3458,12,3596.0,10379193100000.008,7.201629629400841,4.0488,3.1528296294008413
2010-08-26,747477336118.3282,3624,3458,24,3597.0,10301976300000.004,7.255669342962165,4.0488,3.2068693429621646
2010-08-27,745214140118.3282,3623,3457,24,3596.0,10475837499999.996,7.1136473825441495,4.0488,3.0648473825441496
2010-08-28,744700705658.3282,3621,3455,0,3596.0,10475837499999.996,7.108746252109471,4.0488,3.059946252109471
2010-08-29,744700705658.3282,3621,3455,0,3596.0,10475837499999.996,7.108746252109471,4.0488,3.059946252109471
2010-08-30,744780958762.3282,3621,3455,15,3594.0,10319037000000.0,7.217543252944322,4.0488,3.1687432529443225
2010-08-31,743501690762.3282,3621,3455,16,3594.0,10305958300000.014,7.21428972560783,4.0488,3.16548972560783
2010-09-01,746177815576.3282,3619,3454,22,3592.0,10604498100000.016,7.036427453142051,4.0488,2.987627453142051
2010-09-02,745220272576.3282,3618,3453,24,3592.0,10716040300000.0,6.954250373398915,4.0488,2.9054503733989154
2010-09-03,745222204295.3282,3617,3452,28,3591.0,10847567400000.006,6.869947674123949,3.7811,3.088847674123949
2010-09-04,745222204295.3282,3617,3452,0,3591.0,10847567400000.006,6.869947674123949,3.7811,3.088847674123949
2010-09-05,745222204295.3282,3617,3452,0,3591.0,10847567400000.006,6.869947674123949,3.7811,3.088847674123949
2010-09-06,745222204295.3282,3617,3452,0,3591.0,10847567400000.006,6.869947674123949,3.7811,3.088847674123949
2010-09-07,745082218419.3282,3617,3452,17,3591.0,10735695399999.955,6.940232473616299,3.7811,3.159132473616299
2010-09-08,743656682975.3282,3617,3452,52,3591.0,10802492900000.014,6.884121006692142,3.7811,3.1030210066921424
2010-09-09,742267838979.3282,3616,3451,61,3590.0,10827770100000.002,6.85522348668382,3.7811,3.07412348668382
2010-09-10,742190490415.3282,3616,3451,23,3590.0,10884902600000.03,6.818531296874684,3.7811,3.037431296874684
2010-09-11,742175811415.3282,3614,3449,0,3590.0,10884902600000.03,6.818396440362509,3.7811,3.037296440362509
2010-09-12,742175811415.3282,3614,3449,0,3590.0,10884902600000.03,6.818396440362509,3.7811,3.037296440362509
2010-09-13,742048406546.3282,3614,3450,32,3588.0,11010418600000.014,6.739511307465889,3.7811,2.9584113074658887
2010-09-14,742025162520.3282,3614,3450,28,3588.0,11019627600000.01,6.733668227775026,3.7811,2.9525682277750263
2010-09-15,742032114157.3282,3614,3450,5,3588.0,11060505499999.98,6.708844493204488,3.7811,2.927744493204488
2010-09-16,741939118123.3282,3614,3450,7,3588.0,11056722900000.023,6.710298565258668,3.7811,2.9291985652586683
2010-09-17,741693943123.3282,3614,3450,7,3588.0,11087188699999.998,6.689648414871197,3.7811,2.908548414871197
2010-09-18,741757070123.3282,3611,3447,0,3588.0,11087188699999.998,6.690217783732033,3.7811,2.909117783732033
2010-09-19,741757070123.3282,3611,3447,0,3588.0,11087188699999.998,6.690217783732033,3.7811,2.909117783732033
2010-09-20,741777032172.3282,3611,3447,4,3586.0,11259436199999.998,6.588047740546088,3.7811,2.806947740546088
2010-09-21,742929768585.3282,3611,3447,5,3585.0,11231876300000.04,6.614476056732618,3.7811,2.8333760567326185
2010-09-22,742916767300.3282,3611,3447,9,3585.0,11186386699999.998,6.641257693159565,3.7811,2.860157693159565
2010-09-23,742884226685.3282,3611,3446,12,3585.0,11112895899999.98,6.684884240527526,3.7811,2.9037842405275263
2010-09-24,742778330254.3282,3612,3446,18,3586.0,11351157599999.99,6.543635076076548,3.7811,2.762535076076548
2010-09-25,742773538254.3282,3610,3444,0,3586.0,11351157599999.99,6.543592860117887,3.7811,2.7624928601178875
2010-09-26,742773538254.3282,3610,3444,0,3586.0,11351157599999.99,6.543592860117887,3.7811,2.7624928601178875
2010-09-27,742768780130.3282,3610,3444,11,3584.0,11305194000000.012,6.570155099773851,3.7811,2.7890550997738512
2010-09-28,742451795375.3282,3607,3442,29,3582.0,11367434700000.012,6.531392657794001,3.7811,2.750292657794001
2010-09-29,742377843153.3282,3607,3442,7,3581.0,11358465100000.016,6.535899319295591,3.7811,2.75479931929559
2010-09-30,742323405153.3282,3607,3441,8,3581.0,11326065700000.004,6.554115301956336,3.7811,2.773015301956336
2010-10-01,741352276242.3282,3607,3440,10,3581.0,11362527199999.99,6.5245368674877975,3.7811,2.7434368674877976
2010-10-02,740311140242.3282,3603,3436,0,3581.0,11362527199999.99,6.515373976330978,3.7811,2.7342739763309782
2010-10-03,740311140242.3282,3603,3436,0,3581.0,11362527199999.99,6.515373976330978,3.7147,2.800673976330978
2010-10-04,740278510948.3282,3603,3435,7,3577.0,11252942399999.996,6.578532837316652,3.7147,2.8638328373166515
2010-10-05,740304370210.3282,3603,3434,10,3577.0,11487978000000.012,6.444165981257341,3.7147,2.729465981257341
2010-10-06,739727057210.3282,3602,3433,9,3576.0,11468109799999.99,6.450296257281465,3.7147,2.735596257281465
2010-10-07,739500124803.3282,3601,3432,22,3575.0,11455323099999.973,6.455515207627186,3.7147,2.7408152076271857
2010-10-08,739205240638.3282,3600,3430,17,3575.0,11549739300000.01,6.400189834919716,3.7147,2.685489834919716
2010-10-09,739205240638.3282,3600,3430,0,3575.0,11549739300000.01,6.400189834919716,3.7147,2.685489834919716
2010-10-10,739205240638.3282,3600,3430,0,3575.0,11549739300000.01,6.400189834919716,3.7147,2.685489834919716
2010-10-11,739205240638.3282,3600,3430,0,3574.0,11558239600000.02,6.395482930102321,3.7147,2.6807829301023207
2010-10-12,738538597798.3282,3600,3430,22,3574.0,11593425999999.984,6.370322265379786,3.7147,2.6556222653797863
2010-10-13,738530740746.3282,3598,3429,10,3572.0,11697855799999.984,6.313385575725161,3.7147,2.598685575725161
2010-10-14,738566514187.3282,3599,3429,16,3573.0,11677818000000.01,6.324524959948234,3.7147,2.609824959948234
2010-10-15,738797582664.3282,3602,3429,14,3575.0,11734321500000.0,6.296040062174265,3.7147,2.5813400621742653
2010-10-16,738865888664.3282,3601,3428,0,3575.0,11734321500000.0,6.296622166559253,3.7147,2.5819221665592527
2010-10-17,738865888664.3282,3601,3428,0,3575.0,11734321500000.0,6.296622166559253,3.7147,2.5819221665592527
2010-10-18,738787258664.3282,3603,3428,3,3575.0,11783106699999.99,6.269885162495633,3.7147,2.555185162495633
2010-10-19,738691452664.3282,3603,3428,4,3575.0,11574953699999.988,6.381809135567679,3.7147,2.6671091355676784
2010-10-20,738968308824.3282,3602,3427,18,3574.0,11696981099999.986,6.317598553906607,3.7147,2.602898553906607
2010-10-21,738455178624.3282,3604,3427,24,3576.0,11720826399999.994,6.300367853109135,3.7147,2.585667853109135
2010-10-22,738900721507.3282,3604,3426,34,3576.0,11765574900000.018,6.280192236992408,3.7147,2.565492236992408
2010-10-23,738795514507.3282,3601,3423,0,3576.0,11765574900000.018,6.279298043543348,3.7147,2.564598043543348
2010-10-24,738795514507.3282,3601,3423,0,3576.0,11765574900000.018,6.279298043543348,3.7147,2.564598043543348
2010-10-25,739040136351.3282,3601,3423,13,3573.0,11815311499999.969,6.254935693835327,3.7147,2.5402356938353265
2010-10-26,738111289579.3282,3601,3423,42,3573.0,11812970799999.969,6.248312148366018,3.7147,2.533612148366017
2010-10-27,740582549999.3282,3602,3423,51,3574.0,11773961999999.992,6.290002889420984,3.7147,2.575302889420984
2010-10-28,738593167474.3282,3602,3422,130,3574.0,11778844100000.004,6.270506351929117,3.7147,2.555806351929117
2010-10-29,736479810131.3282,3602,3421,142,3574.0,11807520899999.98,6.237378839882718,3.7147,2.5226788398827176
2010-10-30,736479810131.3282,3602,3421,0,3574.0,11807520899999.98,6.237378839882718,3.7147,2.5226788398827176
2010-10-31,736479810131.3282,3602,3421,0,3574.0,11807520899999.98,6.237378839882718,3.7147,2.5226788398827176
2010-11-01,735272696852.3282,3602,3421,59,3574.0,11818443200000.045,6.22140060589643,3.7147,2.50670060589643
2010-11-02,735194491646.3282,3602,3422,104,3574.0,11931818099999.973,6.161630067477562,3.7147,2.446930067477562
2010-11-03,735435361726.3282,3599,3420,207,3571.0,11955534099999.977,6.151422057558515,4.0398,2.111622057558515
2010-11-04,732206755818.3282,3597,3421,300,3569.0,12167475300000.004,6.017737762067435,4.0398,1.977937762067436
2010-11-05,719898411476.3282,3599,3425,435,3570.0,12196096600000.002,5.902695223620385,4.0398,1.8628952236203853
2010-11-06,719864511476.3282,3598,3424,0,3570.0,12196096600000.002,5.902417265835105,4.0398,1.8626172658351048
2010-11-07,719864511476.3282,3598,3424,0,3570.0,12196096600000.002,5.902417265835105,4.0398,1.8626172658351048
2010-11-08,714955135963.015,3598,3425,258,3569.0,12195736900000.016,5.862336501888739,4.0398,1.822536501888739
2010-11-09,702821161247.015,3598,3428,381,3569.0,12117517700000.006,5.800042373752957,4.0398,1.7602423737529571
2010-11-10,702605630967.015,3597,3426,135,3567.0,12166551599999.98,5.77489541873982,4.0398,1.73509541873982
2010-11-11,702843163967.015,3595,3424,0,3566.0,12128485000000.002,5.794979042864916,4.0398,1.755179042864916
2010-11-12,706329338997.015,3596,3429,292,3568.0,11978522000000.01,5.896631813148687,4.0398,1.856831813148688
2010-11-13,706312465127.015,3594,3427,0,3568.0,11978522000000.01,5.896490945435626,4.0398,1.8566909454356264
2010-11-14,706312465127.015,3594,3427,0,3568.0,11978522000000.01,5.896490945435626,4.0398,1.8566909454356264
2010-11-15,706305069408.015,3596,3429,268,3567.0,11952574900000.006,5.909229394647129,4.0398,1.8694293946471292
2010-11-16,706043201753.015,3596,3428,26,3567.0,11749550800000.027,6.009108039713428,4.0398,1.969308039713428
2010-11-17,710406030012.015,3592,3424,13,3563.0,11770684399999.994,6.035384229756558,4.0398,1.9955842297565587
2010-11-18,711000230201.015,3594,3425,19,3565.0,12011591700000.018,5.919284037943231,4.0398,1.8794840379432316
2010-11-19,710939915418.015,3594,3424,23,3565.0,12065644700000.012,5.892266290735499,4.0398,1.8524662907354996
2010-11-20,710695443418.015,3591,3421,0,3565.0,12065644700000.012,5.890240108081538,4.0398,1.8504401080815385
2010-11-21,710695443418.015,3591,3421,0,3565.0,12065644700000.012,5.890240108081538,4.0398,1.8504401080815385
2010-11-22,710266731860.015,3591,3422,34,3562.0,12088715199999.992,5.875452602771347,4.0398,1.8356526027713471
2010-11-23,709299487619.015,3589,3420,34,3561.0,11915013100000.002,5.952989574296104,4.0398,1.913189574296104
2010-11-24,708873904385.015,3589,3420,20,3560.0,12109421100000.016,5.853904150587463,4.0398,1.814104150587464
2010-11-25,708878212385.015,3588,3419,0,3560.0,12109421100000.016,5.853939726193964,4.0398,1.8141397261939645
2010-11-26,708880879385.015,3588,3419,3,3559.0,12029313300000.01,5.892945521545394,4.0398,1.853145521545394
2010-11-27,708880879385.015,3588,3419,0,3559.0,12029313300000.01,5.892945521545394,4.0398,1.853145521545394
2010-11-28,708880879385.015,3588,3419,0,3559.0,12029313300000.01,5.892945521545394,4.0398,1.853145521545394
2010-11-29,709046940954.015,3588,3419,17,3559.0,12008084699999.988,5.904746332727115,4.0398,1.864946332727115
2010-11-30,708951886633.015,3588,3418,9,3558.0,11938202599999.973,5.938514451354818,4.0398,1.8987144513548184
2010-12-01,708915244144.015,3586,3416,22,3556.0,12186408600000.008,5.817261405005036,4.0398,1.7774614050050364
2010-12-02,707930554543.015,3584,3414,16,3554.0,12310164700000.004,5.7507805280868,4.0398,1.7109805280868002
2010-12-03,707748345448.015,3583,3413,17,3554.0,12352905800000.006,5.729407775845054,4.3143,1.415107775845054
2010-12-04,707780664448.015,3581,3411,0,3554.0,12352905800000.006,5.729669406594315,4.3143,1.4153694065943148
2010-12-05,707780664448.015,3581,3411,0,3554.0,12352905800000.006,5.729669406594315,4.3143,1.4153694065943148
2010-12-06,706770069448.015,3581,3411,10,3551.0,12349683899999.988,5.722981050940224,4.3143,1.408681050940224
2010-12-07,706817620448.015,3582,3411,20,3552.0,12367616500000.006,5.7150674137414805,4.3143,1.4007674137414805
2010-12-08,706351390840.015,3583,3412,35,3553.0,12365983700000.004,5.712051770212303,4.3143,1.3977517702123023
2010-12-09,706289510552.015,3582,3411,56,3552.0,12387626599999.977,5.701572491311746,4.3143,1.3872724913117451
2010-12-10,706351147430.015,3580,3409,47,3550.0,12464673100000.004,5.666824486797129,4.3143,1.3525244867971289
2010-12-11,706373651430.015,3579,3408,0,3550.0,12464673100000.004,5.6670050290369405,4.3143,1.3527050290369402
2010-12-12,706373651430.015,3579,3408,0,3550.0,12464673100000.004,5.6670050290369405,4.3143,1.3527050290369402
2010-12-13,706407703413.015,3579,3408,22,3549.0,12452902400000.002,5.672635026939703,4.3143,1.3583350269397023
2010-12-14,706456427090.015,3577,3407,27,3547.0,12468950700000.014,5.665724759742728,4.3143,1.351424759742728
2010-12-15,706180009683.015,3578,3406,21,3548.0,12409876099999.998,5.690467849900735,4.3143,1.3761678499007344
2010-12-16,706294194793.015,3576,3403,6,3546.0,12507130800000.014,5.64713207279334,4.3143,1.33283207279334
2010-12-17,705973891055.015,3576,3401,15,3547.0,12527601800000.006,5.635347469736902,4.3143,1.321047469736902
2010-12-18,705944563235.015,3573,3398,0,3547.0,12527601800000.006,5.635113364115826,4.3143,1.3208133641158255
2010-12-19,705944563235.015,3573,3398,0,3547.0,12527601800000.006,5.635113364115826,4.3143,1.3208133641158255
2010-12-20,706085061156.015,3573,3398,10,3543.0,12558626199999.984,5.622311309464851,4.3143,1.308011309464851
2010-12-21,706124389717.015,3573,3397,11,3544.0,12634433000000.018,5.588888632493552,4.3143,1.2745886324935514
2010-12-22,705625707095.015,3573,3396,22,3543.0,12661630100000.02,5.572945201542524,4.3143,1.2586452015425236
2010-12-23,705511099010.015,3570,3393,8,3540.0,12649895900000.014,5.577208734263293,4.3143,1.2629087342632932
2010-12-24,705515612010.015,3569,3392,0,3540.0,12649895900000.014,5.57724441044621,4.3143,1.2629444104462095
2010-12-25,705515612010.015,3569,3392,0,3540.0,12649895900000.014,5.57724441044621,4.3143,1.2629444104462095
2010-12-26,705515612010.015,3569,3392,0,3540.0,12649895900000.014,5.57724441044621,4.3143,1.2629444104462095
2010-12-27,705476817310.015,3569,3392,3,3539.0,12643386800000.02,5.57980886347647,4.3143,1.2655088634764695
2010-12-28,705499775529.015,3568,3392,3,3538.0,12644926799999.984,5.579310870577882,4.3143,1.265010870577882
2010-12-29,705577927889.015,3567,3391,8,3537.0,12678867500000.02,5.564991730444489,4.3143,1.250691730444489
2010-12-30,705535249889.015,3566,3390,1,3536.0,12672952200000.018,5.567252513498899,4.3143,1.252952513498899
2010-12-31,705535249889.015,3566,3390,0,3542.0,12659475000000.0,5.573179376625137,4.3143,1.2588793766251367
2011-01-01,705524794889.015,3564,3389,0,3542.0,12659475000000.0,5.573096790261959,4.3143,1.2587967902619583
2011-01-02,705524794889.015,3564,3389,0,3542.0,12659475000000.0,5.573096790261959,4.3143,1.2587967902619583
2011-01-03,705414756889.015,3564,3389,4,3540.0,12792602500000.01,5.51423963098216,4.3971,1.1171396309821595
2011-01-04,705469269889.015,3564,3389,7,3540.0,12737012500000.014,5.538734219574757,4.3971,1.1416342195747573
2011-01-05,705232691889.015,3563,3388,8,3539.0,12801378600000.018,5.509037064875295,4.3971,1.1119370648752946
2011-01-06,705227974889.015,3562,3387,17,3538.0,12780378099999.99,5.51805251277359,4.3971,1.1209525127735898
2011-01-07,706829172150.015,3561,3386,29,3538.0,12770318600000.012,5.534937649480526,4.3971,1.1378376494805256
2011-01-08,706829172150.015,3561,3386,0,3538.0,12770318600000.012,5.534937649480526,4.3971,1.1378376494805256
2011-01-09,706829172150.015,3561,3386,0,3538.0,12770318600000.012,5.534937649480526,4.3971,1.1378376494805256
2011-01-10,706719407554.015,3561,3386,13,3537.0,12775038699999.99,5.532033398489944,4.3971,1.1349333984899437
2011-01-11,706731215832.015,3560,3385,7,3536.0,12822451300000.02,5.511670111252549,4.3971,1.114570111252549
2011-01-12,706689528633.015,3559,3384,8,3535.0,12920363900000.012,5.46957913958611,4.3971,1.0724791395861102
2011-01-13,706384690457.015,3559,3384,18,3535.0,12906846199999.93,5.472945749187116,4.3971,1.075845749187116
2011-01-14,706227501508.015,3556,3381,22,3532.0,12977041000000.01,5.442130463393115,4.3971,1.045030463393115
2011-01-15,706234018435.015,3555,3380,0,3532.0,12977041000000.01,5.442180682291244,4.3971,1.0450806822912444
2011-01-16,706234018435.015,3555,3380,0,3532.0,12977041000000.01,5.442180682291244,4.3971,1.0450806822912444
2011-01-17,706234018435.015,3555,3380,0,3532.0,12977041000000.01,5.442180682291244,4.3971,1.0450806822912444
2011-01-18,706218114435.015,3555,3380,1,3531.0,13020624399999.986,5.423842150265972,4.3971,1.0267421502659717
2011-01-19,709336905353.015,3555,3380,5,3531.0,12876946600000.023,5.508580002599481,4.3971,1.1114800025994809
2011-01-20,709434975459.015,3553,3378,4,3529.0,12815990700000.016,5.535545336023177,4.3971,1.1384453360231772
2011-01-21,709439077459.015,3553,3378,3,3529.0,12816694900000.0,5.535273196360592,4.3971,1.138173196360592
2011-01-22,709439778279.015,3552,3377,0,3529.0,12816694900000.0,5.535278664384958,4.3971,1.1381786643849576
2011-01-23,709439778279.015,3552,3377,0,3529.0,12816694900000.0,5.535278664384958,4.3971,1.1381786643849576
2011-01-24,709611240346.015,3552,3377,5,3528.0,12913177500000.023,5.4952488676471285,4.3971,1.0981488676471285
2011-01-25,709521091867.015,3552,3376,9,3527.0,12920776000000.016,5.491319498666444,4.3971,1.094219498666444
2011-01-26,708476758734.015,3553,3376,10,3528.0,13023735900000.006,5.439888862718836,4.3971,1.0427888627188358
2011-01-27,707606574740.015,3554,3375,14,3529.0,13052402199999.994,5.421274673408512,4.3971,1.0241746734085115
2011-01-28,707214740423.015,3552,3373,23,3527.0,12806816200000.006,5.522174515341407,4.3971,1.1250745153414066
2011-01-29,707210016423.015,3551,3372,0,3527.0,12806816200000.006,5.522137628734101,4.3971,1.125037628734101
2011-01-30,707210016423.015,3551,3372,0,3527.0,12806816200000.006,5.522137628734101,4.3971,1.125037628734101
2011-01-31,707310344592.015,3551,3372,24,3526.0,12905866099999.986,5.480533728705087,4.3971,1.0834337287050868
2011-02-01,707682538251.015,3550,3371,10,3525.0,13116102999999.994,5.395524404245799,4.3971,0.9984244042457986
2011-02-02,707054410251.015,3553,3371,33,3528.0,13097939799999.99,5.398210871690031,4.3971,1.001110871690031
2011-02-03,707537507002.015,3553,3370,54,3528.0,13137638400000.002,5.385576048447298,4.6645,0.7210760484472978
2011-02-04,706697353656.015,3555,3370,66,3530.0,13179707399999.982,5.362010947648321,4.6645,0.697510947648321
2011-02-05,706697353656.015,3555,3370,0,3530.0,13179707399999.982,5.362010947648321,4.6645,0.697510947648321
2011-02-06,706697353656.015,3555,3370,0,3530.0,13179707399999.982,5.362010947648321,4.6645,0.697510947648321
2011-02-07,706838586643.015,3555,3370,32,3530.0,13248795700000.018,5.335115754279569,4.6645,0.6706157542795683
2011-02-08,703636569437.015,3554,3370,75,3529.0,13305573899999.988,5.288284253842035,4.6645,0.6237842538420351
2011-02-09,698645494118.015,3556,3370,120,3531.0,13276522000000.018,5.262262918842858,4.6645,0.5977629188428573
2011-02-10,698826150672.015,3557,3371,55,3532.0,13297627299999.994,5.255269492114698,4.6645,0.5907694921146973
2011-02-11,694763281082.015,3559,3372,55,3535.0,13392409099999.988,5.187739382020638,4.6645,0.5232393820206376
2011-02-12,694764192082.015,3558,3371,0,3535.0,13392409099999.988,5.1877461843815365,4.6645,0.5232461843815361
2011-02-13,694764192082.015,3558,3371,0,3535.0,13392409099999.988,5.1877461843815365,4.6645,0.5232461843815361
2011-02-14,694311977673.015,3558,3374,85,3533.0,13442620900000.023,5.165004524326159,4.6645,0.5005045243261588
2011-02-15,694127983446.015,3557,3373,25,3532.0,13386515600000.012,5.185277514979434,4.6645,0.520777514979434
2011-02-16,694248329111.015,3556,3373,33,3531.0,13481312200000.008,5.149708862250179,4.6645,0.4852088622501789
2011-02-17,695159868091.015,3556,3374,44,3531.0,13535870399999.984,5.135686494833873,4.6645,0.4711864948338728
2011-02-18,697104013859.015,3552,3370,74,3528.0,13547619700000.002,5.145582982809998,4.6645,0.4810829828099976
2011-02-19,697102076599.015,3551,3369,0,3528.0,13547619700000.002,5.14556868317624,4.6645,0.4810686831762396
2011-02-20,697102076599.015,3551,3369,0,3528.0,13547619700000.002,5.14556868317624,4.6645,0.4810686831762396
2011-02-21,697102076599.015,3551,3369,0,3528.0,13547619700000.002,5.14556868317624,4.6645,0.4810686831762396
2011-02-22,698656109949.1011,3551,3368,93,3526.0,13260438000000.027,5.268725738539705,4.6645,0.6042257385397045
2011-02-23,697737460750.1011,3547,3366,79,3522.0,13148568800000.006,5.306565842741005,4.6645,0.6420658427410046
2011-02-24,698707702996.1011,3546,3370,140,3521.0,13155587100000.02,5.311110007367897,4.6645,0.6466100073678964
2011-02-25,696738469218.1011,3545,3370,239,3520.0,13317059200000.016,5.231924396777483,4.6645,0.5674243967774828
2011-02-26,696611859218.1011,3544,3369,0,3520.0,13317059200000.016,5.230973661347846,4.6645,0.566473661347846
2011-02-27,696611859218.1011,3544,3369,0,3520.0,13317059200000.016,5.230973661347846,4.6645,0.566473661347846
2011-02-28,699349685914.1011,3544,3369,185,3519.0,13389218300000.03,5.223230141180831,4.6645,0.5587301411808303
2011-03-01,695534737144.1011,3540,3367,168,3516.0,13177768500000.014,5.27809194055959,4.6645,0.6135919405595898
2011-03-02,695812028060.1011,3539,3365,58,3514.0,13230004799999.992,5.259348266148033,4.6645,0.5948482661480323
2011-03-03,695284303921.1011,3539,3368,69,3514.0,13453095100000.006,5.168210725880476,4.6191,0.5491107258804755
2011-03-04,695179779827.1011,3540,3369,82,3514.0,13375714000000.01,5.197328380579164,4.6191,0.5782283805791639
2011-03-05,694933291827.1011,3537,3366,0,3514.0,13375714000000.01,5.195485578019241,4.6191,0.5763855780192406
2011-03-06,694933291827.1011,3537,3366,0,3514.0,13375714000000.01,5.195485578019241,4.6191,0.5763855780192406
2011-03-07,695305711012.1011,3538,3370,50,3512.0,13234627100000.02,5.25368569706131,4.6191,0.6345856970613095
2011-03-08,695031332735.1011,3537,3369,57,3511.0,13339401399999.992,5.210363732926587,4.6191,0.5912637329265866
2011-03-09,695968607370.1011,3536,3368,67,3510.0,13302239700000.004,5.231965616813391,4.6191,0.6128656168133908
2011-03-10,695471039543.1011,3537,3371,105,3511.0,13061795100000.004,5.324467534658393,4.6191,0.705367534658393
2011-03-11,695122646343.1011,3535,3376,157,3509.0,13152942800000.008,5.284921077457288,4.6191,0.665821077457287
2011-03-12,695122646343.1011,3535,3376,0,3509.0,13152942800000.008,5.284921077457288,4.6191,0.665821077457287
2011-03-13,695122646343.1011,3535,3376,0,3509.0,13152942800000.008,5.284921077457288,4.6191,0.665821077457287
2011-03-14,695133348568.1011,3535,3378,94,3509.0,13084778899999.996,5.312534158052157,4.6191,0.6934341580521561
2011-03-15,695385937030.1011,3534,3378,102,3508.0,12955789800000.0,5.367375881863266,4.6191,0.7482758818632655
2011-03-16,695752650051.1011,3533,3377,156,3507.0,12735857699999.98,5.462943026217247,4.6191,0.8438430262172467
2011-03-17,695962653050.1011,3534,3377,49,3508.0,12883263500000.002,5.402067985725053,4.6191,0.7829679857250529
2011-03-18,696013194707.1011,3534,3379,43,3508.0,12933397499999.998,5.381518620355565,4.6191,0.7624186203555645
2011-03-19,695912394707.1011,3533,3378,0,3508.0,12933397499999.998,5.380739242779024,4.6191,0.7616392427790233
2011-03-20,695912394707.1011,3533,3378,0,3508.0,12933397499999.998,5.380739242779024,4.6191,0.7616392427790233
2011-03-21,695950924427.1011,3533,3378,17,3507.0,13155553300000.008,5.290168406881835,4.6191,0.6710684068818349
2011-03-22,696221115015.1011,3534,3378,29,3507.0,13110060800000.008,5.3105864697065375,4.6191,0.691486469706537
2011-03-23,696498569726.1011,3534,3379,22,3507.0,13158436700000.02,5.293171108434941,4.6191,0.6740711084349407
2011-03-24,697781210666.1011,3534,3381,23,3507.0,13293370600000.012,5.2490916838360056,4.6191,0.6299916838360051
2011-03-25,697830654004.1011,3535,3384,35,3508.0,13352714199999.984,5.22613338046359,4.6191,0.6070333804635899
2011-03-26,697830654004.1011,3535,3384,0,3508.0,13352714199999.984,5.22613338046359,4.6191,0.6070333804635899
2011-03-27,697830654004.1011,3535,3384,0,3508.0,13352714199999.984,5.22613338046359,4.6191,0.6070333804635899
2011-03-28,697601174151.1011,3535,3385,45,3508.0,13305659899999.965,5.242890464614258,4.6191,0.6237904646142578
2011-03-29,699410940135.1011,3533,3383,41,3506.0,13407743400000.027,5.216470208813063,4.6191,0.5973702088130626
2011-03-30,695990042062.1011,3533,3385,96,3506.0,13506842499999.982,5.152870051324741,4.6191,0.5337700513247405
2011-03-31,695524107644.1011,3530,3389,186,3507.0,13503697399999.99,5.150619767620841,4.6191,0.531519767620841
2011-04-01,722550439208.1011,3527,3384,30,3504.0,13551622399999.98,5.331837162228651,4.6191,0.7127371622286507
2011-04-02,722550439208.1011,3527,3384,0,3504.0,13551622399999.98,5.331837162228651,4.6191,0.7127371622286507
2011-04-03,722550439208.1011,3527,3384,0,3504.0,13551622399999.98,5.331837162228651,4.4853,0.8465371622286515
2011-04-04,722637689208.1011,3528,3384,10,3504.0,13564044600000.012,5.327597413002464,4.4853,0.8422974130024645
2011-04-05,722898002208.1011,3527,3383,11,3503.0,13578852700000.0,5.323704573421737,4.4853,0.8384045734217374
2011-04-06,722567064744.1011,3526,3383,13,3502.0,13574239900000.006,5.323075693867034,4.4853,0.8377756938670347
2011-04-07,721720776948.1011,3526,3382,24,3502.0,13550247499999.98,5.326255309713732,4.4853,0.8409553097137321
2011-04-08,722340997318.1011,3528,3382,23,3505.0,13495321699999.977,5.352528923546168,4.4853,0.8672289235461683
2011-04-09,722619749318.1011,3524,3378,0,3505.0,13495321699999.977,5.354594468971439,4.4853,0.8692944689714395
2011-04-10,722619749318.1011,3524,3378,0,3505.0,13495321699999.977,5.354594468971439,4.4853,0.8692944689714395
2011-04-11,722548655891.1011,3524,3378,16,3502.0,13416352900000.002,5.385581769327944,4.4853,0.9002817693279441
2011-04-12,721967327892.1011,3525,3378,14,3501.0,13290906200000.008,5.432039900274826,4.4853,0.9467399002748262
2011-04-13,721868197027.1011,3526,3379,14,3502.0,13322977299999.982,5.418219822585017,4.4853,0.932919822585017
2011-04-14,721880834690.1011,3526,3377,34,3502.0,13346198399999.98,5.408887332965935,4.4853,0.9235873329659352
2011-04-15,721857315135.1011,3527,3378,37,3503.0,13410572300000.004,5.382748021388325,4.4853,0.8974480213883256
2011-04-16,721850734214.1011,3526,3377,0,3503.0,13410572300000.004,5.382698948754788,4.4853,0.8973989487547884
2011-04-17,721850734214.1011,3526,3377,0,3503.0,13410572300000.004,5.382698948754788,4.4853,0.8973989487547884
2011-04-18,721843481214.1011,3526,3377,5,3503.0,13259644899999.986,5.443912613482596,4.4853,0.9586126134825969
2011-04-19,721796578758.1011,3526,3376,8,3503.0,13340495400000.008,5.410568027017202,4.4853,0.9252680270172028
2011-04-20,722617112758.1011,3528,3376,11,3504.0,13561133599999.969,5.328589291075954,4.4853,0.843289291075954
2011-04-21,723562623480.1011,3527,3374,29,3503.0,13643475200000.02,5.303360125432705,4.4853,0.8180601254327051
2011-04-22,723520484480.1011,3526,3373,9,3503.0,13643475200000.02,5.303051267173483,4.4853,0.8177512671734837
2011-04-23,723520484480.1011,3526,3373,0,3503.0,13643475200000.02,5.303051267173483,4.4853,0.8177512671734837
2011-04-24,723520484480.1011,3526,3373,0,3503.0,13643475200000.02,5.303051267173483,4.4853,0.8177512671734837
2011-04-25,724209366480.1011,3526,3373,17,3502.0,13626585800000.04,5.31467953241889,4.4853,0.8293795324188906
2011-04-26,722953643480.1011,3526,3373,41,3502.0,13748853000000.012,5.258283316289006,4.4853,0.7729833162890065
2011-04-27,721308086958.1011,3526,3373,58,3502.0,13833879200000.01,5.214069578965968,4.4853,0.7287695789659683
2011-04-28,716133469698.1011,3525,3373,116,3501.0,13868262899999.992,5.163829636501205,4.4853,0.6785296365012057
2011-04-29,713698155424.1011,3523,3371,142,3499.0,13915208699999.977,5.128907304308719,4.4853,0.6436073043087189
2011-04-30,713698155424.1011,3523,3371,0,3499.0,13915208699999.977,5.128907304308719,4.4853,0.6436073043087189
2011-05-01,713698155424.1011,3523,3371,0,3499.0,13915208699999.977,5.128907304308719,4.4853,0.6436073043087189
2011-05-02,712066025477.1011,3523,3372,72,3498.0,13872465300000.01,5.132945082782802,4.4853,0.6476450827828026
2011-05-03,709663051261.1011,3522,3371,115,3498.0,13770342999999.98,5.153561180437569,4.3507,0.8028611804375689
2011-05-04,705681084010.1011,3527,3372,157,3502.0,13670481499999.98,5.162079214328347,4.3507,0.8113792143283476
2011-05-05,706280841872.0171,3526,3370,314,3501.0,13568133799999.986,5.205438362289867,4.3507,0.8547383622898668
2011-05-06,702105125058.0171,3524,3370,436,3500.0,13640602300000.02,5.147170994480325,4.3507,0.796470994480325
2011-05-07,702105125058.0171,3524,3370,0,3500.0,13640602300000.02,5.147170994480325,4.3507,0.796470994480325
2011-05-08,702105125058.0171,3524,3370,0,3500.0,13640602300000.02,5.147170994480325,4.3507,0.796470994480325
2011-05-09,704742974807.0171,3524,3370,249,3499.0,13737117100000.002,5.130210142905581,4.3507,0.7795101429055808
2011-05-10,701831340443.0171,3522,3369,445,3498.0,13855649199999.969,5.065308238628175,4.3507,0.7146082386281751
2011-05-11,701514600431.0171,3523,3368,87,3497.0,13695050000000.027,5.122395321163601,4.3507,0.7716953211636008
2011-05-12,712344338763.0171,3523,3368,142,3497.0,13763772000000.004,5.175502316973987,4.3507,0.8248023169739875
2011-05-13,711931126000.0171,3523,3368,184,3498.0,13654864200000.004,5.213754714602119,4.3507,0.8630547146021188
2011-05-14,711909987000.0171,3521,3366,0,3498.0,13654864200000.004,5.213599905299804,4.3507,0.8628999052998045
2011-05-15,711909987000.0171,3521,3366,0,3498.0,13654864200000.004,5.213599905299804,4.3507,0.8628999052998045
2011-05-16,712302457818.0171,3522,3366,262,3499.0,13535699099999.984,5.262398732090742,4.3507,0.911698732090742
2011-05-17,705533102094.0171,3520,3363,28,3495.0,13496882399999.998,5.2273783025183445,4.3507,0.8766783025183447
2011-05-18,705448569878.0171,3517,3360,10,3491.0,13652592499999.998,5.167140012990333,4.3507,0.8164400129903333
2011-05-19,705399332234.0171,3518,3360,10,3493.0,13698229200000.016,5.149565844861293,4.3507,0.7988658448612931
2011-05-20,705387606188.0171,3518,3360,19,3493.0,13611840299999.994,5.182161931388641,4.3507,0.8314619313886409
2011-05-21,705387606188.0171,3518,3360,0,3493.0,13611840299999.994,5.182161931388641,4.3507,0.8314619313886409
2011-05-22,705387606188.0171,3518,3360,0,3493.0,13611840299999.994,5.182161931388641,4.3507,0.8314619313886409
2011-05-23,705577094485.0171,3518,3360,25,3491.0,13438679800000.01,5.250345309105561,4.3507,0.8996453091055612
2011-05-24,705461157503.0171,3517,3359,7,3491.0,13428896200000.014,5.253307099827135,4.3507,0.9026070998271356
2011-05-25,705473505368.0171,3516,3357,15,3489.0,13499503199999.998,5.225921983321706,4.3507,0.8752219833217065
2011-05-26,705183847368.0171,3515,3355,21,3488.0,13569566499999.977,5.196804535856163,4.3507,0.8461045358561634
2011-05-27,704342439668.0171,3516,3355,29,3489.0,13629457799999.955,5.167795006988609,4.3507,0.8170950069886089
2011-05-28,704342439668.0171,3515,3355,0,3489.0,13629457799999.955,5.167795006988609,4.3507,0.8170950069886089
2011-05-29,704342439668.0171,3515,3355,0,3489.0,13629457799999.955,5.167795006988609,4.3507,0.8170950069886089
2011-05-30,704342439668.0171,3515,3355,0,3489.0,13629457799999.955,5.167795006988609,4.3507,0.8170950069886089
2011-05-31,704541297668.0171,3515,3355,16,3487.0,13769122400000.016,5.116820645504729,4.3507,0.7661206455047296
2011-06-01,705888425512.0171,3509,3349,12,3483.0,13454110400000.01,5.246637678192507,4.3507,0.8959376781925075
2011-06-02,705948453490.0171,3508,3348,17,3481.0,13424224300000.031,5.258765331342201,4.3507,0.9080653313422014
2011-06-03,705741264534.0171,3507,3347,29,3479.0,13270180899999.986,5.318249011466135,4.2224,1.095849011466134
2011-06-04,705741663534.0171,3505,3345,0,3479.0,13270180899999.986,5.318252018207362,4.2224,1.0958520182073617
2011-06-05,705741663534.0171,3505,3345,0,3479.0,13270180899999.986,5.318252018207362,4.2224,1.0958520182073617
2011-06-06,706048811979.0171,3505,3345,16,3478.0,13119604799999.99,5.381631708746422,4.2224,1.1592317087464217
2011-06-07,706374900979.0171,3504,3344,24,3477.0,13121169000000.004,5.383475367012016,4.2224,1.1610753670120155
2011-06-08,706412104897.0171,3504,3345,44,3476.0,13049418200000.012,5.413360918243976,4.2224,1.1909609182439755
2011-06-09,706493716074.0171,3504,3344,53,3476.0,13137483899999.969,5.377694248394237,4.2224,1.1552942483942363
2011-06-10,706256459074.0171,3505,3345,20,3477.0,12936907199999.996,5.459237267111395,4.2224,1.2368372671113947
2011-06-11,706258872074.0171,3503,3343,0,3477.0,12936907199999.996,5.459255919173767,4.2224,1.2368559191737667
2011-06-12,706258872074.0171,3503,3343,0,3477.0,12936907199999.996,5.459255919173767,4.2224,1.2368559191737667
2011-06-13,706229528748.0171,3503,3343,13,3476.0,12906904599999.977,5.471718825193907,4.2224,1.2493188251939067
2011-06-14,706099484605.0171,3503,3343,32,3475.0,13102101600000.023,5.389207824529583,4.2224,1.1668078245295828
2011-06-15,705465498146.0171,3503,3341,6,3475.0,12881932400000.027,5.476394971192486,4.2224,1.253994971192486
2011-06-16,705536117799.0171,3503,3341,9,3476.0,12880928800000.002,5.477369906733876,4.2224,1.2549699067338755
2011-06-17,705621578432.0171,3503,3339,4,3474.0,12900837799999.97,5.469579490659271,4.2224,1.2471794906592706
2011-06-18,705455498432.0171,3500,3336,0,3474.0,12900837799999.97,5.468292132407235,4.2224,1.245892132407235
2011-06-19,705455498432.0171,3500,3336,0,3474.0,12900837799999.97,5.468292132407235,4.2224,1.245892132407235
2011-06-20,705446817168.0171,3500,3336,6,3472.0,12984390999999.984,5.433037384410389,4.2224,1.210637384410389
2011-06-21,705435106190.0171,3500,3336,4,3472.0,13190704699999.998,5.347971334617302,4.2224,1.1255713346173015
2011-06-22,705368649190.0171,3500,3335,7,3470.0,13113267500000.01,5.379045681711416,4.2224,1.1566456817114157
2011-06-23,703714781071.0171,3499,3334,4,3471.0,13105327700000.016,5.369684735704978,4.2224,1.1472847357049778
2011-06-24,703718194893.0171,3500,3333,7,3470.0,12965673999999.996,5.427548115840467,4.2224,1.2051481158404664
2011-06-25,703599025893.0171,3499,3332,0,3470.0,12965673999999.996,5.426629004346533,4.2224,1.204229004346533
2011-06-26,703599025893.0171,3499,3332,0,3470.0,12965673999999.996,5.426629004346533,4.2224,1.204229004346533
2011-06-27,703828163926.0171,3499,3332,6,3470.0,13071678700000.016,5.384374724005543,4.2224,1.1619747240055425
2011-06-28,704877455247.0171,3498,3331,12,3469.0,13268034900000.006,5.312598742463488,4.2224,1.090198742463488
2011-06-29,705207174395.0171,3498,3330,23,3468.0,13340617600000.04,5.286165869824609,4.2224,1.0637658698246089
2011-06-30,705240009395.0171,3499,3329,15,3473.0,13487024600000.012,5.229025899419034,4.2224,1.006625899419034
2011-07-01,705473197771.0171,3495,3325,8,3469.0,13651015400000.01,5.167917382695332,4.2224,0.9455173826953313
2011-07-02,705676554771.0171,3493,3323,0,3469.0,13651015400000.01,5.169407066752093,4.2224,0.9470070667520928
2011-07-03,705676554771.0171,3493,3323,0,3469.0,13651015400000.01,5.169407066752093,4.3908,0.7786070667520937
2011-07-04,705676554771.0171,3493,3323,0,3469.0,13651015400000.01,5.169407066752093,4.3908,0.7786070667520937
2011-07-05,705650021808.0171,3493,3323,6,3467.0,13663314499999.984,5.164559608197688,4.3908,0.7737596081976879
2011-07-06,705468382316.0171,3491,3321,7,3465.0,13697339100000.027,5.150404594393197,4.3908,0.7596045943931973
2011-07-07,705550784909.0171,3491,3321,15,3465.0,13841923700000.012,5.097201806631953,4.3908,0.7064018066319537
2011-07-08,705200801909.0171,3490,3320,13,3464.0,13764304900000.016,5.123402939940805,4.3908,0.7326029399408052
2011-07-09,704989500909.0171,3489,3319,0,3464.0,13764304900000.016,5.121867802485371,4.3908,0.7310678024853718
2011-07-10,704989500909.0171,3489,3319,0,3464.0,13764304900000.016,5.121867802485371,4.3908,0.7310678024853718
2011-07-11,704966179909.0171,3489,3319,12,3462.0,13509065700000.012,5.218467328269908,4.3908,0.8276673282699081
2011-07-12,704750155909.0171,3488,3318,5,3463.0,13441451299999.996,5.243110585156956,4.3908,0.8523105851569568
2011-07-13,704722518961.0171,3487,3317,15,3461.0,13497058100000.002,5.221304626087496,4.3908,0.830504626087496
2011-07-14,704732916175.0171,3488,3317,16,3462.0,13386331100000.006,5.264571083073067,4.3908,0.8737710830730672
2011-07-15,704762763681.0171,3487,3316,20,3462.0,13495764999999.98,5.222103109242181,4.3908,0.8313031092421816
2011-07-16,704762763681.0171,3487,3316,0,3462.0,13495764999999.98,5.222103109242181,4.3908,0.8313031092421816
2011-07-17,704762763681.0171,3487,3316,0,3462.0,13495764999999.98,5.222103109242181,4.3908,0.8313031092421816
2011-07-18,704748233681.0171,3487,3316,4,3460.0,13376189699999.98,5.268677026021979,4.3908,0.877877026021979
2011-07-19,704930782536.0171,3487,3316,8,3461.0,13616710199999.965,5.1769537001383705,4.3908,0.7861537001383709
2011-07-20,710295698578.0171,3487,3314,12,3461.0,13583206799999.984,5.229219499021527,4.3908,0.8384194990215272
2011-07-21,707416375228.0171,3487,3313,19,3461.0,13730320899999.994,5.152220260402053,4.3908,0.761420260402053
2011-07-22,706512935928.0171,3488,3312,27,3461.0,13764903599999.98,5.1327125598469,4.3908,0.7419125598469005
2011-07-23,706512935928.0171,3488,3312,0,3461.0,13764903599999.98,5.1327125598469,4.3908,0.7419125598469005
2011-07-24,706512935928.0171,3488,3312,0,3461.0,13764903599999.98,5.1327125598469,4.3908,0.7419125598469005
2011-07-25,706431635831.0171,3488,3312,17,3461.0,13667526099999.992,5.168686934726377,4.3908,0.7778869347263777
2011-07-26,706739329550.0171,3487,3311,38,3460.0,13594231700000.004,5.1988177423076944,4.3908,0.8080177423076949
2011-07-27,707350114010.0171,3489,3311,56,3461.0,13294559800000.02,5.320598234550165,4.3908,0.929798234550165
2011-07-28,704944467145.0171,3491,3310,106,3463.0,13247296299999.982,5.321421452202425,4.3908,0.9306214522024252
2011-07-29,700617413694.0171,3492,3310,103,3465.0,13171892499999.969,5.319033796350971,4.3908,0.9282337963509716
2011-07-30,700617413694.0171,3492,3310,0,3465.0,13171892499999.969,5.319033796350971,4.3908,0.9282337963509716
2011-07-31,700617413694.0171,3492,3310,0,3465.0,13171892499999.969,5.319033796350971,4.3908,0.9282337963509716
2011-08-01,699840386572.0171,3492,3310,77,3465.0,13111391499999.943,5.337651511451092,4.3908,0.9468515114510928
2011-08-02,700707942496.0171,3492,3310,100,3464.0,12750127299999.986,5.4956936978662,4.3908,1.1048936978662
2011-08-03,699340113821.0171,3492,3310,155,3464.0,12807897199999.988,5.460225850508995,3.902,1.558225850508995
2011-08-04,702009040991.0012,3493,3311,265,3464.0,12144055799999.988,5.780680297854049,3.902,1.878680297854049
2011-08-05,703906991732.0012,3492,3313,374,3464.0,12115073399999.98,5.810175213069715,3.902,1.9081752130697147
2011-08-06,703906991732.0012,3492,3313,0,3464.0,12115073399999.98,5.810175213069715,3.902,1.9081752130697147
2011-08-07,703906991732.0012,3492,3313,0,3464.0,12115073399999.98,5.810175213069715,3.902,1.9081752130697147
2011-08-08,696808097020.0012,3493,3318,297,3464.0,11309477999999.977,6.1612754984801485,3.902,2.2592754984801484
2011-08-09,695137786770.0012,3493,3319,457,3464.0,11872353699999.988,5.855096675312174,3.902,1.9530966753121737
2011-08-10,695213120281.0012,3491,3321,102,3462.0,11419652799999.99,6.0878656510555365,3.902,2.1858656510555363
2011-08-11,696023715664.0012,3491,3327,124,3463.0,11930749699999.969,5.833864033406074,3.902,1.9318640334060733
2011-08-12,695714747269.0012,3490,3328,197,3463.0,12026751599999.988,5.784727002002785,3.902,1.8827270020027849
2011-08-13,695714747269.0012,3490,3328,0,3463.0,12026751599999.988,5.784727002002785,3.902,1.8827270020027849
2011-08-14,695714747269.0012,3490,3328,0,3463.0,12026751599999.988,5.784727002002785,3.902,1.8827270020027849
2011-08-15,699047947548.0012,3490,3333,289,3464.0,12281652199999.984,5.691807064427391,3.902,1.7898070644273911
2011-08-16,699132492939.0012,3490,3334,19,3463.0,12156269899999.988,5.7512090360794135,3.902,1.8492090360794131
2011-08-17,699018261939.0012,3489,3333,15,3462.0,12141752200000.018,5.757144853763366,3.902,1.855144853763366
2011-08-18,698954635277.0012,3489,3333,14,3461.0,11568434100000.012,6.041912234923831,3.902,2.1399122349238304
2011-08-19,698916605981.0012,3487,3331,9,3460.0,11384941099999.99,6.138956713451964,3.902,2.2369567134519635
2011-08-20,698916605981.0012,3487,3331,0,3460.0,11384941099999.99,6.138956713451964,3.902,2.2369567134519635
2011-08-21,698916605981.0012,3487,3331,0,3460.0,11384941099999.99,6.138956713451964,3.902,2.2369567134519635
2011-08-22,699020356203.0012,3487,3331,27,3460.0,11396564200000.014,6.133606093343468,3.902,2.2316060933434683
2011-08-23,698990473500.0012,3485,3329,5,3457.0,11810272500000.018,5.9184957290358895,3.902,2.0164957290358894
2011-08-24,699194085748.0012,3485,3329,12,3457.0,11933920500000.018,5.858880036514406,3.902,1.9568800365144057
2011-08-25,702034084856.0012,3484,3328,13,3456.0,11711794999999.996,5.99424840390394,3.902,2.09224840390394
2011-08-26,702580714851.0012,3483,3327,28,3456.0,11922186599999.984,5.893052494674107,3.902,1.9910524946741068
2011-08-27,702567733851.0012,3482,3326,0,3456.0,11922186599999.984,5.8929436136404885,3.902,1.9909436136404883
2011-08-28,702567733851.0012,3482,3326,0,3456.0,11922186599999.984,5.8929436136404885,3.902,1.9909436136404883
2011-08-29,702830462776.0012,3482,3326,21,3455.0,12278361000000.01,5.724139099477534,3.902,1.8221390994775335
2011-08-30,703376830188.0012,3481,3325,11,3453.0,12335848900000.012,5.701892394191052,3.902,1.799892394191052
2011-08-31,703413466188.0012,3480,3325,13,3454.0,12377775700000.035,5.682874558697967,3.902,1.7808745586979668
2011-09-01,703646928731.0012,3480,3325,24,3453.0,12224026099999.988,5.7562616684121926,3.902,1.8542616684121924
2011-09-02,703639722506.0012,3479,3324,23,3453.0,11924162900000.035,5.900956976241906,3.902,1.9989569762419055
2011-09-03,703562564506.0012,3478,3323,0,3453.0,11924162900000.035,5.900309903565634,3.2969,2.603409903565634
2011-09-04,703562564506.0012,3478,3323,0,3453.0,11924162900000.035,5.900309903565634,3.2969,2.603409903565634
2011-09-05,703562564506.0012,3478,3323,0,3453.0,11924162900000.035,5.900309903565634,3.2969,2.603409903565634
2011-09-06,703474383506.0012,3478,3323,12,3452.0,11854107600000.008,5.934435617118919,3.2969,2.6375356171189197
2011-09-07,703608781051.0012,3478,3323,43,3452.0,12191845499999.98,5.771142531711073,3.2969,2.474242531711073
2011-09-08,704809503537.0012,3477,3322,52,3451.0,12065893599999.994,5.8413369693314845,3.2969,2.544436969331485
2011-09-09,704729177875.0012,3477,3321,49,3450.0,11748662200000.014,5.998378078101525,3.2969,2.701478078101525
2011-09-10,704729177875.0012,3477,3321,0,3450.0,11748662200000.014,5.998378078101525,3.2969,2.701478078101525
2011-09-11,704729177875.0012,3477,3321,0,3450.0,11748662200000.014,5.998378078101525,3.2969,2.701478078101525
2011-09-12,704741304946.0012,3477,3322,17,3450.0,11812586600000.0,5.966020219026383,3.2969,2.669120219026383
2011-09-13,704892386846.0012,3474,3319,27,3447.0,11943674899999.969,5.9018048695046375,3.2969,2.604904869504637
2011-09-14,704486615551.0012,3473,3318,34,3447.0,12110596399999.98,5.817109185068725,3.2969,2.520209185068725
2011-09-15,704513418551.0012,3473,3318,6,3447.0,12292669500000.008,5.731167006084405,3.2969,2.434267006084405
2011-09-16,704704110867.0012,3472,3316,7,3446.0,12352549499999.982,5.704928451142837,3.2969,2.4080284511428367
2011-09-17,704319210867.0012,3471,3315,0,3446.0,12352549499999.982,5.70181249520192,3.2969,2.40491249520192
2011-09-18,704319210867.0012,3471,3315,0,3446.0,12352549499999.982,5.70181249520192,3.2969,2.40491249520192
2011-09-19,704343161383.0012,3471,3315,6,3445.0,12247935000000.02,5.750709498237866,3.2969,2.4538094982378658
2011-09-20,704300134490.0012,3471,3315,4,3445.0,12181913599999.982,5.781522982481194,3.2969,2.484622982481194
2011-09-21,704556482507.0012,3471,3315,6,3445.0,11842335799999.996,5.94947225282196,3.2969,2.65257225282196
2011-09-22,704553266803.0012,3470,3314,5,3444.0,11437194599999.992,6.160193049465135,3.2969,2.8632930494651347
2011-09-23,706000278190.0012,3470,3314,15,3444.0,11508449299999.994,6.134625611028252,3.2969,2.837725611028252
2011-09-24,705722078190.0012,3469,3313,0,3444.0,11508449299999.994,6.132208256676263,3.2969,2.835308256676263
2011-09-25,705722078190.0012,3469,3313,0,3444.0,11508449299999.994,6.132208256676263,3.2969,2.835308256676263
2011-09-26,705748749503.0012,3469,3313,5,3442.0,11729759699999.984,6.0167366387139385,3.2969,2.7198366387139385
2011-09-27,705745266750.0012,3469,3314,16,3443.0,11889197599999.994,5.936021004058353,3.2969,2.639121004058353
2011-09-28,705952638562.0012,3469,3314,26,3443.0,11615213000000.02,6.077827746783463,3.2969,2.7809277467834628
2011-09-29,705856942051.0012,3467,3312,5,3439.0,11664960399999.994,6.051087340605131,3.2969,2.7541873406051307
2011-09-30,705999707622.0012,3467,3312,17,3440.0,11381233099999.998,6.203191705317074,3.2969,2.9062917053170745
2011-10-01,705810112877.0012,3464,3309,0,3440.0,11381233099999.998,6.201525851157563,3.2969,2.9046258511575638
2011-10-02,705810112877.0012,3464,3309,0,3440.0,11381233099999.998,6.201525851157563,3.2969,2.9046258511575638
2011-10-03,705812479964.0012,3464,3309,1,3436.0,11026524100000.014,6.401042373489216,2.7246,3.676442373489216
2011-10-04,705793091011.0012,3464,3309,6,3436.0,11306925600000.01,6.242130849529961,2.7246,3.5175308495299604
2011-10-05,705540163418.0012,3462,3307,7,3434.0,11525159700000.004,6.121738715846177,2.7246,3.3971387158461765
2011-10-06,705471392836.0012,3458,3303,18,3430.0,11735460299999.988,6.011450550738108,2.7246,3.2868505507381074
2011-10-07,705366923836.0012,3458,3303,16,3431.0,11649766800000.018,6.054772906149505,2.7246,3.3301729061495045
2011-10-08,705366923836.0012,3458,3303,0,3431.0,11649766800000.018,6.054772906149505,2.7246,3.3301729061495045
2011-10-09,705366923836.0012,3458,3303,0,3431.0,11649766800000.018,6.054772906149505,2.7246,3.3301729061495045
2011-10-10,705366923836.0012,3458,3303,0,3431.0,12036781799999.986,5.860095626523711,2.7246,3.1354956265237117
2011-10-11,705026207101.0012,3458,3303,19,3431.0,12053766499999.986,5.849011652092331,2.7246,3.124411652092331
2011-10-12,705142046101.0012,3458,3303,6,3431.0,12162040399999.998,5.797892647199243,2.7246,3.0732926471992426
2011-10-13,705148523879.0012,3459,3302,15,3432.0,12176064799999.99,5.791267831286524,2.7246,3.0666678312865234
2011-10-14,704848975008.0012,3459,3300,18,3432.0,12401690199999.977,5.683491230961426,2.7246,2.958891230961426
2011-10-15,704829963008.0012,3458,3299,0,3432.0,12401690199999.977,5.68333792927679,2.7246,2.958737929276789
2011-10-16,704829963008.0012,3458,3299,0,3432.0,12401690199999.977,5.68333792927679,2.7246,2.958737929276789
2011-10-17,704834833420.0012,3458,3299,11,3431.0,12158343500000.0,5.797128806403613,2.7246,3.072528806403613
2011-10-18,704624479420.0012,3457,3298,6,3430.0,12380368700000.014,5.6914660338023735,2.7246,2.9668660338023733
2011-10-19,704933259054.0012,3456,3297,9,3430.0,12210581600000.012,5.773134172855456,2.7246,3.048534172855456
2011-10-20,705032814359.0012,3456,3297,20,3429.0,12242236099999.996,5.759019909434694,2.7246,3.034419909434694
2011-10-21,705315266586.0012,3454,3295,22,3427.0,12469246500000.002,5.656438555336933,2.7246,2.9318385553369333
2011-10-22,705315266586.0012,3454,3295,0,3427.0,12469246500000.002,5.656438555336933,2.7246,2.9318385553369333
2011-10-23,705315266586.0012,3454,3295,0,3427.0,12469246500000.002,5.656438555336933,2.7246,2.9318385553369333
2011-10-24,705726644014.0012,3454,3295,13,3426.0,12671508999999.982,5.569397015099009,2.7246,2.8447970150990085
2011-10-25,705692572092.0012,3454,3295,38,3427.0,12419667599999.988,5.6820568377530645,2.7246,2.9574568377530643
2011-10-26,707467514092.0012,3454,3295,48,3426.0,12541573800000.0,5.64097875891781,2.7246,2.91637875891781
2011-10-27,710014434748.0012,3454,3295,105,3426.0,12916871400000.002,5.496798820401674,2.7246,2.7721988204016736
2011-10-28,709516110533.0012,3453,3294,115,3426.0,12949529399999.988,5.479087993213112,2.7246,2.7544879932131114
2011-10-29,709516110533.0012,3453,3294,0,3426.0,12949529399999.988,5.479087993213112,2.7246,2.7544879932131114
2011-10-30,709516110533.0012,3453,3294,0,3426.0,12949529399999.988,5.479087993213112,2.7246,2.7544879932131114
2011-10-31,711491799575.0012,3454,3295,63,3427.0,12654744199999.969,5.622332528657538,2.7246,2.897732528657538
2011-11-01,711061230056.0012,3453,3293,101,3426.0,12311132300000.008,5.775758173405388,2.7246,3.0511581734053883
2011-11-02,712830589311.0012,3452,3294,152,3425.0,12488203199999.998,5.708031635095442,2.7246,2.983431635095442
2011-11-03,717611686189.0012,3452,3298,228,3426.0,12716994700000.002,5.642934538527418,3.1216,2.5213345385274177
2011-11-04,724610854720.9565,3453,3298,344,3426.0,12668635000000.004,5.719723196074054,3.1216,2.598123196074054
2011-11-05,724186303720.9565,3452,3297,0,3426.0,12668635000000.004,5.716371998411481,3.1216,2.594771998411481
2011-11-06,724186303720.9565,3452,3297,0,3426.0,12668635000000.004,5.716371998411481,3.1216,2.594771998411481
2011-11-07,729389624789.9565,3452,3299,227,3424.0,12719043500000.008,5.734626387510634,3.1216,2.613026387510634
2011-11-08,734617494683.9565,3452,3299,290,3425.0,12849527999999.988,5.71707765984834,3.1216,2.59547765984834
2011-11-09,734591228764.9565,3453,3301,406,3426.0,12380244700000.035,5.933576004074899,3.1216,2.811976004074899
2011-11-10,728531987692.9565,3452,3309,200,3426.0,12477506299999.965,5.838762731724356,3.1216,2.717162731724356
2011-11-11,728531987692.9565,3454,3309,0,3427.0,12720558500000.02,5.72720126787637,3.1216,2.60560126787637
2011-11-12,728531987692.9565,3454,3309,0,3427.0,12720558500000.02,5.72720126787637,3.1216,2.60560126787637
2011-11-13,728531987692.9565,3454,3309,0,3427.0,12720558500000.02,5.72720126787637,3.1216,2.60560126787637
2011-11-14,728484646560.9565,3454,3320,434,3429.0,12622835999999.977,5.771164630206382,3.1216,2.649564630206382
2011-11-15,728646864150.9565,3454,3320,28,3429.0,12690892399999.98,5.741494303040168,3.1216,2.6198943030401685
2011-11-16,728688109085.9565,3456,3320,21,3430.0,12499659000000.01,5.829663905919001,3.1216,2.7080639059190013
2011-11-17,728860343764.9565,3458,3320,18,3432.0,12292146299999.994,5.929479896972564,3.1216,2.8078798969725645
2011-11-18,729633497215.9565,3460,3319,24,3434.0,12274415899999.986,5.944343935876879,3.1216,2.822743935876879
2011-11-19,729652279215.9565,3459,3318,0,3434.0,12274415899999.986,5.9444969533414405,3.1216,2.8228969533414405
2011-11-20,729652279215.9565,3459,3318,0,3434.0,12274415899999.986,5.9444969533414405,3.1216,2.8228969533414405
2011-11-21,729938367565.9565,3459,3317,34,3432.0,12049189799999.996,6.057987131765132,3.1216,2.936387131765132
2011-11-22,730572995646.9565,3457,3315,19,3431.0,11998254999999.98,6.088993738230749,3.1216,2.967393738230749
2011-11-23,728821701646.9565,3457,3315,28,3431.0,11723160199999.986,6.21693885618792,3.1216,3.09533885618792
2011-11-24,728844421646.9565,3456,3314,0,3431.0,11723160199999.986,6.217132660585474,3.1216,3.095532660585474
2011-11-25,728854400646.9565,3456,3314,2,3430.0,11670047399999.994,6.24551362702226,3.1216,3.12391362702226
2011-11-26,728854400646.9565,3456,3314,0,3430.0,11670047399999.994,6.24551362702226,3.1216,3.12391362702226
2011-11-27,728854400646.9565,3456,3314,0,3430.0,11670047399999.994,6.24551362702226,3.1216,3.12391362702226
2011-11-28,728990929646.9565,3456,3314,6,3430.0,12034525699999.994,6.057496139186914,3.1216,2.935896139186914
2011-11-29,729387401852.9565,3455,3313,15,3429.0,12059538500000.016,6.048219853960047,3.1216,2.926619853960047
2011-11-30,729352385077.9565,3455,3313,14,3429.0,12559573999999.996,5.807142703072228,3.1216,2.685542703072228
2011-12-01,729278143077.9565,3453,3311,19,3427.0,12540478999999.99,5.815393041031025,3.1216,2.693793041031025
2011-12-02,729044117922.9565,3451,3309,21,3424.0,12526383499999.998,5.820068640904669,3.1216,2.698468640904669
2011-12-03,729044117922.9565,3451,3309,0,3424.0,12526383499999.998,5.820068640904669,3.0237,2.796368640904669
2011-12-04,729044117922.9565,3451,3309,0,3424.0,12526383499999.998,5.820068640904669,3.0237,2.796368640904669
2011-12-05,728880570241.9565,3452,3310,10,3425.0,12644815799999.996,5.7642640412520425,3.0237,2.7405640412520427
2011-12-06,728747262890.9565,3451,3309,15,3424.0,12648763299999.986,5.76141117994482,3.0237,2.73771117994482
2011-12-07,728723011244.9565,3451,3308,31,3425.0,12654671399999.998,5.758529701885082,3.0237,2.734829701885082
2011-12-08,729881704196.9565,3451,3308,48,3424.0,12391083099999.998,5.890378575517395,3.0237,2.866678575517395
2011-12-09,729839980440.9565,3451,3306,35,3423.0,12605951299999.977,5.789646200211467,3.0237,2.7659462002114674
2011-12-10,729841187741.9565,3449,3304,0,3423.0,12605951299999.977,5.789655777441866,3.0237,2.7659557774418664
2011-12-11,729841187741.9565,3449,3304,0,3423.0,12605951299999.977,5.789655777441866,3.0237,2.7659557774418664
2011-12-12,729606556694.9565,3450,3304,29,3422.0,12434586300000.0,5.867557947584928,3.0237,2.843857947584928
2011-12-13,729689943901.9565,3450,3304,18,3422.0,12302170899999.99,5.9313917017845785,3.0237,2.9076917017845787
2011-12-14,729103342471.9565,3449,3303,26,3422.0,12139817900000.02,6.005883683576138,3.0237,2.982183683576138
2011-12-15,729082960575.9565,3453,3303,22,3425.0,12194343700000.014,5.978861827356528,3.0237,2.9551618273565285
2011-12-16,729157864945.9565,3453,3301,14,3425.0,12263303499999.99,5.945851906429268,3.0237,2.922151906429268
2011-12-17,729157864945.9565,3453,3301,0,3425.0,12263303499999.99,5.945851906429268,3.0237,2.922151906429268
2011-12-18,729157864945.9565,3453,3301,0,3425.0,12263303499999.99,5.945851906429268,3.0237,2.922151906429268
2011-12-19,729510813080.9565,3453,3301,5,3425.0,12117420500000.016,6.020347425270548,3.0237,2.996647425270548
2011-12-20,729684340004.9565,3452,3300,15,3424.0,12476534200000.004,5.848453811836273,3.0237,2.824753811836273
2011-12-21,729835310047.9565,3452,3300,10,3423.0,12480169600000.004,5.847959871057813,3.0237,2.824259871057813
2011-12-22,729757302555.9565,3448,3297,20,3421.0,12568220600000.0,5.8063693006467165,3.0237,2.7826693006467167
2011-12-23,730053168815.9565,3448,3297,8,3420.0,12673713300000.012,5.760373077209786,3.0237,2.736673077209786
2011-12-24,730059075553.9565,3447,3296,0,3420.0,12673713300000.012,5.7604196834242405,3.0237,2.7367196834242407
2011-12-25,730059075553.9565,3447,3296,0,3420.0,12673713300000.012,5.7604196834242405,3.0237,2.7367196834242407
2011-12-26,730059075553.9565,3447,3296,0,3420.0,12673713300000.012,5.7604196834242405,3.0237,2.7367196834242407
2011-12-27,730056674438.9565,3447,3296,3,3419.0,12689972100000.008,5.753020327278388,3.0237,2.729320327278388
2011-12-28,730050041438.9565,3448,3296,3,3420.0,12519281100000.008,5.831405458568672,3.0237,2.8077054585686723
2011-12-29,729582850898.9565,3448,3297,18,3419.0,12644006199999.992,5.770187386486389,3.0237,2.746487386486389
2011-12-30,729623279832.9565,3448,3297,9,3420.0,12602243899999.955,5.789629891490666,3.0237,2.765929891490666
2011-12-31,729640513832.9565,3447,3296,0,3420.0,12602243899999.955,5.789766644914395,3.0237,2.766066644914395
2012-01-01,729640513832.9565,3447,3296,0,3420.0,12602243899999.955,5.789766644914395,3.0237,2.766066644914395
2012-01-02,729640513832.9565,3447,3296,0,3420.0,12602243899999.955,5.789766644914395,3.0237,2.766066644914395
2012-01-03,730111325074.9565,3449,3297,4,3421.0,12778963600000.045,5.7133844960240285,2.9812,2.7321844960240287
2012-01-04,729948335074.9565,3448,3296,6,3420.0,12782691700000.004,5.71044309137923,2.9812,2.7292430913792303
2012-01-05,729754064825.9565,3447,3295,16,3419.0,12814886600000.018,5.694580745068438,2.9812,2.7133807450684384
2012-01-06,730538377366.9565,3447,3295,17,3419.0,12793718499999.94,5.710133276474387,2.9812,2.7289332764743874
2012-01-07,730538377366.9565,3447,3295,0,3419.0,12793718499999.94,5.710133276474387,2.9812,2.7289332764743874
2012-01-08,730538377366.9565,3447,3295,0,3419.0,12793718499999.94,5.710133276474387,2.9812,2.7289332764743874
2012-01-09,730925711066.9565,3447,3295,22,3419.0,12818230699999.977,5.702235575046703,2.9812,2.721035575046703
2012-01-10,730343361690.9565,3448,3296,4,3419.0,12929290499999.984,5.648750499425761,2.9812,2.667550499425761
2012-01-11,730376601234.9565,3445,3293,2,3417.0,12936572899999.986,5.645827584173838,2.9812,2.664627584173838
2012-01-12,730419372895.9565,3445,3293,6,3416.0,12968538200000.004,5.632241364689478,2.9812,2.6510413646894784
2012-01-13,730427764758.9565,3445,3293,16,3417.0,12909887999999.98,5.657893893107033,2.9812,2.676693893107033
2012-01-14,730400813758.9565,3444,3292,0,3417.0,12909887999999.98,5.657685130645268,2.9812,2.676485130645268
2012-01-15,730400813758.9565,3444,3292,0,3417.0,12909887999999.98,5.657685130645268,2.9812,2.676485130645268
2012-01-16,730400813758.9565,3444,3292,0,3417.0,12909887999999.98,5.657685130645268,2.9812,2.676485130645268
2012-01-17,730351994112.9565,3445,3291,26,3415.0,12974580600000.0,5.629099056295943,2.9812,2.6478990562959432
2012-01-18,730425606976.9565,3444,3290,4,3414.0,13116059499999.98,5.568940938221252,2.9812,2.5877409382212524
2012-01-19,732039797781.9565,3444,3290,5,3414.0,13188383799999.996,5.550640691712026,2.9812,2.569440691712026
2012-01-20,732039797781.9565,3444,3290,1,3414.0,13182988000000.02,5.552912570215154,2.9812,2.5717125702151544
2012-01-21,732039797781.9565,3444,3290,0,3414.0,13182988000000.02,5.552912570215154,2.9812,2.5717125702151544
2012-01-22,732039797781.9565,3444,3290,0,3414.0,13182988000000.02,5.552912570215154,2.9812,2.5717125702151544
2012-01-23,732083837781.9565,3444,3290,6,3415.0,13186311499999.982,5.551846987551883,2.9812,2.570646987551884
2012-01-24,732076551785.9565,3443,3289,2,3415.0,13200062099999.965,5.546008391778388,2.9812,2.564808391778388
2012-01-25,739607051022.9565,3444,3289,6,3415.0,13334446599999.965,5.546589770159329,2.9812,2.5653897701593293
2012-01-26,742824336869.9565,3443,3288,14,3413.0,13264216199999.965,5.600212825767712,2.9812,2.619012825767712
2012-01-27,743849203725.9565,3443,3287,28,3415.0,13265335199999.982,5.6074663211371965,2.9812,2.6262663211371966
2012-01-28,743808884725.9565,3441,3285,0,3415.0,13265335199999.982,5.607162378572669,2.9812,2.625962378572669
2012-01-29,743808884725.9565,3441,3285,0,3415.0,13265335199999.982,5.607162378572669,2.9812,2.625962378572669
2012-01-30,743660093616.9565,3441,3285,18,3414.0,13233011999999.982,5.619734143798536,2.9812,2.638534143798536
2012-01-31,742436569726.9565,3439,3282,16,3412.0,13216206500000.004,5.617622346676835,2.9812,2.636422346676835
2012-02-01,744150627983.9565,3440,3282,26,3413.0,13347953099999.988,5.575016801519607,2.9812,2.593816801519607
2012-02-02,744676606506.9565,3441,3281,38,3414.0,13364550999999.97,5.5720286188960495,2.9812,2.5908286188960497
2012-02-03,744673635692.9565,3442,3282,53,3414.0,13554231599999.98,5.494030629467463,3.1192,2.3748306294674624
2012-02-04,744673635692.9565,3442,3282,0,3414.0,13554231599999.98,5.494030629467463,3.1192,2.3748306294674624
2012-02-05,744673635692.9565,3442,3282,0,3414.0,13554231599999.98,5.494030629467463,3.1192,2.3748306294674624
2012-02-06,748786915046.9565,3444,3283,23,3415.0,13557188300000.04,5.523172640797165,3.1192,2.403972640797165
2012-02-07,749755632700.9565,3444,3283,59,3415.0,13579214599999.996,5.521347550549476,3.1192,2.402147550549476
2012-02-08,750155582754.9565,3447,3283,84,3418.0,13597389699999.988,5.516908754589546,3.1192,2.397708754589546
2012-02-09,750889190739.9565,3447,3285,114,3418.0,13623251299999.977,5.511820740911958,3.1192,2.392620740911957
2012-02-10,751722628121.9565,3446,3284,42,3417.0,13520454799999.998,5.559891580880524,3.1192,2.4406915808805234
2012-02-11,751648628121.9565,3445,3283,0,3417.0,13520454799999.998,5.559344262013706,3.1192,2.440144262013706
2012-02-12,751648628121.9565,3445,3283,0,3417.0,13520454799999.998,5.559344262013706,3.1192,2.440144262013706
2012-02-13,752662552626.9565,3447,3283,41,3417.0,13617798200000.012,5.527050273273662,3.1192,2.407850273273662
2012-02-14,753700266433.9565,3446,3281,78,3418.0,13613963900000.01,5.536229359576574,3.1192,2.417029359576574
2012-02-15,751706502271.9565,3444,3279,31,3416.0,13544040299999.951,5.55009056102675,3.1192,2.43089056102675
2012-02-16,752081887097.9565,3444,3278,43,3416.0,13704003500000.004,5.4880450599560655,3.1192,2.3688450599560653
2012-02-17,752702792518.9565,3444,3278,60,3417.0,13716281599999.994,5.487659224778215,3.1192,2.3684592247782144
2012-02-18,752702792518.9565,3444,3278,0,3417.0,13716281599999.994,5.487659224778215,3.1192,2.3684592247782144
2012-02-19,752702792518.9565,3444,3278,0,3417.0,13716281599999.994,5.487659224778215,3.1192,2.3684592247782144
2012-02-20,752702792518.9565,3444,3278,0,3417.0,13716281599999.994,5.487659224778215,3.1192,2.3684592247782144
2012-02-21,745096886383.6631,3444,3279,62,3416.0,13698311700000.0,5.439333712808296,3.1192,2.3201337128082957
2012-02-22,745492918343.6631,3445,3280,70,3415.0,13657900100000.014,5.458327509246185,3.1192,2.339127509246185
2012-02-23,746510748409.6631,3443,3280,122,3414.0,13728296999999.969,5.4377520271426585,3.1192,2.3185520271426583
2012-02-24,741000955586.6631,3446,3283,159,3416.0,13750340799999.977,5.388964290882626,3.1192,2.269764290882626
2012-02-25,741000955586.6631,3446,3283,0,3416.0,13750340799999.977,5.388964290882626,3.1192,2.269764290882626
2012-02-26,741000955586.6631,3446,3283,0,3416.0,13750340799999.977,5.388964290882626,3.1192,2.269764290882626
2012-02-27,745146376649.6631,3446,3285,151,3416.0,13750619600000.01,5.4190021855426975,3.1192,2.2998021855426973
2012-02-28,737545291873.6631,3445,3286,174,3415.0,13787774300000.008,5.349270127475634,3.1192,2.230070127475634
2012-02-29,739828388187.6631,3443,3291,271,3413.0,13703116699999.982,5.398978965038399,3.1192,2.279778965038399
2012-03-01,738235663734.6631,3445,3293,47,3415.0,13785673699999.965,5.35509311913182,3.1192,2.23589311913182
2012-03-02,738435212169.6631,3446,3295,61,3416.0,13727548999999.996,5.379221098898742,3.1192,2.2600210988987417
2012-03-03,738435212169.6631,3446,3295,0,3416.0,13727548999999.996,5.379221098898742,3.1024,2.276821098898742
2012-03-04,738435212169.6631,3446,3295,0,3416.0,13727548999999.996,5.379221098898742,3.1024,2.276821098898742
2012-03-05,738258256115.6631,3446,3295,42,3416.0,13670202299999.992,5.400492545129808,3.1024,2.298092545129808
2012-03-06,737992358303.6631,3446,3299,50,3416.0,13459685999999.982,5.482983468586593,3.1024,2.3805834685865928
2012-03-07,737969361746.6631,3447,3299,59,3417.0,13557432100000.006,5.443282741918823,3.1024,2.3408827419188234
2012-03-08,737835945672.6631,3446,3299,89,3416.0,13693319100000.012,5.388291474728449,3.1024,2.2858914747284493
2012-03-09,738354633650.6631,3445,3299,114,3415.0,13752134299999.977,5.369018492283518,3.1024,2.2666184922835177
2012-03-10,738328489650.6631,3444,3298,0,3415.0,13752134299999.977,5.368828383610714,3.1024,2.2664283836107137
2012-03-11,738328489650.6631,3444,3298,0,3415.0,13752134299999.977,5.368828383610714,3.1024,2.2664283836107137
2012-03-12,735833560158.6631,3444,3297,99,3414.0,13743909899999.984,5.353888125813921,3.1024,2.2514881258139208
2012-03-13,736341272415.6631,3445,3298,74,3415.0,13961398699999.973,5.274122516217981,3.1024,2.1717225162179816
2012-03-14,736772941757.6631,3443,3295,100,3414.0,13925049700000.0,5.29098967422474,3.1024,2.18858967422474
2012-03-15,736122593501.6631,3445,3300,207,3415.0,13999220400000.0,5.258311337834663,3.1024,2.1559113378346635
2012-03-16,736102108602.6631,3445,3300,52,3415.0,14009014499999.965,5.254488876449268,3.1024,2.1520888764492683
2012-03-17,736102108602.6631,3445,3300,0,3415.0,14009014499999.965,5.254488876449268,3.1024,2.1520888764492683
2012-03-18,736102108602.6631,3445,3300,0,3415.0,14009014499999.965,5.254488876449268,3.1024,2.1520888764492683
2012-03-19,736075907085.6631,3445,3302,17,3415.0,14072442899999.969,5.230619248671207,3.1024,2.1282192486712077
2012-03-20,736117274639.6631,3443,3300,10,3413.0,14000216000000.006,5.257899411263818,3.1024,2.155499411263818
2012-03-21,735938586732.6631,3442,3300,24,3412.0,13992427100000.0,5.259549193811151,3.1024,2.157149193811151
2012-03-22,736272152325.6631,3444,3302,19,3413.0,13894538999999.977,5.299003819598941,3.1024,2.196603819598941
2012-03-23,736750223732.6631,3443,3302,38,3413.0,13937581199999.988,5.286069463277198,3.1024,2.1836694632771985
2012-03-24,736750223732.6631,3443,3302,0,3413.0,13937581199999.988,5.286069463277198,3.1024,2.1836694632771985
2012-03-25,736750223732.6631,3443,3302,0,3413.0,13937581199999.988,5.286069463277198,3.1024,2.1836694632771985
2012-03-26,736756420506.6631,3443,3304,32,3413.0,14128049900000.016,5.214848657256386,3.1024,2.1124486572563863
2012-03-27,734821081413.6631,3442,3303,45,3411.0,14085116099999.986,5.217004078607941,3.1024,2.114604078607941
2012-03-28,735112243557.6631,3445,3303,54,3414.0,13991996099999.992,5.253805377759243,3.1024,2.1514053777592435
2012-03-29,735408554244.6631,3450,3309,78,3419.0,13990509399999.988,5.256481613490526,3.1024,2.154081613490526
2012-03-30,734972174217.6631,3449,3312,176,3420.0,14034102999999.988,5.237044178866748,3.1024,2.1346441788667483
2012-03-31,734124644118.6631,3445,3308,0,3420.0,14034102999999.988,5.231005103202276,3.1024,2.128605103202276
2012-04-01,734124644118.6631,3445,3308,0,3420.0,14034102999999.988,5.231005103202276,3.1024,2.128605103202276
2012-04-02,733619968704.6631,3445,3310,20,3415.0,14108640199999.943,5.199792172066774,3.1024,2.097392172066774
2012-04-03,733650257619.6631,3444,3309,5,3415.0,14059172000000.0,5.218303450727134,3.4404,1.7779034507271343
2012-04-04,733706326337.6631,3443,3308,19,3414.0,13905762199999.986,5.276275516473766,3.4404,1.835875516473766
2012-04-05,733600588887.6631,3443,3308,15,3414.0,13900110600000.02,5.277660084860491,3.4404,1.8372600848604912
2012-04-06,733077685102.6631,3442,3307,15,3414.0,13900110600000.02,5.273898217059237,3.4404,1.833498217059237
2012-04-07,733077685102.6631,3442,3307,0,3414.0,13900110600000.02,5.273898217059237,3.4404,1.833498217059237
2012-04-08,733077685102.6631,3442,3307,0,3414.0,13900110600000.02,5.273898217059237,3.4404,1.833498217059237
2012-04-09,733185324175.6631,3443,3308,28,3414.0,13741591800000.014,5.33551960243545,3.4404,1.8951196024354495
2012-04-10,733157308541.6631,3443,3307,12,3414.0,13491307999999.986,5.434293758186113,3.4404,1.9938937581861131
2012-04-11,733184961155.6631,3444,3308,11,3415.0,13595530699999.992,5.392838112275113,3.4404,1.952438112275113
2012-04-12,733162092406.6631,3447,3307,24,3418.0,13810064499999.96,5.308896945460793,3.4404,1.8684969454607927
2012-04-13,733224668985.6631,3447,3308,11,3418.0,13667518799999.982,5.364724056466373,3.4404,1.9243240564663728
2012-04-14,733224668985.6631,3447,3308,0,3418.0,13667518799999.982,5.364724056466373,3.4404,1.9243240564663728
2012-04-15,733224668985.6631,3447,3308,0,3418.0,13667518799999.982,5.364724056466373,3.4404,1.9243240564663728
2012-04-16,733256535437.6631,3447,3308,43,3417.0,13633858999999.98,5.378202425576384,3.4404,1.937802425576384
2012-04-17,733249338437.6631,3448,3308,7,3419.0,13844760199999.986,5.296222743082714,3.4404,1.8558227430827137
2012-04-18,733122008579.6631,3449,3308,10,3419.0,13796334999999.994,5.313889584296579,3.4404,1.8734895842965789
2012-04-19,734119062408.6631,3450,3307,17,3419.0,13725869400000.004,5.348433975400225,3.4404,1.908033975400225
2012-04-20,734477802978.6631,3453,3307,17,3422.0,13758523799999.994,5.338347439415436,3.4404,1.8979474394154363
2012-04-21,734475025298.6631,3452,3306,0,3422.0,13758523799999.994,5.338327250621636,3.4404,1.897927250621636
2012-04-22,734475025298.6631,3452,3306,0,3422.0,13758523799999.994,5.338327250621636,3.4404,1.897927250621636
2012-04-23,735620462298.6631,3452,3305,10,3421.0,13623695400000.002,5.39956627552509,3.4404,1.95916627552509
2012-04-24,735265200088.6631,3454,3306,30,3422.0,13649143000000.004,5.386896452683241,3.4404,1.9464964526832411
2012-04-25,744129661863.6631,3455,3305,51,3423.0,13856346300000.02,5.370316573739658,3.4404,1.9299165737396584
2012-04-26,740900759958.6631,3456,3305,100,3424.0,13953445899999.994,5.309804941865029,3.4404,1.8694049418650291
2012-04-27,740066396461.6631,3454,3301,97,3422.0,14002635200000.002,5.285193721690779,3.4404,1.8447937216907788
2012-04-28,740066396461.6631,3454,3301,0,3422.0,14002635200000.002,5.285193721690779,3.4404,1.8447937216907788
2012-04-29,740066396461.6631,3454,3301,0,3422.0,14002635200000.002,5.285193721690779,3.4404,1.8447937216907788
2012-04-30,743340539148.6631,3454,3301,80,3423.0,13939696900000.01,5.332544491327229,3.4404,1.8921444913272287
2012-05-01,744280008468.6631,3452,3298,110,3421.0,13977931200000.04,5.32467929494932,3.4404,1.88427929494932
2012-05-02,745945863480.6631,3452,3298,120,3422.0,13977778500000.01,5.336655345344488,3.4404,1.896255345344488
2012-05-03,747417058148.6631,3452,3298,220,3422.0,13842329700000.004,5.399503366464844,3.1184,2.281103366464844
2012-05-04,742885666481.6631,3454,3298,294,3424.0,13612669700000.049,5.457310600004204,3.1184,2.3389106000042044
2012-05-05,742866541481.6631,3453,3297,0,3424.0,13612669700000.049,5.457170105887903,3.1184,2.3387701058879027
2012-05-06,742866541481.6631,3453,3297,0,3424.0,13612669700000.049,5.457170105887903,3.1184,2.3387701058879027
2012-05-07,742010514651.6631,3453,3297,181,3422.0,13614530100000.0,5.450136796507307,3.1184,2.331736796507307
2012-05-08,738808387408.8456,3451,3295,269,3421.0,13557199299999.986,5.449564995395814,3.1184,2.3311649953958145
2012-05-09,736120741002.8456,3451,3295,325,3420.0,13483601399999.977,5.459377796519904,3.1184,2.3409777965199043
2012-05-10,734444504720.8456,3452,3295,430,3422.0,13532641299999.988,5.427207360626976,3.1184,2.308807360626977
2012-05-11,728299445984.8456,3455,3295,114,3422.0,13511096700000.023,5.39037993847564,3.1184,2.27197993847564
2012-05-12,728304405063.8456,3454,3294,0,3422.0,13511096700000.023,5.390416642224492,3.1184,2.2720166422244925
2012-05-13,728304405063.8456,3454,3294,0,3422.0,13511096700000.023,5.390416642224492,3.1184,2.2720166422244925
2012-05-14,728370417373.8456,3454,3294,125,3421.0,13366960999999.992,5.449035254713812,3.1184,2.3306352547138123
2012-05-15,728271921186.8456,3453,3295,290,3422.0,13297883899999.992,5.476600086626158,3.1184,2.3582000866261583
2012-05-16,728374503514.8456,3452,3294,11,3421.0,13244978299999.977,5.499250259359405,3.1184,2.380850259359405
2012-05-17,728947863020.8456,3450,3292,12,3418.0,13018850099999.996,5.599172410940087,3.1184,2.480772410940087
2012-05-18,728903223885.8456,3452,3292,9,3418.0,12988655199999.992,5.611845203850249,3.1184,2.493445203850249
2012-05-19,728903223885.8456,3452,3292,0,3418.0,12988655199999.992,5.611845203850249,3.1184,2.493445203850249
2012-05-20,728903223885.8456,3452,3292,0,3418.0,12988655199999.992,5.611845203850249,3.1184,2.493445203850249
2012-05-21,729057889795.8456,3452,3292,31,3417.0,13232087000000.018,5.509772493151266,3.1184,2.3913724931512665
2012-05-22,729138603795.8456,3452,3291,5,3417.0,13199436299999.992,5.524013201956556,3.1184,2.4056132019565566
2012-05-23,729015368795.8456,3452,3291,14,3419.0,13238770700000.014,5.506669654727419,3.1184,2.38826965472742
2012-05-24,729353477678.8456,3452,3291,17,3419.0,13251361599999.986,5.503988946153626,3.1184,2.3855889461536264
2012-05-25,731286542220.8456,3451,3290,31,3418.0,13208460400000.031,5.536501000683196,3.1184,2.418101000683196
2012-05-26,731286542220.8456,3451,3290,0,3418.0,13208460400000.031,5.536501000683196,3.1184,2.418101000683196
2012-05-27,731286542220.8456,3451,3290,0,3418.0,13208460400000.031,5.536501000683196,3.1184,2.418101000683196
2012-05-28,731286542220.8456,3451,3290,0,3418.0,13208460400000.031,5.536501000683196,3.1184,2.418101000683196
2012-05-29,731302387220.8456,3452,3290,14,3419.0,13355119699999.994,5.475820536605493,3.1184,2.357420536605493
2012-05-30,731234333508.8456,3450,3288,15,3417.0,13155173999999.986,5.558530305329647,3.1184,2.4401303053296477
2012-05-31,730070136833.8456,3449,3287,16,3415.0,13108032400000.016,5.5696393978538286,3.1184,2.4512393978538287
2012-06-01,732939593833.8456,3447,3285,22,3413.0,12772599199999.984,5.738374643697005,3.1184,2.619974643697005
2012-06-02,732976823833.8456,3446,3284,0,3413.0,12772599199999.984,5.738666127046768,3.1184,2.620266127046768
2012-06-03,732976823833.8456,3446,3284,0,3413.0,12772599199999.984,5.738666127046768,2.5194,3.219266127046768
2012-06-04,732779491833.8456,3446,3284,13,3413.0,12769853399999.994,5.738354771041036,2.5194,3.218954771041036
2012-06-05,732468431132.8456,3445,3283,12,3412.0,12847152700000.006,5.701406749316876,2.5194,3.1820067493168755
2012-06-06,732739240132.8456,3445,3283,34,3413.0,13139767400000.002,5.576500845310592,2.5194,3.0571008453105915
2012-06-07,732075540388.8456,3445,3282,40,3412.0,13118622299999.998,5.580430045530358,2.5194,3.061030045530358
2012-06-08,730998973244.8456,3445,3282,41,3412.0,13230791400000.008,5.524982982082577,2.5194,3.005582982082577
2012-06-09,730998973244.8456,3445,3282,0,3412.0,13230791400000.008,5.524982982082577,2.5194,3.005582982082577
2012-06-10,730998973244.8456,3445,3282,0,3412.0,13230791400000.008,5.524982982082577,2.5194,3.005582982082577
2012-06-11,730972908386.8456,3445,3282,30,3411.0,13044811900000.014,5.603552691985116,2.5194,3.084152691985116
2012-06-12,730918725142.8456,3445,3282,15,3412.0,13192463799999.996,5.540426232913717,2.5194,3.0210262329137167
2012-06-13,730732067659.8456,3445,3282,10,3412.0,13080153000000.02,5.586571255396207,2.5194,3.0671712553962065
2012-06-14,730745153357.8456,3446,3282,38,3413.0,13213968500000.008,5.530096074906226,2.5194,3.010696074906225
2012-06-15,731088461374.8456,3444,3281,9,3411.0,13349956300000.0,5.476335989016276,2.5194,2.956935989016276
2012-06-16,731093417374.8456,3443,3280,0,3411.0,13349956300000.0,5.476373112733302,2.5194,2.9569731127333023
2012-06-17,731093417374.8456,3443,3280,0,3411.0,13349956300000.0,5.476373112733302,2.5194,2.9569731127333023
2012-06-18,731194721374.8456,3444,3280,6,3411.0,13399639999999.984,5.456823626417175,2.5194,2.937423626417175
2012-06-19,731294809690.8456,3444,3280,10,3410.0,13537551799999.992,5.401972383890313,2.5194,2.882572383890313
2012-06-20,731398383690.8456,3443,3279,3,3410.0,13518486400000.018,5.410357062539521,2.5194,2.8909570625395213
2012-06-21,731369840337.8456,3444,3280,5,3411.0,13205787199999.984,5.5382525044614255,2.5194,3.0188525044614254
2012-06-22,731365369664.8456,3442,3278,6,3409.0,13298042599999.98,5.499797163116674,2.5194,2.980397163116674
2012-06-23,731337712753.8456,3441,3277,0,3409.0,13298042599999.98,5.499589185808795,2.5194,2.980189185808795
2012-06-24,731337712753.8456,3441,3277,0,3409.0,13298042599999.98,5.499589185808795,2.5194,2.980189185808795
2012-06-25,731465774451.8456,3441,3277,5,3408.0,13088600300000.004,5.588571410892923,2.5194,3.069171410892923
2012-06-26,731549416531.8456,3441,3277,10,3408.0,13153397600000.016,5.561676448766703,2.5194,3.042276448766703
2012-06-27,731401017613.8456,3442,3277,7,3409.0,13262722599999.992,5.514712473997202,2.5194,2.9953124739972017
2012-06-28,731608360433.8456,3444,3277,12,3410.0,13235535899999.98,5.527606633848855,2.5194,3.0082066338488547
2012-06-29,731368223424.8456,3444,3277,23,3410.0,13575928500000.008,5.387242746784097,2.5194,2.867842746784097
2012-06-30,731240245268.8456,3439,3272,0,3410.0,13575928500000.008,5.38630006241448,2.5194,2.86690006241448
2012-07-01,731240245268.8456,3439,3272,0,3410.0,13575928500000.008,5.38630006241448,2.5194,2.86690006241448
2012-07-02,730755102268.8456,3440,3272,5,3407.0,13612124399999.965,5.368413340895177,2.5194,2.849013340895177
2012-07-03,731061577188.8456,3436,3268,8,3404.0,13720568699999.986,5.328216294626667,2.7428,2.5854162946266674
2012-07-04,731044449188.8456,3435,3267,0,3404.0,13720568699999.986,5.328091460150965,2.7428,2.585291460150965
2012-07-05,731506845071.8456,3435,3267,8,3402.0,13689539800000.006,5.343545917240003,2.7428,2.600745917240003
2012-07-06,731343376071.8456,3435,3267,9,3402.0,13552318499999.986,5.396444719564747,2.7428,2.6536447195647472
2012-07-07,731343376071.8456,3435,3267,0,3402.0,13552318499999.986,5.396444719564747,2.7428,2.6536447195647472
2012-07-08,731343376071.8456,3435,3267,0,3402.0,13552318499999.986,5.396444719564747,2.7428,2.6536447195647472
2012-07-09,731671800284.8456,3435,3267,12,3401.0,13527580999999.99,5.408740855329908,2.7428,2.665940855329908
2012-07-10,731470472505.8456,3435,3267,14,3401.0,13400923999999.998,5.45835848711511,2.7428,2.7155584871151097
2012-07-11,731464879562.8456,3434,3266,6,3401.0,13372905299999.996,5.469752930672782,2.7428,2.726952930672782
2012-07-12,731393741857.8456,3434,3266,12,3401.0,13317381499999.994,5.492023652381257,2.7428,2.749223652381257
2012-07-13,731420246541.8456,3434,3266,15,3400.0,13509486599999.998,5.41412318764094,2.7428,2.67132318764094
2012-07-14,731421719541.8456,3433,3265,0,3400.0,13509486599999.998,5.414134091090077,2.7428,2.6713340910900767
2012-07-15,731421719541.8456,3433,3265,0,3400.0,13509486599999.998,5.414134091090077,2.7428,2.6713340910900767
2012-07-16,731284041724.8456,3433,3265,14,3400.0,13469567700000.01,5.429157475668986,2.7428,2.686357475668986
2012-07-17,731215218724.8456,3432,3264,7,3400.0,13563075200000.002,5.391219969972926,2.7428,2.6484199699729265
2012-07-18,731205799911.8456,3433,3264,10,3400.0,13675162699999.97,5.346962342991701,2.7428,2.6041623429917014
2012-07-19,731020491546.8456,3435,3264,12,3402.0,13733325100000.01,5.32296793546994,2.7428,2.58016793546994
2012-07-20,731526791717.8456,3437,3264,17,3404.0,13605476300000.008,5.376708434072574,2.7428,2.6339084340725742
2012-07-21,731524738842.8456,3436,3263,0,3404.0,13605476300000.008,5.376693345479167,2.7428,2.633893345479166
2012-07-22,731524738842.8456,3436,3263,0,3404.0,13605476300000.008,5.376693345479167,2.7428,2.633893345479166
2012-07-23,731423698842.8456,3436,3263,8,3403.0,13467757899999.969,5.43092402071504,2.7428,2.68812402071504
2012-07-24,723218820842.8456,3436,3262,29,3403.0,13323655200000.01,5.428081183329069,2.7428,2.685281183329069
2012-07-25,719565973629.8456,3436,3261,44,3402.0,13316951099999.973,5.403383764245008,2.7428,2.6605837642450085
2012-07-26,719989783868.8456,3437,3260,88,3403.0,13510925599999.994,5.328944923424387,2.7428,2.5861449234243867
2012-07-27,716888718827.8456,3439,3261,93,3405.0,13753867099999.965,5.21227021909967,2.7428,2.4694702190996702
2012-07-28,716888718827.8456,3439,3261,0,3405.0,13753867099999.965,5.21227021909967,2.7428,2.4694702190996702
2012-07-29,716888718827.8456,3439,3261,0,3405.0,13753867099999.965,5.21227021909967,2.7428,2.4694702190996702
2012-07-30,718173840201.6401,3439,3262,56,3405.0,13739109600000.0,5.227222586546949,2.7428,2.484422586546949
2012-07-31,714591886631.6401,3439,3262,98,3405.0,13669552700000.008,5.22761718919771,2.7428,2.4848171891977104
2012-08-01,714866098094.6401,3435,3258,115,3401.0,13604024500000.002,5.254813368607503,2.7428,2.5120133686075032
2012-08-02,713246603781.6401,3435,3257,192,3401.0,13504657400000.049,5.281486102577008,2.7428,2.5386861025770084
2012-08-03,709517384667.6401,3433,3255,258,3399.0,13754234700000.02,5.1585377168795805,2.6435,2.515037716879581
2012-08-04,709594734667.6401,3431,3253,0,3399.0,13754234700000.02,5.159100089135741,2.6435,2.515600089135741
2012-08-05,709594734667.6401,3431,3253,0,3399.0,13754234700000.02,5.159100089135741,2.6435,2.515600089135741
2012-08-06,707873174662.6401,3431,3253,158,3396.0,13801964400000.062,5.128785686931905,2.6435,2.485285686931905
2012-08-07,709716574051.6401,3431,3254,290,3396.0,13884145400000.023,5.1117051399622975,2.6435,2.468205139962297
2012-08-08,711806999371.6401,3433,3258,309,3398.0,13889167299999.984,5.124907663626753,2.6435,2.481407663626753
2012-08-09,707371060995.6401,3430,3259,489,3397.0,13904496699999.992,5.087354661284795,2.6435,2.443854661284796
2012-08-10,707462701868.6401,3431,3261,117,3398.0,13929829899999.996,5.078760522902296,2.6435,2.435260522902296
2012-08-11,707462701868.6401,3431,3261,0,3398.0,13929829899999.996,5.078760522902296,2.6435,2.435260522902296
2012-08-12,707462701868.6401,3431,3261,0,3398.0,13929829899999.996,5.078760522902296,2.6435,2.435260522902296
2012-08-13,707816678467.6401,3431,3262,98,3398.0,13906495499999.97,5.08982783237978,2.6435,2.44632783237978
2012-08-14,706448445992.6401,3430,3268,318,3398.0,13905621399999.965,5.080308356393494,2.6435,2.436808356393494
2012-08-15,706513153449.6401,3429,3268,16,3397.0,13942944699999.986,5.0671731736097385,2.6435,2.4236731736097386
2012-08-16,706696115449.6401,3430,3268,8,3396.0,14052194999999.98,5.02907990850996,2.6435,2.38557990850996
2012-08-17,706559432449.6401,3429,3267,6,3396.0,14088696400000.0,5.015080262852709,2.6435,2.3715802628527087
2012-08-18,706525605449.6401,3428,3266,0,3396.0,14088696400000.0,5.014840162569194,2.6435,2.371340162569194
2012-08-19,706525605449.6401,3428,3266,0,3396.0,14088696400000.0,5.014840162569194,2.6435,2.371340162569194
2012-08-20,707138699535.6401,3428,3267,23,3394.0,14069375700000.006,5.026084416351465,2.6435,2.3825844163514653
2012-08-21,707014674036.6401,3428,3267,9,3396.0,14019130099999.998,5.0432135873868535,2.6435,2.3997135873868536
2012-08-22,706245501036.6401,3427,3265,9,3394.0,14024366999999.969,5.035845832019668,2.6435,2.392345832019668
2012-08-23,707272297490.6401,3427,3265,15,3393.0,13920900400000.008,5.080650512309101,2.6435,2.4371505123091013
2012-08-24,707756957490.6401,3427,3266,13,3394.0,13999001499999.95,5.055767423774065,2.6435,2.412267423774065
2012-08-25,707780387490.6401,3426,3265,0,3394.0,13999001499999.95,5.055934792853924,2.6435,2.412434792853924
2012-08-26,707780387490.6401,3426,3265,0,3394.0,13999001499999.95,5.055934792853924,2.6435,2.412434792853924
2012-08-27,706167173403.6401,3426,3265,12,3393.0,13992269000000.008,5.046838174735203,2.6435,2.4033381747352034
2012-08-28,706234926443.6401,3426,3265,14,3393.0,14000219999999.998,5.044455918861562,2.6435,2.400955918861562
2012-08-29,704332279682.6401,3425,3264,29,3392.0,14014576799999.996,5.025712083454709,2.6435,2.3822120834547094
2012-08-30,703339960682.6401,3425,3264,22,3392.0,13899618500000.0,5.060138597923678,2.6435,2.416638597923678
2012-08-31,703616702794.6401,3424,3264,23,3391.0,13972679899999.982,5.035660358859585,2.6435,2.392160358859585
2012-09-01,703626074794.6401,3423,3263,0,3391.0,13972679899999.982,5.0357274326068335,2.6435,2.3922274326068336
2012-09-02,703626074794.6401,3423,3263,0,3391.0,13972679899999.982,5.0357274326068335,2.6435,2.3922274326068336
2012-09-03,703626074794.6401,3423,3263,0,3391.0,13972679899999.982,5.0357274326068335,2.6723,2.3634274326068336
2012-09-04,702833597794.6401,3423,3263,17,3390.0,13973537900000.006,5.02974696046475,2.6723,2.35744696046475
2012-09-05,703006744214.6401,3424,3264,31,3391.0,13963469500000.018,5.034613669723268,2.6723,2.3623136697232683
2012-09-06,700154006149.6401,3423,3263,44,3390.0,14236144099999.988,4.918143573368583,2.6723,2.2458435733685835
2012-09-07,700186300149.6401,3424,3264,26,3391.0,14292434899999.977,4.89899940107225,2.6723,2.22669940107225
2012-09-08,700144418149.6401,3421,3261,0,3391.0,14292434899999.977,4.898706364929053,2.6723,2.226406364929053
2012-09-09,700144418149.6401,3421,3261,0,3391.0,14292434899999.977,4.898706364929053,2.6723,2.226406364929053
2012-09-10,699973152509.6401,3421,3262,42,3391.0,14211143800000.004,4.925522972398886,2.6723,2.253222972398886
2012-09-11,699989078791.6401,3420,3261,7,3389.0,14243239100000.002,4.914535758875522,2.6723,2.2422357588755224
2012-09-12,700268054463.6401,3420,3261,18,3389.0,14279185499999.982,4.904117636567163,2.6723,2.231817636567163
2012-09-13,700235630246.6401,3420,3262,30,3388.0,14478600800000.031,4.836348759934307,2.6723,2.164048759934307
2012-09-14,700675640107.6401,3419,3262,31,3387.0,14562647300000.008,4.811457873512048,2.6723,2.1391578735120484
2012-09-15,700675640107.6401,3419,3262,0,3387.0,14562647300000.008,4.811457873512048,2.6723,2.1391578735120484
2012-09-16,700675640107.6401,3419,3262,0,3387.0,14562647300000.008,4.811457873512048,2.6723,2.1391578735120484
2012-09-17,700679947107.6401,3422,3262,3,3389.0,14550040900000.016,4.815656202778367,2.6723,2.1433562027783672
2012-09-18,700421144114.6401,3421,3261,3,3388.0,14527870700000.023,4.82122369188376,2.6723,2.14892369188376
2012-09-19,700640440581.6401,3420,3260,5,3388.0,14553599100000.049,4.814207370750221,2.6723,2.1419073707502214
2012-09-20,700649643532.6401,3423,3259,6,3388.0,14531327700000.006,4.821649184421323,2.6723,2.1493491844213235
2012-09-21,700652565158.6401,3422,3258,10,3387.0,14541007999999.965,4.818459388500727,2.6723,2.1461593885007275
2012-09-22,700654492158.6401,3421,3257,0,3387.0,14541007999999.965,4.818472640676918,2.6723,2.1461726406769177
2012-09-23,700654492158.6401,3421,3257,0,3387.0,14541007999999.965,4.818472640676918,2.6723,2.1461726406769177
2012-09-24,700986412205.6401,3421,3257,14,3386.0,14482829699999.97,4.840120520133173,2.6723,2.167820520133173
2012-09-25,701092254468.6401,3421,3258,10,3386.0,14320307400000.031,4.895790536372415,2.6723,2.223490536372415
2012-09-26,701113000753.6401,3420,3257,14,3385.0,14237690699999.994,4.92434493434838,2.6723,2.25204493434838
2012-09-27,701004971689.6401,3420,3257,10,3385.0,14381556199999.965,4.874333221947441,2.6723,2.202033221947441
2012-09-28,701233572254.6401,3421,3257,30,3387.0,14316142799999.955,4.898201855423252,2.6723,2.225901855423252
2012-09-29,701145831254.6401,3418,3254,0,3387.0,14316142799999.955,4.897588973858532,2.6723,2.2252889738585324
2012-09-30,701145831254.6401,3418,3254,0,3387.0,14316142799999.955,4.897588973858532,2.6723,2.2252889738585324
2012-10-01,701205492154.6401,3419,3254,9,3385.0,14340038500000.016,4.889843860284192,2.6723,2.2175438602841924
2012-10-02,701677642562.6401,3418,3253,6,3384.0,14323329499999.998,4.898844521887458,2.6723,2.226544521887458
2012-10-03,701546076993.6401,3421,3254,7,3385.0,14357666899999.99,4.886212236847761,2.8183,2.0679122368477616
2012-10-04,701270100298.6401,3419,3251,12,3385.0,14441339400000.008,4.855990714397584,2.8183,2.037690714397584
2012-10-05,701893105263.6401,3419,3250,10,3382.0,14427027900000.0,4.865126137751769,2.8183,2.0468261377517694
2012-10-06,701893105263.6401,3419,3250,0,3382.0,14427027900000.0,4.865126137751769,2.8183,2.0468261377517694
2012-10-07,701893105263.6401,3419,3250,0,3382.0,14427027900000.0,4.865126137751769,2.8183,2.0468261377517694
2012-10-08,701893105263.6401,3419,3250,0,3382.0,14369639400000.01,4.884556151517899,2.8183,2.0662561515178988
2012-10-09,702445379446.6401,3419,3250,14,3382.0,14214891500000.006,4.9416161878311895,2.8183,2.1233161878311897
2012-10-10,702229624703.6401,3420,3250,14,3382.0,14119920299999.986,4.973325697197036,2.8183,2.1550256971970363
2012-10-11,702096198125.6401,3422,3249,13,3385.0,14129505099999.992,4.9690077122774845,2.8183,2.1507077122774847
2012-10-12,702062349816.6401,3425,3248,8,3386.0,14115435099999.992,4.973720929202107,2.8183,2.155420929202108
2012-10-13,702071835047.6401,3424,3247,0,3386.0,14115435099999.992,4.973788126783569,2.8183,2.155488126783569
2012-10-14,702071835047.6401,3424,3247,0,3386.0,14115435099999.992,4.973788126783569,2.8183,2.155488126783569
2012-10-15,701573611526.6401,3424,3248,28,3385.0,14220462999999.988,4.933549713020178,2.8183,2.1152497130201784
2012-10-16,701713642526.6401,3423,3247,9,3384.0,14371633199999.977,4.88262978021622,2.8183,2.0643297802162204
2012-10-17,702539353063.6401,3424,3246,9,3386.0,14415697200000.023,4.873433059232396,2.8183,2.0551330592323964
2012-10-18,702530742063.6401,3423,3245,13,3386.0,14366522100000.035,4.890054372057371,2.8183,2.071754372057371
2012-10-19,698271067898.6401,3422,3244,22,3385.0,14122926499999.984,4.944237781727753,2.8183,2.125937781727753
2012-10-20,698271067898.6401,3422,3244,0,3385.0,14122926499999.984,4.944237781727753,2.8183,2.125937781727753
2012-10-21,698271067898.6401,3422,3244,0,3385.0,14122926499999.984,4.944237781727753,2.8183,2.125937781727753
2012-10-22,698359696898.6401,3422,3244,10,3385.0,14119938700000.035,4.945911676646573,2.8183,2.1276116766465734
2012-10-23,698390656898.6401,3422,3244,21,3386.0,13944312399999.998,5.008426639227047,2.8183,2.190126639227046
2012-10-24,702913957950.6401,3422,3244,36,3385.0,13908415599999.996,5.053875136939684,2.8183,2.2355751369396843
2012-10-25,703731632477.6401,3424,3244,86,3387.0,13937148899999.965,5.049322766994632,2.8183,2.2310227669946325
2012-10-26,704510742136.6401,3426,3245,82,3387.0,13927289499999.96,5.058491403777039,2.8183,2.24019140377704
2012-10-27,704507926378.6401,3422,3241,0,3387.0,13927289499999.96,5.058471186217837,2.8183,2.240171186217837
2012-10-28,704507926378.6401,3422,3241,0,3387.0,13927289499999.96,5.058471186217837,2.8183,2.240171186217837
2012-10-29,705802195644.6401,3422,3241,55,3387.0,13927289499999.96,5.067764231113615,2.8183,2.249464231113615
2012-10-30,697228687034.6401,3422,3241,76,3387.0,13927289499999.96,5.006205170321492,2.8183,2.187905170321492
2012-10-31,695833422421.1261,3422,3241,108,3383.0,13938011000000.02,4.9923437599606215,2.8183,2.1740437599606217
2012-11-01,697505679737.1261,3419,3240,184,3380.0,14102891500000.006,4.945834545611627,2.8183,2.127534545611627
2012-11-02,692295506524.1261,3421,3242,210,3382.0,13960389699999.98,4.958998433432893,2.8183,2.1406984334328936
2012-11-03,692295506524.1261,3421,3242,0,3382.0,13960389699999.98,4.958998433432893,2.9066,2.0523984334328933
2012-11-04,692295506524.1261,3421,3242,0,3382.0,13960389699999.98,4.958998433432893,2.9066,2.0523984334328933
2012-11-05,687043360347.1261,3421,3243,130,3382.0,14010042800000.0,4.903934771327937,2.9066,1.997334771327937
2012-11-06,681273135344.1261,3420,3242,213,3381.0,14103018200000.04,4.830690322332026,2.9066,1.9240903223320256
2012-11-07,673736800713.1261,3419,3242,255,3380.0,13813992499999.943,4.87720549083206,2.9066,1.9706054908320596
2012-11-08,672048788392.1261,3420,3245,370,3381.0,13633677300000.002,4.929328849466945,2.9066,2.0227288494669446
2012-11-09,670659890861.1261,3419,3247,438,3381.0,13649617399999.96,4.9133969928060255,2.9066,2.0067969928060254
2012-11-10,670659890861.1261,3419,3247,0,3381.0,13649617399999.96,4.9133969928060255,2.9066,2.0067969928060254
2012-11-11,670659890861.1261,3419,3247,0,3381.0,13649617399999.96,4.9133969928060255,2.9066,2.0067969928060254
2012-11-12,670659890861.1261,3420,3247,0,3382.0,13645164400000.012,4.915000444121623,2.9066,2.008400444121623
2012-11-13,670312363351.1261,3420,3252,168,3383.0,13592293799999.99,4.931561760025572,2.9066,2.024961760025572
2012-11-14,669944008658.1261,3421,3255,289,3384.0,13398247199999.977,5.000236214914197,2.9066,2.0936362149141967
2012-11-15,669802835322.1261,3421,3255,21,3384.0,13349503600000.002,5.017436268732315,2.9066,2.1108362687323146
2012-11-16,669182948687.1261,3421,3254,23,3386.0,13430924999999.99,4.982404031644333,2.9066,2.075804031644333
2012-11-17,669182948687.1261,3421,3254,0,3386.0,13430924999999.99,4.982404031644333,2.9066,2.075804031644333
2012-11-18,669182948687.1261,3421,3254,0,3386.0,13430924999999.99,4.982404031644333,2.9066,2.075804031644333
2012-11-19,669160575091.1261,3422,3254,39,3386.0,13703976899999.99,4.882966309517981,2.9066,1.9763663095179809
2012-11-20,669269990742.1261,3423,3255,21,3386.0,13710912700000.014,4.881294231726276,2.9066,1.974694231726276
2012-11-21,669579965814.1261,3422,3255,38,3385.0,13756827900000.016,4.867255523449017,2.9066,1.9606555234490168
2012-11-22,669579965814.1261,3422,3255,0,3385.0,13756827900000.016,4.867255523449017,2.9066,1.9606555234490168
2012-11-23,669581663280.1261,3422,3255,1,3385.0,13935379700000.004,4.804904334828608,2.9066,1.898304334828608
2012-11-24,669595426280.1261,3421,3254,0,3385.0,13935379700000.004,4.805003097835403,2.9066,1.898403097835403
2012-11-25,669595426280.1261,3421,3254,0,3385.0,13935379700000.004,4.805003097835403,2.9066,1.898403097835403
2012-11-26,669578387700.1261,3421,3254,9,3384.0,13914451899999.988,4.812107530445569,2.9066,1.9055075304455693
2012-11-27,670030280700.1261,3419,3252,8,3382.0,13858582199999.998,4.834767879070098,2.9066,1.9281678790700976
2012-11-28,670066645546.1261,3417,3251,18,3381.0,13974702299999.98,4.794854524708745,2.9066,1.8882545247087448
2012-11-29,670444164546.1261,3416,3250,21,3379.0,14047261400000.004,4.772774887965891,2.9066,1.866174887965891
2012-11-30,670571877546.1261,3416,3250,24,3380.0,14055474499999.99,4.77089462576398,2.9066,1.8642946257639796
2012-12-01,670571877546.1261,3416,3250,0,3380.0,14055474499999.99,4.77089462576398,2.9066,1.8642946257639796
2012-12-02,670571877546.1261,3416,3250,0,3380.0,14055474499999.99,4.77089462576398,2.9066,1.8642946257639796
2012-12-03,671664629546.1261,3417,3250,10,3380.0,13989841499999.992,4.801088200649925,2.7987,2.002388200649925
2012-12-04,673851401454.1261,3415,3248,25,3378.0,13969215199999.986,4.823831488071905,2.7987,2.0251314880719047
2012-12-05,673227056826.1261,3414,3247,28,3377.0,13949687699999.992,4.826108449912656,2.7987,2.027408449912656
2012-12-06,673137972859.1261,3414,3247,42,3378.0,13991578800000.008,4.811022276193204,2.7987,2.012322276193204
2012-12-07,673635437137.1261,3414,3247,28,3378.0,14024726299999.99,4.803198456265964,2.7987,2.004498456265964
2012-12-08,673635437137.1261,3414,3247,0,3378.0,14024726299999.99,4.803198456265964,2.7987,2.004498456265964
2012-12-09,673635437137.1261,3414,3247,0,3378.0,14024726299999.99,4.803198456265964,2.7987,2.004498456265964
2012-12-10,673677065768.1261,3415,3248,34,3379.0,14051843199999.943,4.794225612823012,2.7987,1.995525612823012
2012-12-11,673665828015.1261,3414,3248,14,3378.0,14144818899999.988,4.762633108120788,2.7987,1.963933108120788
2012-12-12,673655972411.1261,3414,3248,14,3378.0,14125346300000.03,4.7691288985327365,2.7987,1.9704288985327365
2012-12-13,673655191767.1261,3415,3248,15,3379.0,14036643299999.982,4.799261314613067,2.7987,2.0005613146130665
2012-12-14,673588787799.1261,3414,3247,29,3380.0,13984699700000.02,4.8166124568204,2.7987,2.0179124568204
2012-12-15,673566076799.1261,3412,3245,0,3380.0,13984699700000.02,4.81645005790954,2.7987,2.01775005790954
2012-12-16,673566076799.1261,3412,3245,0,3380.0,13984699700000.02,4.81645005790954,2.7987,2.01775005790954
2012-12-17,674067616143.1261,3414,3245,20,3377.0,14116355899999.998,4.775082329449671,2.7987,1.9763823294496712
2012-12-18,674132512090.1261,3413,3244,6,3376.0,14282378200000.004,4.7200298343179705,2.7987,1.9213298343179703
2012-12-19,674332624191.1261,3412,3243,10,3375.0,14203806899999.996,4.747548519482662,2.7987,1.948848519482662
2012-12-20,674051636579.1261,3412,3243,15,3375.0,14261456500000.008,4.726387073992938,2.7987,1.9276870739929377
2012-12-21,673639401732.1261,3409,3240,23,3372.0,14137386899999.986,4.764949891355996,2.7987,1.966249891355996
2012-12-22,673159183732.1261,3405,3236,0,3372.0,14137386899999.986,4.761553096719216,2.7987,1.962853096719216
2012-12-23,673159183732.1261,3405,3236,0,3372.0,14137386899999.986,4.761553096719216,2.7987,1.962853096719216
2012-12-24,673154048732.1261,3405,3236,1,3368.0,14094886399999.99,4.775874239980583,2.7987,1.9771742399805827
2012-12-25,673152082596.1261,3404,3235,0,3368.0,14094886399999.99,4.775860290694692,2.7987,1.977160290694692
2012-12-26,673152491101.1261,3404,3235,7,3367.0,14011322899999.992,4.804346426854002,2.7987,2.005646426854001
2012-12-27,675402491101.1261,3405,3235,1,3368.0,13999852900000.0,4.824354198043939,2.7987,2.025654198043939
2012-12-28,675279273423.1261,3405,3235,14,3368.0,13854029599999.998,4.874244482797454,2.7987,2.0755444827974534
2012-12-29,675166276423.1261,3402,3232,0,3368.0,13854029599999.998,4.873428857284426,2.7987,2.074728857284426
2012-12-30,675166276423.1261,3402,3232,0,3368.0,13854029599999.998,4.873428857284426,2.7987,2.074728857284426
2012-12-31,675144477511.1261,3402,3232,6,3373.0,14101667400000.02,4.78769253564387,2.7987,1.9889925356438705
2013-01-01,675086948511.1261,3400,3230,0,3373.0,14101667400000.02,4.787284576794976,2.7987,1.988584576794976
2013-01-02,675126062139.1261,3401,3230,6,3372.0,14456991400000.02,4.669893226464292,2.7987,1.871193226464292
2013-01-03,675136986139.1261,3401,3230,6,3372.0,14434365500000.023,4.677288974975208,3.1251,1.5521889749752078
2013-01-04,674921145139.1261,3401,3230,7,3372.0,14500677199999.998,4.654411210113182,3.1251,1.5293112101131814
2013-01-05,674921145139.1261,3401,3230,0,3372.0,14500677199999.998,4.654411210113182,3.1251,1.5293112101131814
2013-01-06,674921145139.1261,3401,3230,0,3372.0,14500677199999.998,4.654411210113182,3.1251,1.5293112101131814
2013-01-07,675022468600.1261,3402,3230,5,3372.0,14465745599999.982,4.6663510285990855,3.1251,1.5412510285990852
2013-01-08,675500453600.1261,3401,3229,19,3371.0,14419783899999.977,4.684539368167141,3.1251,1.559439368167141
2013-01-09,674993620006.1261,3399,3227,27,3369.0,14482942599999.996,4.660611028080207,3.1251,1.535511028080207
2013-01-10,675084205006.1261,3400,3227,9,3370.0,14578273200000.006,4.630755616557699,3.1251,1.5056556165576986
2013-01-11,675082620776.1261,3400,3227,8,3370.0,14590631799999.984,4.626822402413903,3.1251,1.5017224024139026
2013-01-12,675082620776.1261,3400,3227,0,3370.0,14590631799999.984,4.626822402413903,3.1251,1.5017224024139026
2013-01-13,675082620776.1261,3400,3227,0,3370.0,14590631799999.984,4.626822402413903,3.1251,1.5017224024139026
2013-01-14,675040064970.1261,3400,3228,20,3370.0,14571780999999.986,4.632515853553706,3.1251,1.5074158535537054
2013-01-15,675039892616.1261,3401,3228,4,3371.0,14597098300000.012,4.624480007893935,3.1251,1.4993800078939352
2013-01-16,675039892616.1261,3401,3228,2,3371.0,14587847799999.998,4.6274125002601565,3.1251,1.5023125002601565
2013-01-17,675039892616.1261,3402,3228,0,3372.0,14693086600000.027,4.594268794523575,3.1251,1.4691687945235743
2013-01-18,675334745830.1261,3404,3227,7,3374.0,14746681299999.986,4.579571037655277,3.1251,1.4544710376552763
2013-01-19,675334745830.1261,3404,3227,0,3374.0,14746681299999.986,4.579571037655277,3.1251,1.4544710376552763
2013-01-20,675334745830.1261,3404,3227,0,3374.0,14746681299999.986,4.579571037655277,3.1251,1.4544710376552763
2013-01-21,675334745830.1261,3404,3227,0,3374.0,14746681299999.986,4.579571037655277,3.1251,1.4544710376552763
2013-01-22,675282881249.1261,3405,3227,8,3375.0,14808866599999.97,4.559990305059048,3.1251,1.434890305059048
2013-01-23,675630058573.1261,3404,3226,5,3374.0,14830863299999.982,4.555567972722983,3.1251,1.4304679727229828
2013-01-24,679236815442.1261,3404,3226,10,3374.0,14832496199999.998,4.5793830403416935,3.1251,1.454283040341693
2013-01-25,679526030442.1261,3403,3223,22,3373.0,14927184700000.008,4.552271872418954,3.1251,1.427171872418954
2013-01-26,679526030442.1261,3403,3223,0,3373.0,14927184700000.008,4.552271872418954,3.1251,1.427171872418954
2013-01-27,679526030442.1261,3403,3223,0,3373.0,14927184700000.008,4.552271872418954,3.1251,1.427171872418954
2013-01-28,679468840424.1261,3403,3223,6,3373.0,14915747499999.977,4.555379074525948,3.1251,1.4302790745259482
2013-01-29,680088298115.1261,3405,3223,20,3375.0,14955729500000.01,4.547342863583657,3.1251,1.4222428635836564
2013-01-30,679469150552.1261,3404,3222,14,3374.0,14883933900000.031,4.565118033426127,3.1251,1.4400180334261266
2013-01-31,679747640249.1261,3405,3221,39,3375.0,14862029200000.023,4.573720257857689,3.1251,1.4486202578576886
2013-02-01,680263477172.1261,3404,3220,42,3374.0,15017284799999.996,4.529869988029569,3.1251,1.4047699880295688
2013-02-02,680263477172.1261,3404,3220,0,3374.0,15017284799999.996,4.529869988029569,3.1251,1.4047699880295688
2013-02-03,680263477172.1261,3404,3220,0,3374.0,15017284799999.996,4.529869988029569,3.2178,1.312069988029569
2013-02-04,680292358172.1261,3404,3220,19,3374.0,14846505200000.004,4.582171689618416,3.2178,1.3643716896184157
2013-02-05,679882690172.1261,3403,3219,30,3373.0,14991800200000.012,4.535030357275743,3.2178,1.3172303572757431
2013-02-06,681461212757.1261,3404,3220,70,3374.0,15012361399999.969,4.539333916895496,3.2178,1.3215339168954956
2013-02-07,683340301675.6588,3404,3219,71,3374.0,14985142299999.998,4.560118869713095,3.2178,1.3423188697130954
2013-02-08,682056160200.6588,3405,3218,86,3375.0,15085394099999.992,4.521301569447624,3.2178,1.3035015694476235
2013-02-09,682056160200.6588,3404,3218,0,3375.0,15085394099999.992,4.521301569447624,3.2178,1.3035015694476235
2013-02-10,682056160200.6588,3404,3218,0,3375.0,15085394099999.992,4.521301569447624,3.2178,1.3035015694476235
2013-02-11,684147364785.6588,3404,3219,53,3374.0,15063404399999.951,4.5417844905342974,3.2178,1.3239844905342977
2013-02-12,683545941836.6588,3404,3220,47,3374.0,15075778000000.06,4.534067441406049,3.2178,1.316267441406049
2013-02-13,683939212821.6588,3403,3219,55,3373.0,15096788900000.023,4.530362167425271,3.2178,1.3125621674252712
2013-02-14,683766452223.6588,3401,3217,80,3371.0,15109015599999.98,4.525552625835264,3.2178,1.307752625835264
2013-02-15,683577430508.6588,3401,3217,64,3372.0,15080550799999.992,4.532841270682628,3.2178,1.3150412706826278
2013-02-16,683577430508.6588,3401,3217,0,3372.0,15080550799999.992,4.532841270682628,3.2178,1.3150412706826278
2013-02-17,683577430508.6588,3401,3217,0,3372.0,15080550799999.992,4.532841270682628,3.2178,1.3150412706826278
2013-02-18,683577430508.6588,3401,3217,0,3372.0,15080550799999.992,4.532841270682628,3.2178,1.3150412706826278
2013-02-19,687002248326.6588,3401,3217,65,3371.0,15186642399999.99,4.523727037430335,3.2178,1.3059270374303351
2013-02-20,686119409906.6588,3401,3220,53,3371.0,14982078900000.027,4.579600831675354,3.2178,1.3618008316753536
2013-02-21,686299363579.6588,3400,3220,84,3370.0,14869220599999.996,4.615570526807969,3.2178,1.3977705268079688
2013-02-22,692267645490.6588,3399,3221,137,3369.0,14988130099999.988,4.618772594525713,3.2178,1.400972594525713
2013-02-23,692267645490.6588,3399,3221,0,3369.0,14988130099999.988,4.618772594525713,3.2178,1.400972594525713
2013-02-24,692267645490.6588,3399,3221,0,3369.0,14988130099999.988,4.618772594525713,3.2178,1.400972594525713
2013-02-25,686570665542.6588,3399,3224,82,3369.0,14736629399999.99,4.658939618462952,3.2178,1.441139618462952
2013-02-26,687972497216.6588,3399,3224,124,3369.0,14821264900000.02,4.641793408716809,3.2178,1.423993408716809
2013-02-27,688240601884.6588,3399,3225,147,3369.0,14998312699999.984,4.5887868565686025,3.2178,1.3709868565686023
2013-02-28,687286366877.6588,3399,3229,216,3369.0,14993220299999.992,4.5839809802411775,3.2178,1.3661809802411775
2013-03-01,689178268401.6588,3398,3231,208,3368.0,15027480200000.012,4.586119956435931,3.2178,1.3683199564359314
2013-03-02,689232165401.6588,3397,3230,0,3368.0,15027480200000.012,4.586478612706196,3.2178,1.3686786127061956
2013-03-03,689232165401.6588,3397,3230,0,3368.0,15027480200000.012,4.586478612706196,3.0506,1.5358786127061954
2013-03-04,688150597489.6588,3397,3232,39,3367.0,15086164700000.004,4.561468147631046,3.0506,1.5108681476310457
2013-03-05,687971699117.6588,3398,3238,46,3368.0,15236406000000.002,4.515314826328852,3.0506,1.4647148263288514
2013-03-06,687582767827.6588,3398,3239,52,3368.0,15240304599999.98,4.511607778676942,3.0506,1.461007778676942
2013-03-07,686414574668.6588,3396,3239,80,3366.0,15270716500000.031,4.494972941634122,3.0506,1.4443729416341222
2013-03-08,686495903781.6588,3396,3245,89,3366.0,15353112999999.994,4.471379216590532,3.0506,1.4207792165905315
2013-03-09,686489066697.6588,3392,3241,0,3366.0,15353112999999.994,4.471334684357883,3.0506,1.4207346843578827
2013-03-10,686489066697.6588,3392,3241,0,3366.0,15353112999999.994,4.471334684357883,3.0506,1.4207346843578827
2013-03-11,688227443853.6588,3392,3242,70,3362.0,15384800300000.027,4.473424616721593,3.0506,1.4228246167215932
2013-03-12,687283995059.6588,3390,3242,96,3360.0,15361324999999.996,4.474119225129726,3.0506,1.4235192251297262
2013-03-13,687263375068.6588,3391,3243,65,3361.0,15379334099999.994,4.468745984708526,3.0506,1.4181459847085254
2013-03-14,687190129129.6588,3390,3244,86,3361.0,15473280600000.012,4.441140485293457,3.0506,1.3905404852934566
2013-03-15,692933823522.6588,3388,3246,143,3359.0,15430765199999.994,4.490599231739066,3.0506,1.4399992317390655
2013-03-16,692914821522.6588,3387,3245,0,3359.0,15430765199999.994,4.490476088137607,3.0506,1.4398760881376065
2013-03-17,692914821522.6588,3387,3245,0,3359.0,15430765199999.994,4.490476088137607,3.0506,1.4398760881376065
2013-03-18,692721802362.6588,3387,3247,161,3358.0,15361658699999.986,4.509420602884892,3.0506,1.4588206028848916
2013-03-19,692791494625.6588,3386,3246,9,3357.0,15324068899999.984,4.52093695967172,3.0506,1.4703369596717195
2013-03-20,691552105312.6588,3388,3245,20,3358.0,15440765399999.988,4.478742390015584,3.0506,1.4281423900155836
2013-03-21,691376300829.6588,3390,3248,22,3360.0,15323853300000.016,4.511765332742112,3.0506,1.4611653327421117
2013-03-22,691405073535.6588,3393,3250,43,3363.0,15428012700000.012,4.481491472557955,3.0506,1.4308914725579545
2013-03-23,691405073535.6588,3393,3250,0,3363.0,15428012700000.012,4.481491472557955,3.0506,1.4308914725579545
2013-03-24,691405073535.6588,3393,3250,0,3363.0,15428012700000.012,4.481491472557955,3.0506,1.4308914725579545
2013-03-25,691830174392.6588,3393,3252,24,3363.0,15380045100000.0,4.498232416708965,3.0506,1.4476324167089647
2013-03-26,689906580461.6588,3393,3253,28,3363.0,15484310999999.992,4.455520045171265,3.0506,1.404920045171265
2013-03-27,690590291599.6588,3394,3254,37,3365.0,15490339599999.96,4.45819981635303,3.0506,1.40759981635303
2013-03-28,691067151119.6588,3395,3256,69,3366.0,15553227599999.994,4.443239492744638,3.0506,1.392639492744638
2013-03-29,691064123447.6588,3392,3258,73,3366.0,15553227599999.994,4.443220026225676,3.0506,1.3926200262256758
2013-03-30,691064123447.6588,3392,3258,0,3366.0,15553227599999.994,4.443220026225676,3.0506,1.3926200262256758
2013-03-31,691064123447.6588,3392,3258,0,3366.0,15553227599999.994,4.443220026225676,3.0506,1.3926200262256758
2013-04-01,690869710174.6588,3392,3265,127,3363.0,15468395199999.955,4.466330871703232,3.0506,1.4157308717032313
2013-04-02,691111750234.6588,3391,3264,25,3362.0,15507771400000.006,4.4565510569407705,3.0506,1.4059510569407705
2013-04-03,690646055061.6588,3390,3264,22,3361.0,15338816099999.998,4.502603398848096,3.052,1.4506033988480955
2013-04-04,690359532061.6588,3390,3264,19,3361.0,15393801499999.951,4.484659179616295,3.052,1.4326591796162949
2013-04-05,690461300537.6588,3391,3263,13,3361.0,15335975199999.996,4.502232766636575,3.052,1.4502327666365749
2013-04-06,690461300537.6588,3391,3263,0,3361.0,15335975199999.996,4.502232766636575,3.052,1.4502327666365749
2013-04-07,690461300537.6588,3391,3263,0,3361.0,15335975199999.996,4.502232766636575,3.052,1.4502327666365749
2013-04-08,689918037687.6588,3391,3263,15,3361.0,15436115900000.014,4.469505425828386,3.052,1.4175054258283857
2013-04-09,689559631626.6588,3391,3263,20,3361.0,15488369800000.014,4.452112394854223,3.052,1.400112394854223
2013-04-10,689424477766.6588,3392,3263,9,3363.0,15682236800000.002,4.39621264848302,3.052,1.3442126484830197
2013-04-11,689441462336.6588,3394,3263,11,3365.0,15739850700000.053,4.380228729467278,3.052,1.3282287294672783
2013-04-12,689306567025.6588,3394,3263,13,3365.0,15702126700000.0,4.38989303930186,3.052,1.3378930393018602
2013-04-13,688971897025.6588,3392,3261,0,3365.0,15702126700000.0,4.387761671962937,3.052,1.335761671962937
2013-04-14,688971897025.6588,3392,3261,0,3365.0,15702126700000.0,4.387761671962937,3.052,1.335761671962937
2013-04-15,688921225833.6588,3392,3261,29,3363.0,15300844500000.023,4.502504589427451,3.052,1.4505045894274509
2013-04-16,689452141196.6588,3392,3262,31,3363.0,15528777199999.998,4.439835360614607,3.052,1.387835360614607
2013-04-17,689441574792.6588,3394,3262,10,3365.0,15311903100000.004,4.502651109336361,3.052,1.4506511093363603
2013-04-18,688646029146.6588,3395,3262,15,3366.0,15215693899999.998,4.525893026453818,3.052,1.4738930264538177
2013-04-19,691874615146.6588,3395,3261,19,3367.0,15355788399999.943,4.505627435883795,3.052,1.4536274358837953
2013-04-20,691874615146.6588,3395,3261,0,3367.0,15355788399999.943,4.505627435883795,3.052,1.4536274358837953
2013-04-21,691874615146.6588,3395,3261,0,3367.0,15355788399999.943,4.505627435883795,3.052,1.4536274358837953
2013-04-22,691331350466.6588,3395,3261,12,3366.0,15435354699999.996,4.478882176038747,3.052,1.426882176038747
2013-04-23,690675790735.6588,3396,3262,17,3367.0,15586646600000.006,4.43120196704568,3.052,1.3792019670456797
2013-04-24,690055429337.6588,3397,3263,52,3368.0,15580334499999.992,4.429015496025834,3.052,1.3770154960258345
2013-04-25,694939196598.6588,3396,3263,88,3367.0,15652530899999.98,4.439788051136572,3.052,1.3877880511365714
2013-04-26,692442981152.6588,3394,3261,80,3365.0,15621497499999.98,4.432628697425836,3.052,1.3806286974258364
2013-04-27,692442981152.6588,3394,3261,0,3365.0,15621497499999.98,4.432628697425836,3.052,1.3806286974258364
2013-04-28,692442981152.6588,3394,3261,0,3365.0,15621497499999.98,4.432628697425836,3.052,1.3806286974258364
2013-04-29,694310443052.6588,3394,3261,51,3365.0,15733609600000.004,4.412912616394515,3.052,1.360912616394515
2013-04-30,694921124508.6588,3394,3262,123,3365.0,15783121999999.98,4.4029383065572185,3.052,1.3509383065572185
2013-05-01,687653127178.6588,3392,3258,131,3362.0,15609518999999.992,4.405344759045164,3.052,1.353344759045164
2013-05-02,678064391117.6588,3391,3256,173,3360.0,15766873499999.977,4.300563400332094,3.052,1.248563400332094
2013-05-03,678078265670.5072,3390,3255,240,3359.0,15938106400000.004,4.254446849912528,2.9537,1.3007468499125276
2013-05-04,678078265670.5072,3390,3255,0,3359.0,15938106400000.004,4.254446849912528,2.9537,1.3007468499125276
2013-05-05,678078265670.5072,3390,3255,0,3359.0,15938106400000.004,4.254446849912528,2.9537,1.3007468499125276
2013-05-06,675724393116.5072,3390,3255,129,3359.0,15970930899999.98,4.230964352344095,2.9537,1.2772643523440954
2013-05-07,668747741573.5072,3390,3254,209,3359.0,16042593000000.012,4.16857637399083,2.9537,1.21487637399083
2013-05-08,666457599528.5072,3390,3253,300,3359.0,16115842900000.0,4.13541881528584,2.9537,1.1817188152858402
2013-05-09,670420238904.5072,3395,3253,372,3364.0,16090078099999.988,4.16666864348227,2.9537,1.2129686434822695
2013-05-10,671855871911.5072,3395,3252,375,3363.0,16175718600000.008,4.153483925663166,2.9537,1.1997839256631662
2013-05-11,671817577911.5072,3394,3251,0,3363.0,16175718600000.008,4.1532471881126,2.9537,1.1995471881125996
2013-05-12,671817577911.5072,3394,3251,0,3363.0,16175718600000.008,4.1532471881126,2.9537,1.1995471881125996
2013-05-13,671912714755.5072,3394,3251,67,3363.0,16166684100000.014,4.156156640405355,2.9537,1.2024566404053547
2013-05-14,671936375899.5072,3395,3251,152,3364.0,16313336899999.998,4.11893887816114,2.9537,1.1652388781611402
2013-05-15,671299496433.5072,3395,3252,257,3365.0,16379382799999.998,4.098441953707238,2.9537,1.144741953707238
2013-05-16,671256153051.5072,3396,3252,12,3366.0,16301257700000.023,4.117818179461737,2.9537,1.1641181794617368
2013-05-17,671224724698.5072,3398,3251,11,3368.0,16458600999999.973,4.078261115258267,2.9537,1.1245611152582673
2013-05-18,671230276698.5072,3397,3250,0,3368.0,16458600999999.973,4.0782948483805415,2.9537,1.1245948483805417
2013-05-19,671230276698.5072,3397,3250,0,3368.0,16458600999999.973,4.0782948483805415,2.9537,1.1245948483805417
2013-05-20,671159622091.5072,3397,3250,25,3367.0,16449061099999.977,4.080230585875252,2.9537,1.1265305858752517
2013-05-21,671024682384.5072,3397,3250,7,3367.0,16476870899999.992,4.07252497429295,2.9537,1.11882497429295
2013-05-22,671377435384.5072,3398,3249,8,3367.0,16318033500000.006,4.114328086068134,2.9537,1.1606280860681344
2013-05-23,670330926372.5072,3400,3248,17,3367.0,16285502699999.982,4.11612056883272,2.9537,1.16242056883272
2013-05-24,669033020535.5072,3399,3247,18,3366.0,16265600200000.035,4.113177579118819,2.9537,1.159477579118819
2013-05-25,668971143535.5072,3398,3246,0,3366.0,16265600200000.035,4.11279716278472,2.9537,1.1590971627847204
2013-05-26,668971143535.5072,3398,3246,0,3366.0,16265600200000.035,4.11279716278472,2.9537,1.1590971627847204
2013-05-27,668971143535.5072,3398,3246,0,3366.0,16265600200000.035,4.11279716278472,2.9537,1.1590971627847204
2013-05-28,668941513235.5072,3398,3246,15,3365.0,16373191000000.02,4.085590360703093,2.9537,1.131890360703093
2013-05-29,669206852331.5072,3398,3246,19,3365.0,16221016000000.04,4.125554480258853,2.9537,1.1718544802588533
2013-05-30,671532157533.5072,3399,3247,18,3366.0,16258626200000.049,4.130313036740492,2.9537,1.1766130367404917
2013-05-31,671115745805.5072,3398,3245,19,3365.0,16036766500000.035,4.184857002223645,2.9537,1.231157002223645
2013-06-01,671115745805.5072,3398,3245,0,3365.0,16036766500000.035,4.184857002223645,2.9537,1.231157002223645
2013-06-02,671115745805.5072,3398,3245,0,3365.0,16036766500000.035,4.184857002223645,2.9537,1.231157002223645
2013-06-03,671073369805.5072,3398,3245,6,3365.0,16119003699999.992,4.16324347518766,3.2661,0.8971434751876597
2013-06-04,671251381423.5072,3397,3245,13,3364.0,16030981499999.98,4.187213249690968,3.2661,0.9211132496909684
2013-06-05,671275933574.5072,3397,3245,26,3364.0,15816247099999.984,4.2442175399150655,3.2661,0.9781175399150656
2013-06-06,672600167371.5072,3395,3243,31,3362.0,15947243900000.014,4.217657744430099,3.2661,0.9515577444300992
2013-06-07,670093870371.5072,3395,3242,33,3363.0,16133855500000.016,4.15333997736317,3.2661,0.8872399773631701
2013-06-08,669519251334.0,3394,3241,0,3363.0,16133855500000.016,4.14977840438697,3.2661,0.8836784043869699
2013-06-09,669519251334.0,3394,3241,0,3363.0,16133855500000.016,4.14977840438697,3.2661,0.8836784043869699
2013-06-10,669322202045.0,3394,3241,24,3361.0,16092819499999.988,4.159135706735544,3.2661,0.8930357067355441
2013-06-11,669048807045.0,3393,3240,21,3360.0,15936989600000.006,4.198087743277436,3.2661,0.9319877432774364
2013-06-12,669060009409.0,3395,3240,22,3363.0,15804285299999.96,4.233408830002593,3.2661,0.9673088300025928
2013-06-13,668806523999.0,3395,3239,40,3363.0,16036772099999.982,4.170455998430013,3.2661,0.9043559984300132
2013-06-14,668632758021.0,3395,3239,36,3364.0,15970182099999.99,4.186757256957016,3.2661,0.920657256957016
2013-06-15,668632758021.0,3395,3239,0,3364.0,15970182099999.99,4.186757256957016,3.2661,0.920657256957016
2013-06-16,668632758021.0,3395,3239,0,3364.0,15970182099999.99,4.186757256957016,3.2661,0.920657256957016
2013-06-17,668454330021.0,3395,3239,10,3364.0,16080994999999.98,4.156797076430911,3.2661,0.8906970764309108
2013-06-18,668212147021.0,3395,3239,6,3364.0,16210913600000.0,4.121989441859711,3.2661,0.8558894418597109
2013-06-19,668192147772.0,3396,3239,6,3365.0,15995387999999.98,4.177405060583719,3.2661,0.911305060583719
2013-06-20,667015172772.0,3399,3240,6,3368.0,15581399999999.982,4.280842368285268,3.2661,1.014742368285268
2013-06-21,666942095047.0,3400,3240,6,3369.0,15607925200000.035,4.273098996188158,3.2661,1.006998996188158
2013-06-22,666935022047.0,3399,3239,0,3369.0,15607925200000.035,4.273053679466624,3.2661,1.0069536794666245
2013-06-23,666935022047.0,3399,3239,0,3369.0,15607925200000.035,4.273053679466624,3.2661,1.0069536794666245
2013-06-24,666919896127.0,3399,3239,6,3369.0,15433196099999.973,4.321333648621241,3.2661,1.0552336486212417
2013-06-25,666933366001.0,3398,3238,8,3367.0,15566825900000.008,4.284324693327492,3.2661,1.0182246933274923
2013-06-26,667577497286.0,3398,3236,14,3368.0,15709434299999.996,4.249532379953364,3.2661,0.9834323799533644
2013-06-27,667468168070.0,3402,3237,12,3371.0,15832049800000.027,4.2159301954065285,3.2661,0.9498301954065288
2013-06-28,667084501541.0,3402,3236,14,3371.0,15784173999999.977,4.22628704892002,3.2661,0.9601870489200204
2013-06-29,667081393541.0,3401,3235,0,3371.0,15784173999999.977,4.226267358310933,3.2661,0.9601673583109332
2013-06-30,667081393541.0,3401,3235,0,3371.0,15784173999999.977,4.226267358310933,3.2661,0.9601673583109332
2013-07-01,667181708017.0,3403,3235,11,3371.0,15897725899999.988,4.196711606513485,3.2661,0.9306116065134856
2013-07-02,668078021884.0,3402,3234,12,3370.0,15880377699999.969,4.206940379535188,3.2661,0.9408403795351878
2013-07-03,668078997022.0,3403,3235,9,3371.0,15897255099999.973,4.2024801943450045,3.4931,0.7093801943450044
2013-07-04,668108502022.0,3401,3233,0,3371.0,15897255099999.973,4.202665792423506,3.4931,0.7095657924235059
2013-07-05,667933251022.0,3401,3233,3,3369.0,16040245800000.045,4.164108576328663,3.4931,0.6710085763286626
2013-07-06,667933251022.0,3401,3233,0,3369.0,16040245800000.045,4.164108576328663,3.4931,0.6710085763286626
2013-07-07,667933251022.0,3401,3233,0,3369.0,16040245800000.045,4.164108576328663,3.4931,0.6710085763286626
2013-07-08,667949485265.0,3401,3233,7,3369.0,16112561799999.998,4.145520082753073,3.4931,0.6524200827530731
2013-07-09,669138506820.0,3398,3230,14,3367.0,16237078899999.988,4.121052259098159,3.4931,0.6279522590981585
2013-07-10,668859620385.0,3398,3230,16,3366.0,16257293600000.006,4.11421259184862,3.4931,0.62111259184862
2013-07-11,668839856425.0,3398,3230,16,3366.0,16492339999999.986,4.055457602893226,3.4931,0.5623576028932256
2013-07-12,668888870512.0,3396,3228,7,3364.0,16521007599999.992,4.048717164878009,3.4931,0.5556171648780088
2013-07-13,668888870512.0,3396,3228,0,3364.0,16521007599999.992,4.048717164878009,3.4931,0.5556171648780088
2013-07-14,668888870512.0,3396,3228,0,3364.0,16521007599999.992,4.048717164878009,3.4931,0.5556171648780088
2013-07-15,668819179906.0,3397,3229,17,3365.0,16541235200000.0,4.04334483984606,3.4931,0.5502448398460595
2013-07-16,668846435182.0,3397,3230,12,3365.0,16473329700000.008,4.060177555858665,3.4931,0.5670775558586651
2013-07-17,668716031450.0,3397,3230,7,3365.0,16519267100000.012,4.048097457362376,3.4931,0.5549974573623757
2013-07-18,668872014517.0,3397,3229,12,3365.0,16576143499999.98,4.035148552599106,3.4931,0.5420485525991063
2013-07-19,671397504828.0,3401,3229,21,3369.0,16596711699999.996,4.045364629838091,3.4931,0.5522646298380911
2013-07-20,671397504828.0,3401,3229,0,3369.0,16596711699999.996,4.045364629838091,3.4931,0.5522646298380911
2013-07-21,671397504828.0,3401,3229,0,3369.0,16596711699999.996,4.045364629838091,3.4931,0.5522646298380911
2013-07-22,671633527828.0,3401,3229,14,3369.0,16621645999999.988,4.04071611095556,3.4931,0.54761611095556
2013-07-23,671514323051.0,3400,3227,23,3368.0,16596775800000.0,4.046052866792356,3.4931,0.5529528667923556
2013-07-24,675745589786.0,3404,3227,50,3371.0,16521175800000.014,4.090178556092838,3.4931,0.5970785560928382
2013-07-25,687215707786.0,3408,3228,85,3374.0,16595158399999.984,4.141061454321525,3.4931,0.6479614543215249
2013-07-26,691237385837.0,3408,3226,81,3373.0,16597803799999.994,4.164631623353689,3.4931,0.6715316233536885
2013-07-27,691237385837.0,3408,3226,0,3373.0,16597803799999.994,4.164631623353689,3.4931,0.6715316233536885
2013-07-28,691237385837.0,3408,3226,0,3373.0,16597803799999.994,4.164631623353689,3.4931,0.6715316233536885
2013-07-29,690036338641.0,3408,3226,47,3373.0,16543559999999.98,4.171026904976927,3.4931,0.6779269049769265
2013-07-30,690251090304.0,3408,3225,100,3373.0,16566519600000.0,4.166542562772207,3.4931,0.6734425627722072
2013-07-31,690596665935.0,3405,3223,135,3370.0,16564653299999.986,4.169098220335227,3.4931,0.6759982203352273
2013-08-01,691003201987.0,3406,3223,174,3371.0,16775357599999.998,4.119156315254943,3.4931,0.6260563152549432
2013-08-02,693157339560.0,3408,3223,212,3372.0,16801369599999.95,4.125600210354293,3.4931,0.6325002103542925
2013-08-03,693157339560.0,3408,3223,0,3372.0,16801369599999.95,4.125600210354293,3.6843,0.4413002103542927
2013-08-04,693157339560.0,3408,3223,0,3372.0,16801369599999.95,4.125600210354293,3.6843,0.4413002103542927
2013-08-05,693915548045.0,3408,3225,117,3372.0,16800989399999.988,4.130206451085556,3.6843,0.4459064510855559
2013-08-06,693085092513.0,3408,3227,215,3372.0,16698177299999.998,4.150663153594614,3.6843,0.4663631535946142
2013-08-07,690172623955.0,3409,3229,298,3373.0,16623107399999.984,4.1518869327343735,3.6843,0.4675869327343736
2013-08-08,687402707623.0,3411,3231,397,3376.0,16716117199999.977,4.11221517173259,3.6843,0.4279151717325899
2013-08-09,686888161190.0,3414,3235,343,3379.0,16678732400000.02,4.1183475141672,3.6843,0.4340475141671995
2013-08-10,686885640707.0,3413,3234,0,3379.0,16678732400000.02,4.118332402209409,3.6843,0.4340324022094095
2013-08-11,686885640707.0,3413,3234,0,3379.0,16678732400000.02,4.118332402209409,3.6843,0.4340324022094095
2013-08-12,686796089164.0,3413,3239,78,3378.0,16681637599999.965,4.11707834465845,3.6843,0.4327783446584496
2013-08-13,687239408920.0,3414,3246,139,3382.0,16695552500000.03,4.116302284216103,3.6843,0.4320022842161033
2013-08-14,687505935522.0,3414,3247,270,3385.0,16611705800000.008,4.138683551222052,3.6843,0.4543835512220524
2013-08-15,687633931743.0,3414,3247,15,3386.0,16369897299999.98,4.200600157357131,3.6843,0.5163001573571315
2013-08-16,687656880307.0,3413,3246,11,3385.0,16310379799999.992,4.216069084467305,3.6843,0.5317690844673053
2013-08-17,687694896307.0,3412,3245,0,3385.0,16310379799999.992,4.216302163037309,3.6843,0.5320021630373089
2013-08-18,687694896307.0,3412,3245,0,3385.0,16310379799999.992,4.216302163037309,3.6843,0.5320021630373089
2013-08-19,686895076998.0,3413,3245,31,3385.0,16220168499999.984,4.234820846639174,3.6843,0.550520846639174
2013-08-20,687575816998.0,3412,3244,11,3385.0,16309904399999.99,4.21569495525676,3.6843,0.5313949552567601
2013-08-21,687338764998.0,3411,3243,5,3384.0,16223200700000.004,4.236764234803554,3.6843,0.5524642348035544
2013-08-22,687401708681.0,3412,3242,9,3385.0,16367473699999.99,4.199803349499199,3.6843,0.5155033494991987
2013-08-23,687269078064.0,3413,3242,16,3386.0,16443763800000.02,4.1795119804870895,3.6843,0.4952119804870896
2013-08-24,687224756064.0,3412,3241,0,3386.0,16443763800000.02,4.179242443655139,3.6843,0.4949424436551388
2013-08-25,687224756064.0,3412,3241,0,3386.0,16443763800000.02,4.179242443655139,3.6843,0.4949424436551388
2013-08-26,687233627696.0,3412,3241,6,3385.0,16405614900000.004,4.189014748212819,3.6843,0.5047147482128191
2013-08-27,687766896696.0,3412,3241,13,3385.0,16149427500000.02,4.258769524158049,3.6843,0.5744695241580495
2013-08-28,688300712316.0,3410,3239,18,3383.0,16189221700000.02,4.251598533090687,3.6843,0.5672985330906868
2013-08-29,689559546207.0,3409,3238,32,3383.0,16243274200000.035,4.245200430138638,3.6843,0.5609004301386382
2013-08-30,690170333956.0,3409,3239,26,3382.0,16165389699999.98,4.269432081529101,3.6843,0.585132081529101
2013-08-31,690192530956.0,3407,3237,0,3382.0,16165389699999.98,4.269569393405968,3.6843,0.5852693934059681
2013-09-01,690192530956.0,3407,3237,0,3382.0,16165389699999.98,4.269569393405968,3.6843,0.5852693934059681
2013-09-02,690192530956.0,3407,3237,0,3382.0,16165389699999.98,4.269569393405968,3.6843,0.5852693934059681
2013-09-03,691319119956.0,3408,3237,14,3381.0,16220972900000.04,4.261884439471558,3.7943,0.4675844394715582
2013-09-04,692349704872.0,3407,3236,16,3380.0,16351873400000.027,4.234069625759204,3.7943,0.4397696257592045
2013-09-05,692500874310.0,3406,3235,28,3380.0,16375834900000.05,4.228797362325617,3.7943,0.434497362325617
2013-09-06,692341269410.0,3406,3236,37,3380.0,16391603400000.02,4.22375561752549,3.7943,0.4294556175254902
2013-09-07,692341269410.0,3406,3236,0,3380.0,16391603400000.02,4.22375561752549,3.7943,0.4294556175254902
2013-09-08,692341269410.0,3406,3236,0,3380.0,16391603400000.02,4.22375561752549,3.7943,0.4294556175254902
2013-09-09,693113345132.0,3406,3236,37,3381.0,16582395400000.0,4.179814365854526,3.7943,0.3855143658545259
2013-09-10,693054455132.0,3407,3236,14,3382.0,16691369899999.996,4.15217240576521,3.7943,0.3578724057652103
2013-09-11,692319677333.0,3407,3235,23,3382.0,16742836100000.04,4.13502033465524,3.7943,0.3407203346552405
2013-09-12,692473551110.0,3406,3233,34,3381.0,16690305100000.018,4.148956816313677,3.7943,0.3546568163136774
2013-09-13,692540436261.0,3406,3234,36,3381.0,16734298100000.012,4.138449262243031,3.7943,0.3441492622430315
2013-09-14,692540436261.0,3406,3234,0,3381.0,16734298100000.012,4.138449262243031,3.7943,0.3441492622430315
2013-09-15,692540436261.0,3406,3234,0,3381.0,16734298100000.012,4.138449262243031,3.7943,0.3441492622430315
2013-09-16,692511457431.0,3407,3234,14,3382.0,16801058000000.008,4.121832431213556,3.7943,0.3275324312135561
2013-09-17,692483636886.0,3406,3233,9,3381.0,16881370800000.064,4.1020580916687015,3.7943,0.3077580916687017
2013-09-18,692309138903.0,3406,3231,7,3381.0,17091230000000.004,4.0506689038939845,3.7943,0.2563689038939847
2013-09-19,692749177903.0,3407,3231,14,3381.0,17086832000000.049,4.054286821003437,3.7943,0.2599868210034373
2013-09-20,693366579498.0,3411,3231,15,3385.0,16965638900000.006,4.086887523569772,3.7943,0.2925875235697717
2013-09-21,693366579498.0,3411,3231,0,3385.0,16965638900000.006,4.086887523569772,3.7943,0.2925875235697717
2013-09-22,693366579498.0,3411,3231,0,3385.0,16965638900000.006,4.086887523569772,3.7943,0.2925875235697717
2013-09-23,693357441695.0,3412,3231,8,3385.0,16902067200000.05,4.102204975820934,3.7943,0.307904975820934
2013-09-24,693550270360.0,3412,3231,9,3385.0,16883953300000.012,4.107748096886761,3.7943,0.313448096886761
2013-09-25,693552717888.0,3416,3232,9,3389.0,16839762700000.018,4.11854210919492,3.7943,0.3242421091949197
2013-09-26,693451971566.0,3420,3232,10,3393.0,16926840000000.004,4.096759770671903,3.7943,0.302459770671903
2013-09-27,693589956738.0,3420,3230,28,3393.0,16858356899999.969,4.114220388453167,3.7943,0.3199203884531671
2013-09-28,693520856738.0,3419,3229,0,3393.0,16858356899999.969,4.113810502718692,3.7943,0.3195105027186926
2013-09-29,693520856738.0,3419,3229,0,3393.0,16858356899999.969,4.113810502718692,3.7943,0.3195105027186926
2013-09-30,693647456261.0,3420,3229,28,3395.0,16777892899999.99,4.134294219156688,3.7943,0.3399942191566882
2013-10-01,693433164261.0,3417,3226,8,3393.0,16928131599999.994,4.096336090989512,3.7943,0.3020360909895121
2013-10-02,693403128303.0,3419,3224,6,3395.0,16916904099999.955,4.098877218929212,3.7943,0.3045772189292117
2013-10-03,693071111655.0,3419,3224,9,3395.0,16758795499999.994,4.135566375608559,3.7074,0.4281663756085594
2013-10-04,693121822655.0,3422,3224,7,3398.0,16875986700000.004,4.107148429164144,3.7074,0.399748429164144
2013-10-05,693116851655.0,3421,3223,0,3398.0,16875986700000.004,4.107118973108694,3.7074,0.3997189731086941
2013-10-06,693116851655.0,3421,3223,0,3398.0,16875986700000.004,4.107118973108694,3.7074,0.3997189731086941
2013-10-07,693018655655.0,3421,3223,4,3397.0,16735611600000.012,4.14098195045946,3.7074,0.4335819504594598
2013-10-08,692937513109.0,3419,3221,9,3395.0,16491617299999.95,4.201755961854645,3.7074,0.4943559618546453
2013-10-09,692845683109.0,3422,3221,13,3398.0,16470597999999.977,4.206560582129447,3.7074,0.4991605821294467
2013-10-10,693165884041.0,3427,3222,19,3403.0,16830487599999.994,4.118513381876116,3.7074,0.4111133818761159
2013-10-11,693137016994.0,3425,3220,8,3401.0,16950725100000.023,4.0891290071950905,3.7074,0.3817290071950907
2013-10-12,693111576994.0,3423,3218,0,3401.0,16950725100000.023,4.08897892511984,3.7074,0.3815789251198405
2013-10-13,693111576994.0,3423,3218,0,3401.0,16950725100000.023,4.08897892511984,3.7074,0.3815789251198405
2013-10-14,693111576994.0,3424,3218,0,3400.0,17028818599999.99,4.070227026753344,3.7074,0.3628270267533438
2013-10-15,693059019271.0,3425,3218,29,3400.0,16913320699999.992,4.097711097448772,3.7074,0.3903110974487722
2013-10-16,691257247271.0,3425,3216,7,3400.0,17132576999999.992,4.0347534832092125,3.7074,0.3273534832092126
2013-10-17,691223507271.0,3424,3215,11,3401.0,17247327400000.035,4.007713724220244,3.7074,0.3003137242202438
2013-10-18,698754722907.0,3425,3214,19,3400.0,17384756200000.03,4.019353017484357,3.7074,0.311953017484357
2013-10-19,698754722907.0,3425,3214,0,3400.0,17384756200000.03,4.019353017484357,3.7074,0.311953017484357
2013-10-20,698754722907.0,3425,3214,0,3400.0,17384756200000.03,4.019353017484357,3.7074,0.311953017484357
2013-10-21,699313872367.0,3426,3214,14,3401.0,17387585999999.977,4.021914671576613,3.7074,0.3145146715766129
2013-10-22,699344702296.0,3427,3214,22,3402.0,17487514399999.984,3.9991086571800087,3.7074,0.2917086571800089
2013-10-23,699313853963.0,3427,3214,39,3402.0,17403189000000.012,4.018308678731235,3.7074,0.3109086787312352
2013-10-24,700554930930.0,3427,3213,72,3402.0,17481054099999.965,4.007509655438922,3.7074,0.3001096554389217
2013-10-25,699003412388.0,3430,3212,58,3406.0,17532676100000.01,3.986860924146084,3.7074,0.2794609241460843
2013-10-26,699003412388.0,3430,3212,0,3406.0,17532676100000.01,3.986860924146084,3.7074,0.2794609241460843
2013-10-27,699003412388.0,3430,3212,0,3406.0,17532676100000.01,3.986860924146084,3.7074,0.2794609241460843
2013-10-28,700743921156.0,3430,3212,58,3405.0,17540207000000.023,3.9950721286014415,3.7074,0.2876721286014416
2013-10-29,701162517654.0,3430,3214,91,3405.0,17623941400000.0,3.9784660067809807,3.7074,0.2710660067809809
2013-10-30,702086371937.0,3431,3213,119,3406.0,17495999700000.023,4.012839414583431,3.7074,0.3054394145834314
2013-10-31,702506886289.0,3433,3216,150,3408.0,17459340300000.027,4.023673714000516,3.7074,0.3162737140005163
2013-11-01,705230869178.0,3433,3215,174,3408.0,17485169100000.002,4.033308829584039,3.7074,0.3259088295840389
2013-11-02,705461528178.0,3432,3214,0,3408.0,17485169100000.002,4.034627998982292,3.7074,0.3272279989822921
2013-11-03,705461528178.0,3432,3214,0,3408.0,17485169100000.002,4.034627998982292,3.6961,0.338527998982292
2013-11-04,707589514896.0,3432,3215,103,3407.0,17577414900000.035,4.025560748958589,3.6961,0.329460748958589
2013-11-05,707923135584.0,3427,3211,205,3402.0,17516281100000.006,4.041515042733584,3.6961,0.3454150427335842
2013-11-06,715896863561.0,3430,3212,240,3405.0,17536983400000.018,4.082212129829577,3.6961,0.3861121298295766
2013-11-07,719215775170.0,3433,3218,368,3409.0,17292661200000.01,4.1590809352698095,3.6961,0.4629809352698095
2013-11-08,728688180772.0,3434,3219,341,3409.0,17496155700000.04,4.164847371425703,3.6961,0.4687473714257026
2013-11-09,728688180772.0,3434,3219,0,3409.0,17496155700000.04,4.164847371425703,3.6961,0.4687473714257026
2013-11-10,728688180772.0,3434,3219,0,3409.0,17496155700000.04,4.164847371425703,3.6961,0.4687473714257026
2013-11-11,728688180772.0,3434,3219,0,3409.0,17512672100000.035,4.160919456557395,3.6961,0.4648194565573953
2013-11-12,728617231537.0,3434,3222,354,3409.0,17505895800000.035,4.1621248056154805,3.6961,0.4660248056154805
2013-11-13,728173636713.0,3434,3223,131,3409.0,17667280999999.992,4.121594243692623,3.6961,0.4254942436926225
2013-11-14,728469100636.0,3436,3231,295,3411.0,17732912900000.004,4.108005857492255,3.6961,0.4119058574922554
2013-11-15,728849715856.0,3437,3230,17,3412.0,17814811200000.03,4.09125703143011,3.6961,0.3951570314301098
2013-11-16,728827583856.0,3436,3229,0,3412.0,17814811200000.03,4.091132797725068,3.6961,0.3950327977250683
2013-11-17,728827583856.0,3436,3229,0,3412.0,17814811200000.03,4.091132797725068,3.6961,0.3950327977250683
2013-11-18,729354453849.0,3436,3229,18,3411.0,17703111999999.96,4.11992227044037,3.6961,0.4238222704403704
2013-11-19,729478281945.0,3436,3228,25,3410.0,17632701599999.98,4.137076090172142,3.6961,0.4409760901721422
2013-11-20,731787486155.0,3434,3227,14,3408.0,17570744699999.973,4.164806322380867,3.6961,0.4687063223808674
2013-11-21,732039864387.0,3433,3226,12,3407.0,17724194700000.0,4.130172776690385,3.6961,0.4340727766903849
2013-11-22,732292196147.0,3434,3225,24,3409.0,17808896300000.02,4.111945983687935,3.6961,0.4158459836879351
2013-11-23,732258387147.0,3433,3224,0,3409.0,17808896300000.02,4.111756140367886,3.6961,0.415656140367886
2013-11-24,732258387147.0,3433,3224,0,3409.0,17808896300000.02,4.111756140367886,3.6961,0.415656140367886
2013-11-25,732319498185.0,3433,3224,6,3407.0,17774613800000.01,4.120030434557174,3.6961,0.4239304345571741
2013-11-26,731720093210.0,3432,3223,17,3406.0,17813513799999.996,4.107668489357782,3.6961,0.4115684893577822
2013-11-27,731213666714.0,3431,3222,35,3405.0,17868780900000.016,4.092129568357959,3.6961,0.3960295683579589
2013-11-28,731213666714.0,3431,3222,0,3405.0,17868780900000.016,4.092129568357959,3.6961,0.3960295683579589
2013-11-29,731110423714.0,3431,3222,5,3405.0,17866337700000.0,4.092111298858971,3.6961,0.3960112988589714
2013-11-30,731110423714.0,3431,3222,0,3405.0,17866337700000.0,4.092111298858971,3.6961,0.3960112988589714
2013-12-01,731110423714.0,3431,3222,0,3405.0,17866337700000.0,4.092111298858971,3.6961,0.3960112988589714
2013-12-02,731053390714.0,3431,3222,12,3405.0,17803749999999.98,4.10617645560065,3.6961,0.4100764556006502
2013-12-03,730501167412.0,3431,3221,9,3406.0,17758621800000.008,4.113501462213693,3.8444,0.2691014622136936
2013-12-04,730123967061.0,3430,3220,16,3404.0,17733338700000.04,4.117239169750919,3.8444,0.2728391697509189
2013-12-05,729510430349.0,3430,3220,23,3404.0,17689726200000.016,4.123921546897653,3.8444,0.2795215468976528
2013-12-06,728791100597.0,3429,3219,30,3403.0,17848457700000.023,4.083216112263857,3.8444,0.2388161122638572
2013-12-07,728853740499.0,3426,3216,0,3403.0,17848457700000.023,4.083567066408203,3.8444,0.239167066408203
2013-12-08,728853740499.0,3426,3216,0,3403.0,17848457700000.023,4.083567066408203,3.8444,0.239167066408203
2013-12-09,728989272937.0,3427,3217,37,3400.0,17869615500000.035,4.079490534852295,3.8444,0.2350905348522949
2013-12-10,728372781843.0,3427,3217,33,3400.0,17818040900000.004,4.087838758092647,3.8444,0.2434387580926471
2013-12-11,728478205917.0,3427,3216,27,3400.0,17598245799999.99,4.139493300616364,3.8444,0.2950933006163638
2013-12-12,728359679652.0,3432,3217,33,3405.0,17569548099999.982,4.145580042846979,3.8444,0.3011800428469793
2013-12-13,728510756812.0,3433,3218,24,3405.0,17591345300000.0,4.141302125494631,3.8444,0.2969021254946313
2013-12-14,728519715812.0,3432,3217,0,3405.0,17591345300000.0,4.141353053947499,3.8444,0.2969530539474996
2013-12-15,728519715812.0,3432,3217,0,3405.0,17591345300000.0,4.141353053947499,3.8444,0.2969530539474996
2013-12-16,728923502795.0,3432,3217,18,3404.0,17703226399999.984,4.1174613391093535,3.8444,0.2730613391093537
2013-12-17,729084190011.0,3429,3215,11,3401.0,17667205299999.984,4.126765821932237,3.8444,0.2823658219322369
2013-12-18,729154399471.0,3426,3212,11,3398.0,17915820200000.016,4.069891254384208,3.8444,0.2254912543842082
2013-12-19,728696998029.0,3427,3212,10,3399.0,17895647799999.992,4.07192299587501,3.8444,0.22752299587501
2013-12-20,728886181824.0,3426,3211,34,3398.0,18023714700000.01,4.044039721867099,3.8444,0.1996397218670993
2013-12-21,728790038824.0,3425,3210,0,3398.0,18023714700000.01,4.043506296867868,3.8444,0.199106296867868
2013-12-22,728790038824.0,3425,3210,0,3398.0,18023714700000.01,4.043506296867868,3.8444,0.199106296867868
2013-12-23,728699273431.0,3425,3210,12,3398.0,18135389499999.98,4.0181065503500815,3.8444,0.1737065503500816
2013-12-24,728622780531.0,3424,3209,5,3396.0,18197419999999.992,4.003989469556675,3.8444,0.1595894695566753
2013-12-25,728622780531.0,3424,3209,0,3396.0,18197419999999.992,4.003989469556675,3.8444,0.1595894695566753
2013-12-26,728592800531.0,3424,3209,4,3396.0,18286730900000.0,3.984270368035,3.8444,0.1398703680349999
2013-12-27,728101679477.0,3424,3209,6,3396.0,18275308100000.027,3.984073349094448,3.8444,0.1396733490944477
2013-12-28,728101679477.0,3424,3209,0,3396.0,18275308100000.027,3.984073349094448,3.8444,0.1396733490944477
2013-12-29,728101679477.0,3424,3209,0,3396.0,18275308100000.027,3.984073349094448,3.8444,0.1396733490944477
2013-12-30,726667591477.0,3424,3209,6,3396.0,18277521500000.02,3.975744695346135,3.8444,0.1313446953461348
2013-12-31,726777435262.0,3424,3209,4,3400.0,18365495299999.984,3.957298310718582,3.8444,0.1128983107185823
2014-01-01,726566815554.0,3420,3205,0,3400.0,18365495299999.984,3.9561514878065966,3.8444,0.1117514878065968
2014-01-02,726677741554.0,3420,3205,3,3396.0,18200014000000.02,3.99273177237116,3.8444,0.1483317723711601
2014-01-03,726543613554.0,3419,3204,5,3395.0,18188307700000.016,3.994564120740048,3.9248,0.0697641207400479
2014-01-04,726543613554.0,3419,3204,0,3395.0,18188307700000.016,3.994564120740048,3.9248,0.0697641207400479
2014-01-05,726543613554.0,3419,3204,0,3395.0,18188307700000.016,3.994564120740048,3.9248,0.0697641207400479
2014-01-06,726524313554.0,3419,3204,9,3395.0,18119970499999.99,4.009522606860759,3.9248,0.0847226068607587
2014-01-07,727185372554.0,3419,3203,8,3395.0,18253251599999.973,3.983867578716776,3.9248,0.059067578716776
2014-01-08,727758813271.0,3419,3203,14,3395.0,18242662199999.973,3.989323516997432,3.9248,0.0645235169974318
2014-01-09,728003205618.0,3418,3202,31,3394.0,18233780099999.99,3.992607137002823,3.9248,0.067807137002823
2014-01-10,728002405213.0,3419,3202,12,3395.0,18302629899999.992,3.977583599682581,3.9248,0.0527835996825807
2014-01-11,728002405213.0,3419,3202,0,3395.0,18302629899999.992,3.977583599682581,3.9248,0.0527835996825807
2014-01-12,728002405213.0,3419,3202,0,3395.0,18302629899999.992,3.977583599682581,3.9248,0.0527835996825807
2014-01-13,728059376192.0,3419,3202,14,3395.0,18076461000000.023,4.0276654605788105,3.9248,0.1028654605788106
2014-01-14,728010656508.0,3419,3201,13,3395.0,18298965600000.0,3.978425187640114,3.9248,0.0536251876401148
2014-01-15,728006912033.0,3420,3201,3,3396.0,18379055699999.99,3.961068097927362,3.9248,0.0362680979273624
2014-01-16,727990757888.0,3420,3201,4,3396.0,18381819300000.01,3.960384693195192,3.9248,0.0355846931951919
2014-01-17,727998494559.0,3424,3202,4,3400.0,18304792900000.023,3.9770922213438378,3.9248,0.0522922213438379
2014-01-18,727998494559.0,3424,3202,0,3400.0,18304792900000.023,3.9770922213438378,3.9248,0.0522922213438379
2014-01-19,727998494559.0,3424,3202,0,3400.0,18304792900000.023,3.9770922213438378,3.9248,0.0522922213438379
2014-01-20,727998494559.0,3424,3202,0,3400.0,18304792900000.023,3.9770922213438378,3.9248,0.0522922213438379
2014-01-21,728103548377.0,3424,3202,11,3400.0,18367073400000.023,3.964178356128304,3.9248,0.0393783561283043
2014-01-22,728164215523.0,3425,3202,7,3401.0,18396557600000.008,3.9581547339215226,3.9248,0.0333547339215227
2014-01-23,726972300523.0,3425,3202,8,3402.0,18267212100000.023,3.9796565373158335,3.9248,0.0548565373158345
2014-01-24,725996671908.0,3426,3200,11,3401.0,17878190700000.035,4.060794988096858,3.9248,0.1359949880968582
2014-01-25,726052325908.0,3425,3199,0,3401.0,17878190700000.035,4.061106283579348,3.9248,0.1363062835793482
2014-01-26,726052325908.0,3425,3199,0,3401.0,17878190700000.035,4.061106283579348,3.9248,0.1363062835793482
2014-01-27,725793304908.0,3425,3199,8,3401.0,17760723400000.008,4.086507562569212,3.9248,0.1617075625692119
2014-01-28,723833567801.0,3424,3198,21,3401.0,17876426000000.023,4.049095539572615,3.9248,0.1242955395726146
2014-01-29,724607259711.0,3426,3198,23,3401.0,17685256799999.97,4.097239117901875,3.9248,0.1724391179018751
2014-01-30,724227350578.0,3428,3198,36,3403.0,17899400700000.023,4.04609831757104,3.9248,0.1212983175710404
2014-01-31,728209065694.0,3434,3198,34,3409.0,17824395500000.02,4.085462902200522,3.9248,0.1606629022005221
2014-02-01,728068905694.0,3429,3193,0,3409.0,17824395500000.02,4.084676564172957,3.9248,0.1598765641729573
2014-02-02,728068905694.0,3429,3193,0,3409.0,17824395500000.02,4.084676564172957,3.9248,0.1598765641729573
2014-02-03,728000067965.0,3430,3193,22,3405.0,17388187900000.01,4.186750638719516,3.5307,0.6560506387195155
2014-02-04,728360614574.0,3430,3191,27,3405.0,17512698699999.96,4.159042686973206,3.5307,0.6283426869732058
2014-02-05,727821282444.0,3434,3190,55,3409.0,17465733100000.006,4.167138466372188,3.5307,0.6364384663721885
2014-02-06,731752860089.0,3438,3191,84,3413.0,17674269400000.008,4.140215606813143,3.5307,0.6095156068131433
2014-02-07,732020644867.0,3436,3188,80,3411.0,17899053599999.99,4.089717038821542,3.5307,0.5590170388215419
2014-02-08,732020644867.0,3436,3188,0,3411.0,17899053599999.99,4.089717038821542,3.5307,0.5590170388215419
2014-02-09,732020644867.0,3436,3188,0,3411.0,17899053599999.99,4.089717038821542,3.5307,0.5590170388215419
2014-02-10,732296906604.0,3437,3188,62,3412.0,17930363400000.027,4.084116368795955,3.5307,0.5534163687959555
2014-02-11,734225378098.0,3439,3188,32,3414.0,18124690499999.96,4.050967811549674,3.5307,0.5202678115496737
2014-02-12,732049885373.0,3440,3187,49,3415.0,18137743799999.984,4.036058141768441,3.5307,0.5053581417684412
2014-02-13,733170910174.0,3443,3188,61,3418.0,18267804899999.984,4.013459275416285,3.5307,0.4827592754162855
2014-02-14,736063580394.0,3443,3185,115,3418.0,18347861000000.016,4.01171330213369,3.5307,0.48101330213369
2014-02-15,736038875394.0,3442,3184,0,3418.0,18347861000000.016,4.011578654285638,3.5307,0.4808786542856382
2014-02-16,736038875394.0,3442,3184,0,3418.0,18347861000000.016,4.011578654285638,3.5307,0.4808786542856382
2014-02-17,736038875394.0,3442,3184,0,3418.0,18347861000000.016,4.011578654285638,3.5307,0.4808786542856382
2014-02-18,738473354394.0,3442,3185,54,3417.0,18394024099999.992,4.014746041318932,3.5307,0.484046041318932
2014-02-19,739408870327.0,3440,3183,40,3415.0,18286919599999.992,4.043375737961905,3.5307,0.5126757379619051
2014-02-20,740209287624.0,3439,3184,78,3414.0,18405571100000.0,4.0216588966587405,3.5307,0.4909588966587406
2014-02-21,743135466370.0,3440,3189,123,3416.0,18378591499999.973,4.043484324519652,3.5307,0.5127843245196515
2014-02-22,743246463470.0,3436,3185,0,3416.0,18378591499999.973,4.044088272324901,3.5307,0.5133882723249008
2014-02-23,743246463470.0,3436,3185,0,3416.0,18378591499999.973,4.044088272324901,3.5307,0.5133882723249008
2014-02-24,743254728230.0,3436,3186,76,3412.0,18489540700000.035,4.019865827332307,3.5307,0.4891658273323069
2014-02-25,740791039306.0,3436,3186,98,3412.0,18481625000000.023,4.008257062384931,3.5307,0.4775570623849314
2014-02-26,736655380806.0,3436,3187,123,3412.0,18510906999999.984,3.979574749124938,3.5307,0.4488747491249381
2014-02-27,736216391598.0,3435,3187,176,3411.0,18675832200000.02,3.9420807796613166,3.5307,0.4113807796613167
2014-02-28,741369106273.0,3435,3194,237,3411.0,18697616100000.008,3.965046144428004,3.5307,0.4343461444280043
2014-03-01,741369106273.0,3435,3194,0,3411.0,18697616100000.008,3.965046144428004,3.5307,0.4343461444280043
2014-03-02,741369106273.0,3435,3194,0,3411.0,18697616100000.008,3.965046144428004,3.5307,0.4343461444280043
2014-03-03,745956082480.0,3435,3195,190,3411.0,18592524300000.0,4.012129124822497,3.5542,0.4579291248224972
2014-03-04,745890750341.0,3435,3196,42,3411.0,18883372200000.027,3.949987017366521,3.5542,0.3957870173665214
2014-03-05,746162405872.0,3434,3197,54,3410.0,18870493600000.0,3.954122354658492,3.5542,0.399922354658492
2014-03-06,745736188166.0,3433,3202,72,3410.0,18882645000000.0,3.949320596590149,3.5542,0.3951205965901496
2014-03-07,745723393908.0,3436,3204,94,3413.0,18860641899999.99,3.9538600958645023,3.5542,0.3996600958645024
2014-03-08,745723153352.0,3435,3203,0,3413.0,18860641899999.99,3.953858820425409,3.5542,0.3996588204254094
2014-03-09,745723153352.0,3435,3203,0,3413.0,18860641899999.99,3.953858820425409,3.5542,0.3996588204254094
2014-03-10,745984714939.0,3435,3205,66,3412.0,18834992800000.0,3.960631803050119,3.5542,0.4064318030501188
2014-03-11,746015369678.0,3436,3207,78,3413.0,18731369099999.99,3.982706046180044,3.5542,0.4285060461800438
2014-03-12,745429808849.0,3437,3208,78,3414.0,18752301600000.023,3.975137691092805,3.5542,0.4209376910928046
2014-03-13,745441631224.0,3438,3211,92,3415.0,18522356200000.004,4.024550781633277,3.5542,0.470350781633277
2014-03-14,746375992977.0,3438,3210,138,3415.0,18508131000000.027,4.032692404095253,3.5542,0.4784924040952534
2014-03-15,746375992977.0,3438,3210,0,3415.0,18508131000000.027,4.032692404095253,3.5542,0.4784924040952534
2014-03-16,746375992977.0,3438,3210,0,3415.0,18508131000000.027,4.032692404095253,3.5542,0.4784924040952534
2014-03-17,745714019738.0,3438,3212,151,3415.0,18664235500000.027,3.9954169016887886,3.5542,0.4412169016887888
2014-03-18,745665681906.0,3438,3213,29,3415.0,18827174599999.973,3.96058196595256,3.5542,0.4063819659525602
2014-03-19,745968127343.0,3438,3212,18,3415.0,18688911700000.0,3.9915011602468,3.5542,0.4373011602468
2014-03-20,745386118362.0,3442,3213,30,3419.0,18749372799999.992,3.975525615246182,3.5542,0.4213256152461824
2014-03-21,746314086664.0,3447,3215,42,3424.0,18677063200000.016,3.9958856415070616,3.5542,0.4416856415070618
2014-03-22,746314086664.0,3447,3215,0,3424.0,18677063200000.016,3.9958856415070616,3.5542,0.4416856415070618
2014-03-23,746314086664.0,3447,3215,0,3424.0,18677063200000.016,3.9958856415070616,3.5542,0.4416856415070618
2014-03-24,746750904577.0,3447,3216,23,3424.0,18538101899999.96,4.0281950579687,3.5542,0.4739950579687004
2014-03-25,746293754447.0,3446,3219,35,3423.0,18611358099999.977,4.009883375716687,3.5542,0.4556833757166867
2014-03-26,744501962583.0,3446,3221,34,3423.0,18445549799999.977,4.036214537682151,3.5542,0.4820145376821516
2014-03-27,744212540081.0,3448,3223,62,3425.0,18425473100000.008,4.039041689958016,3.5542,0.4848416899580163
2014-03-28,743502644059.0,3454,3231,84,3432.0,18518438299999.977,4.014931669799612,3.5542,0.4607316697996122
2014-03-29,743502644059.0,3454,3231,0,3432.0,18518438299999.977,4.014931669799612,3.5542,0.4607316697996122
2014-03-30,743502644059.0,3454,3231,0,3432.0,18518438299999.977,4.014931669799612,3.5542,0.4607316697996122
2014-03-31,743540810082.0,3454,3237,200,3432.0,18681894900000.0,3.98000745674894,3.5542,0.4258074567489402
2014-04-01,743142400060.0,3451,3234,27,3430.0,18866578599999.957,3.938935701145103,3.5542,0.3847357011451029
2014-04-02,743542761200.0,3451,3233,18,3429.0,18918985099999.97,3.930140846720161,3.5542,0.3759408467201615
2014-04-03,743265664286.0,3452,3233,16,3430.0,18854778799999.98,3.942054543148503,3.6291,0.3129545431485026
2014-04-04,743113325623.0,3457,3234,18,3435.0,18600172100000.008,3.9951959671545176,3.6291,0.3660959671545174
2014-04-05,743116205843.0,3456,3233,0,3435.0,18600172100000.008,3.995211452065004,3.6291,0.3661114520650033
2014-04-06,743116205843.0,3456,3233,0,3435.0,18600172100000.008,3.995211452065004,3.6291,0.3661114520650033
2014-04-07,743433050999.0,3458,3234,15,3436.0,18386969000000.008,4.043260479739754,3.6291,0.4141604797397535
2014-04-08,743295055561.0,3459,3234,13,3437.0,18487131400000.027,4.020607845958183,3.6291,0.3915078459581824
2014-04-09,743503589573.0,3459,3233,23,3437.0,18712964100000.0,3.973200534131309,3.6291,0.3441005341313086
2014-04-10,743551143986.0,3461,3233,18,3439.0,18307925300000.004,4.061362124882604,3.6291,0.4322621248826035
2014-04-11,743529760642.0,3464,3233,16,3442.0,18134793699999.984,4.100017750088884,3.6291,0.4709177500888835
2014-04-12,743531036426.0,3463,3232,0,3442.0,18134793699999.984,4.100024785095849,3.6291,0.4709247850958489
2014-04-13,743531036426.0,3463,3232,0,3442.0,18134793699999.984,4.100024785095849,3.6291,0.4709247850958489
2014-04-14,743535454821.0,3463,3232,15,3441.0,18259882499999.96,4.071961880483084,3.6291,0.4428618804830835
2014-04-15,743628907685.0,3465,3234,33,3443.0,18360100099999.984,4.0502442995122925,3.6291,0.4211442995122922
2014-04-16,743399781786.0,3466,3234,13,3444.0,18567838700000.023,4.003695819406268,3.6291,0.3745958194062675
2014-04-17,743104946630.0,3467,3233,21,3445.0,18619234700000.016,3.9910606348927935,3.6291,0.3619606348927933
2014-04-18,743083474802.0,3467,3233,8,3445.0,18619234700000.016,3.990945314213153,3.6291,0.3618453142131526
2014-04-19,743083474802.0,3467,3233,0,3445.0,18619234700000.016,3.990945314213153,3.6291,0.3618453142131526
2014-04-20,743083474802.0,3467,3233,0,3445.0,18619234700000.016,3.990945314213153,3.6291,0.3618453142131526
2014-04-21,742806687617.0,3467,3233,11,3445.0,18709098500000.02,3.9702965250677327,3.6291,0.3411965250677324
2014-04-22,744295866617.0,3467,3233,17,3445.0,18811428900000.008,3.95661526072057,3.6291,0.32751526072057
2014-04-23,743815976717.0,3467,3233,44,3445.0,18728390399999.973,3.971595854371986,3.6291,0.342495854371986
2014-04-24,745778617888.0,3467,3233,60,3445.0,18740783200000.03,3.979442107243409,3.6291,0.3503421072434087
2014-04-25,745341407740.0,3466,3232,68,3444.0,18541144599999.97,4.019932015092538,3.6291,0.3908320150925375
2014-04-26,745341407740.0,3466,3232,0,3444.0,18541144599999.97,4.019932015092538,3.6291,0.3908320150925375
2014-04-27,745341407740.0,3466,3232,0,3444.0,18541144599999.97,4.019932015092538,3.6291,0.3908320150925375
2014-04-28,746291031425.0,3466,3232,41,3444.0,18579837099999.992,4.016671553191391,3.6291,0.3875715531913908
2014-04-29,745188742711.0,3466,3231,98,3445.0,18670606899999.96,3.991240063605011,3.6291,0.3621400636050107
2014-04-30,744979067836.0,3465,3230,145,3443.0,18732144800000.0,3.97700891056533,3.6291,0.3479089105653297
2014-05-01,746344607429.0,3464,3229,190,3442.0,18727475199999.965,3.985292194801579,3.6291,0.3561921948015789
2014-05-02,750329330914.0,3467,3229,195,3445.0,18724243900000.0,4.007261040399074,3.6291,0.3781610403990738
2014-05-03,750329330914.0,3467,3229,0,3445.0,18724243900000.0,4.007261040399074,3.3668,0.640461040399074
2014-05-04,750329330914.0,3467,3229,0,3445.0,18724243900000.0,4.007261040399074,3.3668,0.640461040399074
2014-05-05,749034634395.0,3467,3230,113,3445.0,18767513700000.004,3.991123418735002,3.3668,0.6243234187350022
2014-05-06,750095367709.0,3467,3230,179,3445.0,18589815500000.0,4.0349801627079085,3.3668,0.6681801627079085
2014-05-07,747536777058.0,3465,3228,264,3443.0,18633155500000.0,4.011863567917951,3.3668,0.6450635679179508
2014-05-08,751430413601.0,3467,3227,375,3445.0,18564437300000.023,4.047687529968921,3.3668,0.680887529968921
2014-05-09,750141548993.0,3468,3227,324,3446.0,18631458199999.99,4.026209548069621,3.3668,0.6594095480696214
2014-05-10,750125348993.0,3467,3226,0,3446.0,18631458199999.99,4.026122598353576,3.3668,0.6593225983535764
2014-05-11,750125348993.0,3467,3226,0,3446.0,18631458199999.99,4.026122598353576,3.3668,0.6593225983535764
2014-05-12,751754617501.0,3467,3226,280,3445.0,18865918200000.004,3.984723189889585,3.3668,0.6179231898895852
2014-05-13,751303523262.0,3466,3226,122,3444.0,18849489300000.03,3.985803070335697,3.3668,0.619003070335697
2014-05-14,752789907258.0,3467,3226,153,3445.0,18758662699999.99,4.013025444814893,3.3668,0.6462254448148932
2014-05-15,752338672969.0,3468,3228,259,3446.0,18605156800000.03,4.0437104672452895,3.3668,0.6769104672452895
2014-05-16,752192774504.0,3470,3229,10,3448.0,18683046600000.023,4.026071285953968,3.3668,0.659271285953968
2014-05-17,752190244504.0,3469,3228,0,3448.0,18683046600000.023,4.026057744265323,3.3668,0.6592577442653229
2014-05-18,752190244504.0,3469,3228,0,3448.0,18683046600000.023,4.026057744265323,3.3668,0.6592577442653229
2014-05-19,752139392752.0,3471,3229,10,3449.0,18774385800000.047,4.006199727460581,3.3668,0.6393997274605812
2014-05-20,752186364582.0,3473,3230,26,3451.0,18637490900000.008,4.035877836871269,3.3668,0.6690778368712693
2014-05-21,752134900582.0,3473,3230,11,3451.0,18776853099999.992,4.005649384251721,3.3668,0.6388493842517211
2014-05-22,753136217582.0,3474,3230,16,3452.0,18831642800000.023,3.999312357294708,3.3668,0.6325123572947078
2014-05-23,753239505629.0,3477,3230,15,3455.0,18938453400000.0,3.977302104452732,3.3668,0.6105021044527317
2014-05-24,753251522629.0,3475,3228,0,3455.0,18938453400000.0,3.9773655573638345,3.3668,0.6105655573638344
2014-05-25,753251522629.0,3475,3228,0,3455.0,18938453400000.0,3.9773655573638345,3.3668,0.6105655573638344
2014-05-26,753251522629.0,3475,3228,0,3455.0,18938453400000.0,3.9773655573638345,3.3668,0.6105655573638344
2014-05-27,752652154629.0,3475,3228,8,3454.0,19051646299999.977,3.950588535905167,3.3668,0.5837885359051667
2014-05-28,752345213329.0,3475,3228,21,3454.0,19025296200000.0,3.954446781906081,3.3668,0.5876467819060811
2014-05-29,749979506272.0,3476,3227,22,3454.0,19135131700000.01,3.9193851290398976,3.3668,0.5525851290398984
2014-05-30,750498808631.0,3473,3224,26,3451.0,19145773100000.02,3.91991905843175,3.3668,0.5531190584317498
2014-05-31,750519766631.0,3471,3222,0,3451.0,19145773100000.02,3.92002852384686,3.3668,0.5532285238468599
2014-06-01,750519766631.0,3471,3222,0,3451.0,19145773100000.02,3.92002852384686,3.3668,0.5532285238468599
2014-06-02,750593043567.0,3471,3222,9,3449.0,19142523200000.016,3.921076838851628,3.3668,0.5542768388516275
2014-06-03,751382589567.0,3471,3222,12,3449.0,19121557499999.96,3.929505164874784,3.4379,0.4916051648747839
2014-06-04,751505043034.0,3470,3221,20,3449.0,19164776499999.938,3.9212825833580807,3.4379,0.4833825833580807
2014-06-05,751951784807.0,3470,3221,30,3449.0,19309121700000.0,3.8942826944169098,3.4379,0.4563826944169098
2014-06-06,753925856758.0,3472,3221,44,3451.0,19398646300000.02,3.8864869491331424,3.4379,0.4485869491331424
2014-06-07,753947181526.0,3470,3219,0,3451.0,19398646300000.02,3.8865968782883535,3.4379,0.4486968782883536
2014-06-08,753947181526.0,3470,3219,0,3451.0,19398646300000.02,3.8865968782883535,3.4379,0.4486968782883536
2014-06-09,753510382291.0,3470,3219,37,3449.0,19423290699999.99,3.879416695807372,3.4379,0.4415166958073717
2014-06-10,754145735317.0,3470,3219,21,3449.0,19412826200000.04,3.8847807503525607,3.4379,0.4468807503525607
2014-06-11,754197313158.0,3469,3218,26,3448.0,19363789900000.016,3.894884818792624,3.4379,0.4569848187926237
2014-06-12,754281536729.0,3470,3218,34,3449.0,19222257800000.0,3.9240007317402648,3.4379,0.4861007317402648
2014-06-13,754252786276.0,3471,3217,19,3450.0,19299525699999.97,3.908141567831386,3.4379,0.470241567831386
2014-06-14,754087286276.0,3470,3216,0,3450.0,19299525699999.97,3.907284033804008,3.4379,0.4693840338040078
2014-06-15,754087286276.0,3470,3216,0,3450.0,19299525699999.97,3.907284033804008,3.4379,0.4693840338040078
2014-06-16,754067215796.0,3471,3216,21,3450.0,19334767299999.957,3.9000583978892873,3.4379,0.4621583978892873
2014-06-17,753968139197.0,3473,3217,6,3452.0,19372168400000.004,3.892017267395837,3.4379,0.4541172673958371
2014-06-18,754038851197.0,3478,3217,8,3456.0,19507572199999.99,3.8653649130002985,3.4379,0.4274649130002985
2014-06-19,754202043197.0,3480,3216,6,3458.0,19548786300000.02,3.85805047752248,3.4379,0.4201504775224802
2014-06-20,754253308197.0,3482,3215,8,3460.0,19592346699999.977,3.84973438734116,3.4379,0.4118343873411598
2014-06-21,754250026197.0,3481,3214,0,3460.0,19592346699999.977,3.849717635902191,3.4379,0.411817635902191
2014-06-22,754250026197.0,3481,3214,0,3460.0,19592346699999.977,3.849717635902191,3.4379,0.411817635902191
2014-06-23,754398393420.0,3481,3214,11,3459.0,19589559600000.008,3.851022732639685,3.4379,0.4131227326396849
2014-06-24,754414613592.0,3480,3213,5,3458.0,19451721600000.016,3.8783950804231098,3.4379,0.4404950804231098
2014-06-25,753972055638.0,3484,3214,11,3462.0,19571731699999.97,3.852352296644253,3.4379,0.414452296644253
2014-06-26,753916637638.0,3485,3213,10,3463.0,19560677400000.0,3.8542460581554296,3.4379,0.4163460581554297
2014-06-27,753809275010.0,3487,3213,20,3465.0,19617665399999.984,3.8425024570456814,3.4379,0.4046024570456814
2014-06-28,753809275010.0,3487,3213,0,3465.0,19617665399999.984,3.8425024570456814,3.4379,0.4046024570456814
2014-06-29,753809275010.0,3487,3213,0,3465.0,19617665399999.984,3.8425024570456814,3.4379,0.4046024570456814
2014-06-30,753688162764.0,3487,3213,18,3466.0,19627074800000.047,3.840043258835485,3.4379,0.4021432588354852
2014-07-01,753234084764.0,3487,3211,12,3467.0,19742237000000.004,3.815343138490333,3.4379,0.3774431384903334
2014-07-02,753617742764.0,3487,3209,4,3466.0,19740331600000.0,3.8176549312069294,3.4379,0.3797549312069304
2014-07-03,754112520065.0,3487,3209,11,3466.0,19838681499999.945,3.801222979788258,3.4694,0.3318229797882588
2014-07-04,754112520065.0,3487,3209,0,3466.0,19838681499999.945,3.801222979788258,3.4694,0.3318229797882588
2014-07-05,754112520065.0,3487,3209,0,3466.0,19838681499999.945,3.801222979788258,3.4694,0.3318229797882588
2014-07-06,754112520065.0,3487,3209,0,3466.0,19838681499999.945,3.801222979788258,3.4694,0.3318229797882588
2014-07-07,754112520065.0,3487,3209,3,3466.0,19714840600000.023,3.8251007723846326,3.4694,0.3557007723846328
2014-07-08,753732314337.0,3487,3209,7,3466.0,19550341999999.96,3.8553408136645455,3.4694,0.3859408136645466
2014-07-09,753506483525.0,3487,3209,13,3466.0,19650350399999.99,3.834570214712306,3.4694,0.3651702147123061
2014-07-10,753766537458.0,3485,3207,19,3465.0,19562800999999.97,3.8530603948688182,3.4694,0.3836603948688188
2014-07-11,753770190270.0,3485,3207,8,3465.0,19587511899999.992,3.8482181612356814,3.4694,0.3788181612356815
2014-07-12,753770190270.0,3485,3207,0,3465.0,19587511899999.992,3.8482181612356814,3.4694,0.3788181612356815
2014-07-13,753770190270.0,3485,3207,0,3465.0,19587511899999.992,3.8482181612356814,3.4694,0.3788181612356815
2014-07-14,753698704513.0,3485,3207,15,3465.0,19680131799999.945,3.829744191616654,3.4694,0.3603441916166541
2014-07-15,753799911891.0,3485,3207,10,3465.0,19585441599999.98,3.848776694884433,3.4694,0.3793766948844332
2014-07-16,753803830270.0,3485,3205,8,3465.0,19671522799999.96,3.831954637848381,3.4694,0.3625546378483806
2014-07-17,753806135270.0,3487,3205,13,3467.0,19449004699999.973,3.875808283752438,3.4694,0.4064082837524383
2014-07-18,754423605273.0,3489,3205,15,3469.0,19660695700000.05,3.8372172418751087,3.4694,0.3678172418751089
2014-07-19,754414242273.0,3487,3203,0,3469.0,19660695700000.05,3.837169618941806,3.4694,0.3677696189418062
2014-07-20,754414242273.0,3487,3203,0,3469.0,19660695700000.05,3.837169618941806,3.4694,0.3677696189418062
2014-07-21,754484175273.0,3488,3203,11,3469.0,19612045400000.0,3.847044812944396,3.4694,0.3776448129443963
2014-07-22,755129406066.0,3489,3203,28,3469.0,19724878299999.98,3.8283095823511406,3.4694,0.3589095823511408
2014-07-23,757777018736.0,3489,3201,35,3469.0,19750286499999.973,3.8367900067475023,3.4694,0.3673900067475024
2014-07-24,757403310148.0,3493,3200,63,3473.0,19752479300000.0,3.834472111802188,3.4694,0.3650721118021884
2014-07-25,757531548060.0,3497,3200,63,3477.0,19654305000000.023,3.854277971467315,3.4694,0.3848779714673154
2014-07-26,757531548060.0,3497,3200,0,3477.0,19654305000000.023,3.854277971467315,3.4694,0.3848779714673154
2014-07-27,757531548060.0,3497,3200,0,3477.0,19654305000000.023,3.854277971467315,3.4694,0.3848779714673154
2014-07-28,756465144576.0,3497,3201,33,3477.0,19634509599999.99,3.8527325611228935,3.4694,0.3833325611228937
2014-07-29,753077580760.0,3497,3203,97,3477.0,19571976899999.97,3.847733852373396,3.4694,0.3783338523733959
2014-07-30,754718362062.0,3497,3202,119,3477.0,19583191599999.99,3.853908890224005,3.4694,0.3845088902240046
2014-07-31,757127160166.0,3499,3203,193,3479.0,19188391300000.027,3.9457563082216223,3.4694,0.4763563082216224
2014-08-01,757475577316.0,3499,3202,187,3479.0,19143649400000.0,3.956798212758744,3.4694,0.4873982127587442
2014-08-02,757475577316.0,3499,3202,0,3479.0,19143649400000.0,3.956798212758744,3.4694,0.4873982127587442
2014-08-03,757475577316.0,3499,3202,0,3479.0,19143649400000.0,3.956798212758744,3.2807,0.676098212758744
2014-08-04,761475728729.0,3499,3204,101,3479.0,19292948499999.977,3.946912151499295,3.2807,0.6662121514992947
2014-08-05,758075786497.0,3498,3206,180,3478.0,19120942399999.96,3.964636107564456,3.2807,0.6839361075644557
2014-08-06,755809150013.0,3497,3210,264,3476.0,19110709199999.984,3.954898492270505,3.2807,0.6741984922705049
2014-08-07,760459884254.0,3498,3218,382,3477.0,19008423100000.03,4.000646872459393,3.2807,0.7199468724593934
2014-08-08,760380954404.0,3501,3225,378,3480.0,19219252599999.97,3.956350281821059,3.2807,0.675650281821059
2014-08-09,760416505404.0,3500,3224,0,3480.0,19219252599999.97,3.95653525779666,3.2807,0.6758352577966598
2014-08-10,760416505404.0,3500,3224,0,3480.0,19219252599999.97,3.95653525779666,3.2807,0.6758352577966598
2014-08-11,759024046997.0,3500,3228,253,3479.0,19325049099999.984,3.92766943602229,3.2807,0.6469694360222902
2014-08-12,759475672643.0,3499,3233,118,3478.0,19267074199999.965,3.941831877322616,3.2807,0.661131877322616
2014-08-13,759420318873.0,3500,3239,121,3479.0,19408516700000.0,3.912819978009964,3.2807,0.6321199780099636
2014-08-14,758210304465.0,3500,3255,295,3479.0,19482706600000.04,3.891709299081672,3.2807,0.6110092990816716
2014-08-15,757697049052.0,3499,3254,13,3478.0,19497208000000.0,3.886182314165188,3.2807,0.6054823141651884
2014-08-16,757701622052.0,3497,3252,0,3478.0,19497208000000.0,3.886205768805463,3.2807,0.6055057688054628
2014-08-17,757701622052.0,3497,3252,0,3478.0,19497208000000.0,3.886205768805463,3.2807,0.6055057688054628
2014-08-18,757655227927.0,3497,3252,13,3476.0,19672107899999.984,3.851418626709549,3.2807,0.5707186267095485
2014-08-19,757590924862.0,3497,3251,21,3476.0,19768397499999.96,3.83233352557789,3.2807,0.5516335255778899
2014-08-20,757872955224.0,3496,3250,14,3475.0,19806694700000.01,3.826347438091221,3.2807,0.5456474380912204
2014-08-21,757729175404.0,3496,3250,9,3475.0,19828888200000.02,3.821339692681304,3.2807,0.5406396926813035
2014-08-22,757762837404.0,3496,3250,15,3475.0,19803503999999.977,3.826407879151088,3.2807,0.5457078791510876
2014-08-23,757763435509.0,3495,3249,0,3475.0,19803503999999.977,3.826410899348928,3.2807,0.5457108993489275
2014-08-24,757763435509.0,3495,3249,0,3475.0,19803503999999.977,3.826410899348928,3.2807,0.5457108993489275
2014-08-25,757793692000.0,3495,3249,9,3474.0,19884746300000.035,3.810929647113469,3.2807,0.5302296471134693
2014-08-26,757723267000.0,3495,3249,18,3474.0,19925004700000.004,3.802876227175996,3.2807,0.5221762271759958
2014-08-27,759000451685.0,3496,3249,18,3475.0,19927937000000.0,3.808725668316797,3.2807,0.5280256683167965
2014-08-28,758889567224.0,3496,3250,30,3475.0,19894143600000.05,3.814638028570368,3.2807,0.5339380285703679
2014-08-29,759064698374.0,3494,3248,23,3473.0,19959016800000.062,3.803116686459212,3.2807,0.5224166864592119
2014-08-30,759055817374.0,3493,3247,0,3473.0,19959016800000.062,3.803072190279421,3.2807,0.5223721902794205
2014-08-31,759055817374.0,3493,3247,0,3473.0,19959016800000.062,3.803072190279421,3.2807,0.5223721902794205
2014-09-01,759055817374.0,3493,3247,0,3473.0,19959016800000.062,3.803072190279421,3.2807,0.5223721902794205
2014-09-02,758605862374.0,3493,3247,11,3472.0,19960488000000.008,3.8005376540593594,3.2807,0.5198376540593586
2014-09-03,758527274374.0,3493,3247,6,3472.0,19930507199999.992,3.805860366533975,3.1419,0.663960366533975
2014-09-04,758799549381.0,3492,3247,26,3471.0,19881164700000.04,3.81667553602128,3.1419,0.6747755360212797
2014-09-05,758584702519.0,3492,3247,34,3471.0,19985542099999.973,3.795667381566803,3.1419,0.6537673815668028
2014-09-06,758585264519.0,3491,3246,0,3471.0,19985542099999.973,3.7956701935996073,3.1419,0.6537701935996072
2014-09-07,758585264519.0,3491,3246,0,3471.0,19985542099999.973,3.7956701935996073,3.1419,0.6537701935996072
2014-09-08,759824507733.0,3492,3246,24,3471.0,19933658500000.023,3.811766453874984,3.1419,0.6698664538749832
2014-09-09,759802420009.0,3491,3245,35,3470.0,19802809300000.004,3.8368415738316473,3.1419,0.6949415738316471
2014-09-10,760183893980.0,3491,3245,29,3470.0,19867627300000.008,3.826243982239388,3.1419,0.6843439822393877
2014-09-11,759941275099.0,3491,3247,32,3470.0,19888630899999.992,3.8209833493315033,3.1419,0.6790833493315032
2014-09-12,760181232721.0,3493,3248,37,3471.0,19732998300000.027,3.852335165513084,3.1419,0.7104351655130836
2014-09-13,760146008721.0,3492,3247,0,3471.0,19732998300000.027,3.852156662482452,3.1419,0.7102566624824518
2014-09-14,760146008721.0,3492,3247,0,3471.0,19732998300000.027,3.852156662482452,3.1419,0.7102566624824518
2014-09-15,760077476362.0,3492,3247,28,3470.0,19659725099999.973,3.8661653329120105,3.1419,0.7242653329120103
2014-09-16,760100581060.0,3493,3247,4,3471.0,19812243600000.035,3.836519459411445,3.1419,0.6946194594114448
2014-09-17,760105673351.0,3495,3247,5,3473.0,19836724000000.0,3.831810501325724,3.1419,0.6899105013257234
2014-09-18,759847996351.0,3495,3247,9,3473.0,19903488299999.99,3.817662436342882,3.1419,0.675762436342882
2014-09-19,759853494351.0,3494,3246,7,3472.0,19877312400000.04,3.82271747336928,3.1419,0.6808174733692796
2014-09-20,759853494351.0,3494,3246,0,3472.0,19877312400000.04,3.82271747336928,3.1419,0.6808174733692796
2014-09-21,759853494351.0,3494,3246,0,3472.0,19877312400000.04,3.82271747336928,3.1419,0.6808174733692796
2014-09-22,759938811648.0,3496,3246,12,3474.0,19685588799999.973,3.86038141591173,3.1419,0.7184814159117301
2014-09-23,760159970244.0,3496,3247,10,3474.0,19564268900000.05,3.8854504307288367,3.1419,0.7435504307288365
2014-09-24,760115204917.0,3499,3248,10,3476.0,19724892200000.0,3.8535835694808016,3.1419,0.7116835694808015
2014-09-25,760243600783.0,3499,3248,12,3476.0,19416056499999.984,3.915540731883432,3.1419,0.7736407318834315
2014-09-26,760166852673.0,3499,3248,12,3476.0,19587509399999.977,3.880875496468177,3.1419,0.7389754964681772
2014-09-27,760370281673.0,3498,3247,0,3476.0,19587509399999.977,3.881914061381387,3.1419,0.740014061381387
2014-09-28,760370281673.0,3498,3247,0,3476.0,19587509399999.977,3.881914061381387,3.1419,0.740014061381387
2014-09-29,760522552434.0,3498,3247,33,3475.0,19544983600000.027,3.891139373654931,3.1419,0.7492393736549308
2014-09-30,760593017245.0,3496,3245,7,3476.0,19457628700000.0,3.908970763970844,3.1419,0.7670707639708438
2014-10-01,760653280035.0,3495,3243,4,3475.0,19171306900000.01,3.967665240573659,3.1419,0.8257652405736589
2014-10-02,760651498362.0,3500,3242,8,3479.0,19194091699999.98,3.9629460474131255,3.1419,0.8210460474131254
2014-10-03,761145307362.0,3503,3242,7,3482.0,19380465600000.02,3.9273840116720375,3.1233,0.8040840116720376
2014-10-04,761145307362.0,3503,3242,0,3482.0,19380465600000.02,3.9273840116720375,3.1233,0.8040840116720376
2014-10-05,761145307362.0,3503,3242,0,3482.0,19380465600000.02,3.9273840116720375,3.1233,0.8040840116720376
2014-10-06,761144494362.0,3503,3242,4,3482.0,19330417900000.02,3.93754805664082,3.1233,0.8142480566408201
2014-10-07,760942063362.0,3503,3242,9,3482.0,19038436799999.94,3.9968725970296175,3.1233,0.8735725970296175
2014-10-08,760922677963.0,3503,3242,13,3482.0,19333588800000.035,3.935754948729429,3.1233,0.8124549487294286
2014-10-09,760981527742.0,3505,3241,20,3484.0,18924775599999.984,4.021086135055682,3.1233,0.8977861350556817
2014-10-10,761072595568.0,3505,3239,14,3484.0,18654647000000.03,4.079801647107011,3.1233,0.9565016471070114
2014-10-11,761072595568.0,3505,3239,0,3484.0,18654647000000.03,4.079801647107011,3.1233,0.9565016471070114
2014-10-12,761072595568.0,3505,3239,0,3484.0,18654647000000.03,4.079801647107011,3.1233,0.9565016471070114
2014-10-13,761072595568.0,3505,3239,0,3484.0,18309778900000.0,4.156645471934127,3.1233,1.0333454719341266
2014-10-14,760851513693.0,3505,3241,17,3484.0,18353273399999.992,4.145590255812351,3.1233,1.0222902558123512
2014-10-15,761552137827.0,3506,3241,22,3485.0,18325585700000.03,4.1556769332998655,3.1233,1.0323769332998656
2014-10-16,762231802935.0,3506,3241,13,3485.0,18396602099999.977,4.143329288700553,3.1233,1.0200292887005529
2014-10-17,761520877935.0,3505,3239,6,3484.0,18599007200000.023,4.094416813468404,3.1233,0.9711168134684036
2014-10-18,761570662935.0,3504,3238,0,3484.0,18599007200000.023,4.094684489046271,3.1233,0.9713844890462712
2014-10-19,761570662935.0,3504,3238,0,3484.0,18599007200000.023,4.094684489046271,3.1233,0.9713844890462712
2014-10-20,761672151779.0,3505,3238,15,3484.0,18791365999999.965,4.053309119619093,3.1233,0.9300091196190928
2014-10-21,761422619779.0,3505,3237,16,3484.0,19167386599999.992,3.972490541715272,3.1233,0.8491905417152714
2014-10-22,762623609129.0,3506,3237,27,3485.0,18993004299999.97,4.01528687659488,3.1233,0.89198687659488
2014-10-23,756588801609.0,3506,3237,59,3485.0,19244257300000.02,3.9315042914594542,3.1233,0.8082042914594543
2014-10-24,758830116301.0,3507,3238,61,3486.0,19345326300000.02,3.92255010090473,3.1233,0.7992501009047301
2014-10-25,758842185301.0,3506,3237,0,3486.0,19345326300000.02,3.922612488066429,3.1233,0.7993124880664291
2014-10-26,758842185301.0,3506,3237,0,3486.0,19345326300000.02,3.922612488066429,3.1233,0.7993124880664291
2014-10-27,760321670984.0,3507,3237,28,3486.0,19288320699999.992,3.941875930049215,3.1233,0.818575930049215
2014-10-28,759337520644.0,3507,3237,92,3486.0,19543434499999.984,3.885384222737312,3.1233,0.7620842227373115
2014-10-29,761519857484.0,3509,3237,115,3488.0,19480376299999.96,3.909164000512668,3.1233,0.7858640005126682
2014-10-30,754939214054.0,3510,3236,172,3489.0,19572417399999.97,3.8571587690236018,3.1233,0.7338587690236018
2014-10-31,755092561259.0,3510,3236,187,3489.0,19806758199999.98,3.8122975685087166,3.1233,0.6889975685087166
2014-11-01,755014009259.0,3508,3234,0,3489.0,19806758199999.98,3.81190097660202,3.1233,0.6886009766020202
2014-11-02,755014009259.0,3508,3234,0,3489.0,19806758199999.98,3.81190097660202,3.1233,0.6886009766020202
2014-11-03,755362366321.0,3509,3235,107,3488.0,19783881299999.99,3.818069644003578,3.0638,0.7542696440035779
2014-11-04,753292191187.0,3511,3238,186,3490.0,19692746899999.965,3.825226592370419,3.0638,0.7614265923704191
2014-11-05,754321864057.0,3511,3239,226,3491.0,19746652300000.05,3.8199987147036456,3.0638,0.7561987147036455
2014-11-06,744287973926.0,3514,3247,377,3494.0,19856773100000.0,3.748282614590586,3.0638,0.684482614590586
2014-11-07,742066425611.0,3516,3255,377,3496.0,19878173699999.945,3.733071442126507,3.0638,0.6692714421265071
2014-11-08,742066425611.0,3516,3255,0,3496.0,19878173699999.945,3.733071442126507,3.0638,0.6692714421265071
2014-11-09,742066425611.0,3516,3255,0,3496.0,19878173699999.945,3.733071442126507,3.0638,0.6692714421265071
2014-11-10,740277739121.0,3516,3264,317,3496.0,19932618900000.0,3.713901032447874,3.0638,0.650101032447874
2014-11-11,740308309121.0,3517,3263,0,3497.0,19958280800000.004,3.709278953130071,3.0638,0.6454789531300706
2014-11-12,740253243894.0,3519,3272,175,3498.0,19985430100000.04,3.703964539116917,3.0638,0.6401645391169168
2014-11-13,741310149636.0,3520,3279,178,3499.0,19981990900000.008,3.709891338385104,3.0638,0.6460913383851037
2014-11-14,741188752284.0,3520,3280,260,3498.0,20014861899999.977,3.703191938006831,3.0638,0.6393919380068311
2014-11-15,741188752284.0,3520,3280,0,3498.0,20014861899999.977,3.703191938006831,3.0638,0.6393919380068311
2014-11-16,741188752284.0,3520,3280,0,3498.0,20014861899999.977,3.703191938006831,3.0638,0.6393919380068311
2014-11-17,741401352539.0,3521,3281,22,3500.0,20005905999999.99,3.7059124067612856,3.0638,0.6421124067612856
2014-11-18,741381674908.0,3520,3279,14,3500.0,20115360399999.973,3.685649474657192,3.0638,0.6218494746571923
2014-11-19,741517498111.0,3521,3279,31,3501.0,20074191299999.97,3.693884784843119,3.0638,0.630084784843119
2014-11-20,741243945575.0,3522,3276,15,3501.0,20147599300000.05,3.679068332349642,3.0638,0.615268332349642
2014-11-21,741177830435.0,3524,3276,15,3502.0,20250013799999.984,3.660134939932736,3.0638,0.5963349399327353
2014-11-22,740984398435.0,3523,3275,0,3502.0,20250013799999.984,3.659179720830613,3.0638,0.5953797208306129
2014-11-23,740984398435.0,3523,3275,0,3502.0,20250013799999.984,3.659179720830613,3.0638,0.5953797208306129
2014-11-24,741285348435.0,3523,3275,7,3501.0,20316399699999.973,3.648704294959313,3.0638,0.5849042949593128
2014-11-25,742034567934.0,3523,3275,19,3501.0,20294829800000.0,3.656273914324722,3.0638,0.5924739143247217
2014-11-26,742066961647.0,3523,3275,30,3501.0,20359082899999.98,3.64489385544474,3.0638,0.5810938554447396
2014-11-27,740286961647.0,3520,3272,0,3501.0,20359082899999.98,3.636150829009104,3.0638,0.5723508290091042
2014-11-28,740320046779.0,3520,3272,5,3498.0,20183658499999.984,3.667918017831111,3.0638,0.6041180178311105
2014-11-29,740320046779.0,3520,3272,0,3498.0,20183658499999.984,3.667918017831111,3.0638,0.6041180178311105
2014-11-30,740320046779.0,3520,3272,0,3498.0,20183658499999.984,3.667918017831111,3.0638,0.6041180178311105
2014-12-01,742169798899.0,3520,3272,12,3498.0,19975094399999.992,3.715475802201968,3.0638,0.6516758022019675
2014-12-02,742314284856.0,3518,3270,11,3496.0,20090354999999.99,3.6948788851964056,3.0638,0.6310788851964055
2014-12-03,742182529856.0,3518,3270,10,3497.0,20184565300000.004,3.6769804988369,2.9849,0.6920804988369
2014-12-04,742270220193.0,3519,3269,22,3498.0,20150172800000.008,3.683691586967432,2.9849,0.6987915869674315
2014-12-05,742482588345.0,3518,3267,32,3497.0,20149227200000.008,3.684918438683344,2.9849,0.7000184386833439
2014-12-06,742508425345.0,3515,3264,0,3497.0,20149227200000.008,3.6850466669262616,2.9849,0.7001466669262615
2014-12-07,742508425345.0,3515,3264,0,3497.0,20149227200000.008,3.6850466669262616,2.9849,0.7001466669262615
2014-12-08,742569246701.0,3515,3264,17,3494.0,19908780799999.965,3.7298579664958753,2.9849,0.7449579664958752
2014-12-09,743162512193.0,3515,3265,34,3494.0,19948867600000.008,3.725336831615443,2.9849,0.740436831615443
2014-12-10,742690299540.0,3514,3264,52,3494.0,19595569599999.992,3.7900929378444825,2.9849,0.8051929378444824
2014-12-11,743029349330.0,3514,3263,29,3493.0,19678593800000.023,3.775825431845639,2.9849,0.7909254318456389
2014-12-12,743023387261.0,3518,3263,20,3497.0,19402111500000.0,3.8296006455843736,2.9849,0.8447006455843735
2014-12-13,742615687261.0,3517,3262,0,3497.0,19402111500000.0,3.827499327900471,2.9849,0.8425993279004707
2014-12-14,742615687261.0,3517,3262,0,3497.0,19402111500000.0,3.827499327900471,2.9849,0.8425993279004707
2014-12-15,742649466377.0,3517,3262,22,3496.0,19248048599999.992,3.8583104282945353,2.9849,0.8734104282945352
2014-12-16,742935123243.0,3517,3261,6,3496.0,19108248000000.04,3.8880337079725913,2.9849,0.9031337079725912
2014-12-17,743357160243.0,3518,3261,10,3496.0,19524894999999.98,3.807227440879968,2.9849,0.8223274408799677
2014-12-18,743862595086.0,3520,3261,13,3498.0,19958637199999.99,3.727020976592532,2.9849,0.7421209765925321
2014-12-19,743627133920.0,3519,3260,13,3498.0,20065534200000.02,3.705992207872538,2.9849,0.7210922078725379
2014-12-20,743524793920.0,3515,3256,0,3498.0,20065534200000.02,3.7054821790889534,2.9849,0.7205821790889533
2014-12-21,743524793920.0,3515,3256,0,3498.0,20065534200000.02,3.7054821790889534,2.9849,0.7205821790889533
2014-12-22,743740421385.0,3515,3258,18,3495.0,20143093299999.96,3.692285044348186,2.9849,0.7073850443481859
2014-12-23,743981133580.0,3514,3258,12,3493.0,20169138200000.043,3.688710574554933,2.9849,0.7038105745549328
2014-12-24,743979671580.0,3514,3258,4,3493.0,20169487400000.027,3.688639462299865,2.9849,0.7037394622998647
2014-12-25,743979671580.0,3514,3258,0,3493.0,20169487400000.027,3.688639462299865,2.9849,0.7037394622998647
2014-12-26,743979671580.0,3514,3258,0,3493.0,20252254300000.004,3.6735647328900063,2.9849,0.6886647328900062
2014-12-27,743979671580.0,3514,3258,0,3493.0,20252254300000.004,3.6735647328900063,2.9849,0.6886647328900062
2014-12-28,743979671580.0,3514,3258,0,3493.0,20252254300000.004,3.6735647328900063,2.9849,0.6886647328900062
2014-12-29,743872676076.0,3515,3258,11,3493.0,20261059400000.004,3.6714401818297806,2.9849,0.6865401818297805
2014-12-30,745079325076.0,3515,3258,5,3493.0,20166296099999.977,3.694676113954317,2.9849,0.7097761139543164
2014-12-31,745016895886.0,3513,3256,2,3495.0,19989529399999.99,3.7270356944271055,2.9849,0.7421356944271054
2015-01-01,744770454886.0,3511,3254,0,3495.0,19989529399999.99,3.7258028439929176,2.9849,0.7409028439929175
2015-01-02,744770454886.0,3513,3254,0,3495.0,19980136500000.008,3.7275543882595583,2.9849,0.7426543882595582
2015-01-03,744765277407.0,3511,3252,0,3495.0,19980136500000.008,3.727528475128284,2.688,1.039528475128284
2015-01-04,744765277407.0,3511,3252,0,3495.0,19980136500000.008,3.727528475128284,2.688,1.039528475128284
2015-01-05,744765277407.0,3511,3252,1,3493.0,19631654000000.02,3.793696024833156,2.688,1.105696024833156
2015-01-06,744552793804.0,3511,3252,7,3493.0,19460610799999.984,3.8259477128230768,2.688,1.1379477128230766
2015-01-07,744762566804.0,3510,3251,9,3492.0,19684163199999.977,3.783562243600992,2.688,1.095562243600992
2015-01-08,743323469873.0,3511,3251,28,3493.0,20038765399999.97,3.709427477368447,2.688,1.0214274773684466
2015-01-09,743050800001.0,3511,3252,25,3493.0,19906132299999.973,3.732773342418713,2.688,1.0447733424187131
2015-01-10,743050800001.0,3511,3252,0,3493.0,19906132299999.973,3.732773342418713,2.688,1.0447733424187131
2015-01-11,743050800001.0,3511,3252,0,3493.0,19906132299999.973,3.732773342418713,2.688,1.0447733424187131
2015-01-12,743036442851.0,3511,3252,4,3493.0,19749969300000.0,3.7622156853226096,2.688,1.0742156853226097
2015-01-13,742949933726.0,3509,3250,9,3491.0,19690426499999.977,3.7731530788629737,2.688,1.0851530788629735
2015-01-14,742790122466.0,3507,3248,12,3489.0,19610309899999.977,3.7877531066757935,2.688,1.0997531066757942
2015-01-15,742773514768.0,3508,3249,1,3490.0,19413858299999.93,3.8259963748061496,2.688,1.1379963748061497
2015-01-16,742730835768.0,3507,3247,5,3489.0,19690335499999.945,3.77205779844636,2.688,1.0840577984463595
2015-01-17,742874698768.0,3506,3246,0,3489.0,19690335499999.945,3.7727884259158615,2.688,1.084788425915861
2015-01-18,742874698768.0,3506,3246,0,3489.0,19690335499999.945,3.7727884259158615,2.688,1.084788425915861
2015-01-19,742874698768.0,3506,3246,0,3489.0,19690335499999.945,3.7727884259158615,2.688,1.084788425915861
2015-01-20,742970690487.0,3506,3247,8,3488.0,19712267099999.992,3.7690778372569858,2.688,1.0810778372569856
2015-01-21,742496043838.0,3506,3247,7,3488.0,19805530499999.973,3.748932874269644,2.688,1.060932874269644
2015-01-22,742491493838.0,3505,3246,5,3487.0,20089256499999.973,3.6959630329674025,2.688,1.0079630329674023
2015-01-23,742388303299.0,3505,3245,8,3487.0,20011843900000.008,3.7097446242772247,2.688,1.0217446242772246
2015-01-24,742388303299.0,3505,3245,0,3487.0,20011843900000.008,3.7097446242772247,2.688,1.0217446242772246
2015-01-25,742388303299.0,3505,3245,0,3487.0,20011843900000.008,3.7097446242772247,2.688,1.0217446242772246
2015-01-26,742558023299.0,3505,3245,9,3487.0,20105277300000.004,3.6933488268724335,2.688,1.0053488268724342
2015-01-27,745338885016.0,3506,3245,12,3488.0,19868471800000.04,3.751364938978339,2.688,1.0633649389783386
2015-01-28,754545295303.0,3506,3246,17,3489.0,19600551899999.992,3.849612496385881,2.688,1.1616124963858812
2015-01-29,754271974998.0,3507,3245,35,3490.0,19775318399999.984,3.8142090040785415,2.688,1.1262090040785413
2015-01-30,756054139839.0,3509,3243,29,3493.0,19528215599999.99,3.871598692504196,2.688,1.1835986925041957
2015-01-31,756060144839.0,3508,3242,0,3493.0,19528215599999.99,3.871629442881614,2.688,1.183629442881614
2015-02-01,756060144839.0,3508,3242,0,3493.0,19528215599999.99,3.871629442881614,2.688,1.183629442881614
2015-02-02,756034201839.0,3511,3242,11,3494.0,19745208500000.01,3.828950207535157,2.688,1.1409502075351572
2015-02-03,758865788356.0,3510,3240,29,3493.0,20021370099999.992,3.7902790097067354,2.3792,1.4110790097067345
2015-02-04,757655774701.0,3511,3240,45,3494.0,19938679699999.992,3.79992951439508,2.3792,1.42072951439508
2015-02-05,760459622193.0,3511,3240,85,3494.0,20150524100000.04,3.773895003520025,2.3792,1.3946950035200252
2015-02-06,761932767321.0,3513,3239,82,3496.0,20068074300000.04,3.7967408129488462,2.3792,1.4175408129488465
2015-02-07,761932767321.0,3513,3239,0,3496.0,20068074300000.04,3.7967408129488462,2.3792,1.4175408129488465
2015-02-08,761932767321.0,3513,3239,0,3496.0,20068074300000.04,3.7967408129488462,2.3792,1.4175408129488465
2015-02-09,758778005242.0,3513,3239,57,3496.0,19978076999999.96,3.79805326229347,2.3792,1.41885326229347
2015-02-10,761224267411.0,3511,3238,41,3494.0,20171853900000.0,3.7736951258158777,2.3792,1.3944951258158778
2015-02-11,760857716679.0,3511,3239,30,3494.0,20181047399999.98,3.770159702806113,2.3792,1.3909597028061125
2015-02-12,764941027996.0,3512,3239,63,3495.0,20387542900000.016,3.75200205217471,2.3792,1.37280205217471
2015-02-13,763671147466.0,3513,3240,68,3496.0,20502411200000.0,3.7247870019600433,2.3792,1.345587001960043
2015-02-14,763733682466.0,3512,3239,0,3496.0,20502411200000.0,3.725092014865062,2.3792,1.3458920148650622
2015-02-15,763733682466.0,3512,3239,0,3496.0,20502411200000.0,3.725092014865062,2.3792,1.3458920148650622
2015-02-16,763733682466.0,3512,3239,0,3496.0,20502411200000.0,3.725092014865062,2.3792,1.3458920148650622
2015-02-17,762881665856.0,3512,3240,95,3495.0,20516075799999.98,3.7184580194229966,2.3792,1.3392580194229966
2015-02-18,763272529856.0,3511,3240,55,3494.0,20536016499999.957,3.7167506651350894,2.3792,1.3375506651350897
2015-02-19,765938055685.0,3508,3238,74,3491.0,20517111200000.043,3.733167151158192,2.3792,1.353967151158192
2015-02-20,756102600538.0,3508,3242,112,3491.0,20635652699999.97,3.664059535844006,2.3792,1.284859535844006
2015-02-21,756122403538.0,3507,3241,0,3491.0,20635652699999.97,3.664155500824072,2.3792,1.284955500824072
2015-02-22,756122403538.0,3507,3241,0,3491.0,20635652699999.97,3.664155500824072,2.3792,1.284955500824072
2015-02-23,750580644192.0,3507,3242,66,3490.0,20672288899999.977,3.630854076308893,2.3792,1.2516540763088932
2015-02-24,749226140314.0,3507,3243,105,3490.0,20692194900000.043,3.620815210444391,2.3792,1.2416152104443907
2015-02-25,744532335475.0,3506,3246,135,3489.0,20721990900000.05,3.592957544803276,2.3792,1.2137575448032756
2015-02-26,755057640508.0,3507,3254,186,3490.0,20695938100000.016,3.648337354217345,2.3792,1.269137354217345
2015-02-27,750268919136.0,3506,3259,273,3490.0,20647272400000.023,3.6337435018099495,2.3792,1.2545435018099496
2015-02-28,750624137136.0,3505,3258,0,3490.0,20647272400000.023,3.635463913073569,2.3792,1.256263913073569
2015-03-01,750624137136.0,3505,3258,0,3490.0,20647272400000.023,3.635463913073569,2.3792,1.256263913073569
2015-03-02,741110599894.0,3506,3261,229,3488.0,20781490100000.008,3.5662052929207406,2.3792,1.1870052929207406
2015-03-03,741234472546.0,3506,3265,44,3488.0,20686681100000.0,3.5831483502010384,2.7143,0.8688483502010382
2015-03-04,740908355493.0,3506,3267,58,3488.0,20610181700000.0,3.5948657138379336,2.7143,0.8805657138379335
2015-03-05,740883277144.0,3505,3271,51,3487.0,20631332700000.01,3.591058745051402,2.7143,0.876758745051402
2015-03-06,740355928987.0,3506,3277,97,3488.0,20323147799999.98,3.642919572660888,2.7143,0.928619572660888
2015-03-07,740355928987.0,3506,3277,0,3488.0,20323147799999.98,3.642919572660888,2.7143,0.928619572660888
2015-03-08,740355928987.0,3506,3277,0,3488.0,20323147799999.98,3.642919572660888,2.7143,0.928619572660888
2015-03-09,740193373574.0,3506,3278,37,3488.0,20389753700000.0,3.630222240369682,2.7143,0.915922240369682
2015-03-10,740094669130.0,3504,3279,46,3486.0,20082836099999.992,3.685209924757591,2.7143,0.9709099247575907
2015-03-11,737999110790.0,3502,3280,72,3484.0,20046354299999.992,3.681462971997857,2.7143,0.967162971997857
2015-03-12,737853618555.0,3503,3287,125,3485.0,20254165100000.023,3.6429722721821753,2.7143,0.9286722721821752
2015-03-13,737528083474.0,3501,3293,136,3483.0,20148037400000.016,3.6605455351894447,2.7143,0.9462455351894444
2015-03-14,737528083474.0,3501,3293,0,3483.0,20148037400000.016,3.6605455351894447,2.7143,0.9462455351894444
2015-03-15,737528083474.0,3501,3293,0,3483.0,20148037400000.016,3.6605455351894447,2.7143,0.9462455351894444
2015-03-16,737416045971.0,3501,3302,196,3483.0,20395085199999.965,3.6156556284991694,2.7143,0.9013556284991702
2015-03-17,733877757834.0,3499,3302,50,3481.0,20267054399999.984,3.621038081557627,2.7143,0.9067380815576268
2015-03-18,732456296270.0,3499,3306,32,3481.0,20523686099999.965,3.5688340422922438,2.7143,0.8545340422922432
2015-03-19,731659097140.0,3499,3308,27,3481.0,20474347500000.004,3.5735404859178046,2.7143,0.8592404859178044
2015-03-20,732746468646.0,3497,3307,31,3479.0,20644418599999.984,3.54936839270446,2.7143,0.8350683927044598
2015-03-21,732746468646.0,3497,3307,0,3479.0,20644418599999.984,3.54936839270446,2.7143,0.8350683927044598
2015-03-22,732746468646.0,3497,3307,0,3479.0,20644418599999.984,3.54936839270446,2.7143,0.8350683927044598
2015-03-23,733389364583.0,3498,3312,28,3480.0,20621541400000.008,3.5564235978160186,2.7143,0.8421235978160184
2015-03-24,733362355421.0,3497,3312,20,3479.0,20521613299999.977,3.573609660703434,2.7143,0.8593096607034338
2015-03-25,733295906951.0,3497,3315,38,3479.0,20201936100000.02,3.629829850570606,2.7143,0.9155298505706058
2015-03-26,733606856112.0,3496,3317,41,3478.0,20154346300000.0,3.639943688533328,2.7143,0.9256436885333272
2015-03-27,734035589712.0,3498,3320,55,3479.0,20229504100000.016,3.628539711519668,2.7143,0.914239711519668
2015-03-28,734035589712.0,3498,3320,0,3479.0,20229504100000.016,3.628539711519668,2.7143,0.914239711519668
2015-03-29,734035589712.0,3498,3320,0,3479.0,20229504100000.016,3.628539711519668,2.7143,0.914239711519668
2015-03-30,734836801539.0,3498,3325,66,3479.0,20473651400000.01,3.5891829316728505,2.7143,0.8748829316728504
2015-03-31,733870759596.0,3498,3334,177,3481.0,20304703700000.016,3.614289429872347,2.7143,0.8999894298723468
2015-04-01,736943607388.0,3495,3331,23,3478.0,20212797999999.96,3.645925751536237,2.7143,0.9316257515362364
2015-04-02,737232733525.0,3494,3331,15,3477.0,20274805599999.95,3.636201244390732,2.7143,0.9219012443907316
2015-04-03,736874358661.0,3494,3331,14,3477.0,20274805599999.95,3.634433657213472,2.4858,1.1486336572134723
2015-04-04,736874358661.0,3494,3331,0,3477.0,20274805599999.95,3.634433657213472,2.4858,1.1486336572134723
2015-04-05,736874358661.0,3494,3331,0,3477.0,20274805599999.95,3.634433657213472,2.4858,1.1486336572134723
2015-04-06,736880207337.0,3494,3331,5,3477.0,20424857500000.008,3.6077618036600727,2.4858,1.121961803660073
2015-04-07,738394020251.0,3492,3329,11,3475.0,20372538000000.023,3.624457690303482,2.4858,1.1386576903034822
2015-04-08,738955914251.0,3492,3329,14,3475.0,20443836299999.973,3.614565795809082,2.4858,1.1287657958090822
2015-04-09,739024674278.0,3493,3329,26,3476.0,20529143400000.035,3.5998807153249204,2.4858,1.1140807153249206
2015-04-10,738533810931.0,3493,3329,9,3476.0,20639618000000.04,3.57823391368483,2.4858,1.0924339136848302
2015-04-11,738533810931.0,3493,3329,0,3476.0,20639618000000.04,3.57823391368483,2.4858,1.0924339136848302
2015-04-12,738533810931.0,3493,3329,0,3476.0,20639618000000.04,3.57823391368483,2.4858,1.0924339136848302
2015-04-13,738488462331.0,3493,3329,10,3476.0,20537907400000.02,3.595733722759892,2.4858,1.1099337227598922
2015-04-14,738509329994.0,3492,3328,21,3475.0,20568769500000.004,3.590440011464953,2.4858,1.1046400114649535
2015-04-15,739306003789.0,3496,3328,41,3479.0,20684066499999.94,3.57427783259642,2.4858,1.08847783259642
2015-04-16,739220886781.0,3499,3328,17,3482.0,20680070000000.008,3.5745569854502413,2.4858,1.0887569854502417
2015-04-17,739094767466.0,3500,3329,10,3483.0,20440164599999.98,3.615894401682072,2.4858,1.1300944016820726
2015-04-18,739106103032.0,3499,3328,0,3483.0,20440164599999.98,3.615949858994779,2.4858,1.1301498589947792
2015-04-19,739106103032.0,3499,3328,0,3483.0,20440164599999.98,3.615949858994779,2.4858,1.1301498589947792
2015-04-20,739204121368.0,3501,3328,11,3484.0,20633376700000.023,3.5825649486058144,2.4858,1.0967649486058146
2015-04-21,738878869368.0,3500,3328,17,3483.0,20631657499999.957,3.5812870069600646,2.4858,1.0954870069600648
2015-04-22,734310394165.0,3500,3328,26,3483.0,20701933599999.992,3.547061875249181,2.4858,1.0612618752491811
2015-04-23,731546252015.0,3500,3327,55,3483.0,20762575000000.0,3.523388847553832,2.4858,1.0375888475538324
2015-04-24,734342853368.0,3501,3327,42,3483.0,20803831699999.965,3.5298442323391863,2.4858,1.0440442323391863
2015-04-25,734164478368.0,3500,3326,0,3483.0,20803831699999.965,3.528986818173506,2.4858,1.0431868181735062
2015-04-26,734164478368.0,3500,3326,0,3483.0,20803831699999.965,3.528986818173506,2.4858,1.0431868181735062
2015-04-27,735635938556.0,3500,3327,25,3482.0,20697739100000.043,3.554185000602305,2.4858,1.068385000602305
2015-04-28,743748396363.0,3499,3326,73,3482.0,20711579700000.01,3.590978607793009,2.4858,1.1051786077930092
2015-04-29,747104523638.0,3501,3325,104,3483.0,20601877300000.02,3.626390511693802,2.4858,1.1405905116938024
2015-04-30,749344854312.0,3501,3324,192,3485.0,20365083399999.977,3.679557012332201,2.4858,1.1937570123322008
2015-05-01,747844319769.0,3499,3321,179,3482.0,20576673600000.008,3.6344276743010577,2.4858,1.148627674301058
2015-05-02,747872127769.0,3498,3320,0,3482.0,20576673600000.008,3.634562817621793,2.4858,1.1487628176217934
2015-05-03,747872127769.0,3498,3320,0,3482.0,20576673600000.008,3.634562817621793,2.8273,0.8072628176217931
2015-05-04,740222914469.0,3498,3320,114,3481.0,20608486100000.01,3.5918354743631538,2.8273,0.7645354743631536
2015-05-05,737682799704.0,3497,3318,168,3480.0,20342310399999.98,3.62634718081974,2.8273,0.7990471808197395
2015-05-06,730048167774.0,3499,3318,256,3482.0,20272213500000.05,3.601225725912951,2.8273,0.7739257259129508
2015-05-07,719517419444.0,3502,3318,388,3485.0,20353043799999.973,3.535183368710684,2.8273,0.7078833687106836
2015-05-08,706686248078.0,3502,3318,410,3485.0,20625787200000.004,3.426226796706212,2.8273,0.5989267967062117
2015-05-09,706688514078.0,3501,3317,0,3485.0,20625787200000.004,3.4262377829535637,2.8273,0.5989377829535631
2015-05-10,706688514078.0,3501,3317,0,3485.0,20625787200000.004,3.4262377829535637,2.8273,0.5989377829535631
2015-05-11,706370428986.0,3501,3318,356,3484.0,20532512499999.973,3.4402532519388505,2.8273,0.6129532519388503
2015-05-12,705041379641.0,3501,3318,90,3484.0,20498929699999.965,3.439405812689827,2.8273,0.6121058126898267
2015-05-13,706187143772.0,3501,3317,99,3484.0,20497434200000.004,3.4452465458920702,2.8273,0.6179465458920701
2015-05-14,705481419664.0,3501,3319,187,3485.0,20717582399999.977,3.4052304271950224,2.8273,0.5779304271950223
2015-05-15,705006809711.0,3502,3317,201,3485.0,20744688200000.023,3.398493160822727,2.8273,0.5711931608227268
2015-05-16,705006809711.0,3502,3317,0,3485.0,20744688200000.023,3.398493160822727,2.8273,0.5711931608227268
2015-05-17,705006809711.0,3502,3317,0,3485.0,20744688200000.023,3.398493160822727,2.8273,0.5711931608227268
2015-05-18,704978742073.0,3503,3318,18,3486.0,20820917700000.004,3.385915799825672,2.8273,0.558615799825672
2015-05-19,704932651785.0,3503,3317,10,3488.0,20762748700000.01,3.3951798096222183,2.8273,0.5678798096222182
2015-05-20,704892761435.0,3505,3317,28,3488.0,20756958899999.98,3.3959346589783954,2.8273,0.5686346589783953
2015-05-21,704848294435.0,3507,3317,17,3490.0,20818362900000.008,3.385704715691164,2.8273,0.5584047156911636
2015-05-22,705282705352.0,3507,3317,19,3490.0,20774964799999.96,3.39486835304771,2.8273,0.5675683530477098
2015-05-23,705168144352.0,3506,3316,0,3490.0,20774964799999.96,3.39431691529028,2.8273,0.5670169152902798
2015-05-24,705168144352.0,3506,3316,0,3490.0,20774964799999.96,3.39431691529028,2.8273,0.5670169152902798
2015-05-25,705168144352.0,3506,3316,0,3490.0,20774964799999.96,3.39431691529028,2.8273,0.5670169152902798
2015-05-26,705191804352.0,3506,3316,8,3489.0,20543274299999.99,3.432713763414045,2.8273,0.6054137634140453
2015-05-27,706117947867.0,3506,3316,24,3489.0,20727598599999.992,3.4066558383999213,2.8273,0.5793558383999211
2015-05-28,707662542753.0,3506,3316,26,3489.0,20685825499999.992,3.421002186995149,2.8273,0.5937021869951491
2015-05-29,707388546753.0,3504,3314,17,3487.0,20569595399999.984,3.4390007824509787,2.8273,0.6117007824509786
2015-05-30,707388546753.0,3504,3314,0,3487.0,20569595399999.984,3.4390007824509787,2.8273,0.6117007824509786
2015-05-31,707388546753.0,3504,3314,0,3487.0,20569595399999.984,3.4390007824509787,2.8273,0.6117007824509786
2015-06-01,707472746753.0,3504,3314,9,3487.0,20615482700000.023,3.4317544587641367,2.8273,0.6044544587641365
2015-06-02,706683970700.0,3504,3314,13,3487.0,20603066100000.03,3.4299941924663284,2.8273,0.6026941924663283
2015-06-03,706709250700.0,3503,3313,12,3486.0,20646069699999.973,3.422972318552237,3.1022,0.3207723185522373
2015-06-04,706328579250.0,3505,3313,26,3488.0,20466591999999.965,3.451129427165994,3.1022,0.3489294271659942
2015-06-05,705042013874.0,3506,3312,30,3489.0,20454054100000.0,3.4469548698123376,3.1022,0.3447548698123377
2015-06-06,705026627874.0,3505,3311,0,3489.0,20454054100000.0,3.446879647560921,3.1022,0.344679647560921
2015-06-07,705026627874.0,3505,3311,0,3489.0,20454054100000.0,3.446879647560921,3.1022,0.344679647560921
2015-06-08,702926344281.0,3505,3311,31,3488.0,20314429199999.992,3.4602318251747888,3.1022,0.3580318251747889
2015-06-09,703099413563.0,3506,3311,42,3489.0,20299524199999.98,3.4636250910895767,3.1022,0.3614250910895769
2015-06-10,703398578856.0,3505,3310,18,3488.0,20518552299999.992,3.4281101735233057,3.1022,0.3259101735233058
2015-06-11,703396570967.0,3504,3309,32,3487.0,20550257200000.0,3.422811520660676,3.1022,0.3206115206606763
2015-06-12,701924091675.0,3504,3308,28,3487.0,20394929899999.992,3.4416597414978134,3.1022,0.3394597414978135
2015-06-13,701924091675.0,3504,3308,0,3487.0,20394929899999.992,3.4416597414978134,3.1022,0.3394597414978135
2015-06-14,701924091675.0,3504,3308,0,3487.0,20394929899999.992,3.4416597414978134,3.1022,0.3394597414978135
2015-06-15,701908333134.0,3505,3308,27,3488.0,20308565400000.027,3.456218198130327,3.1022,0.3540181981303272
2015-06-16,701914991463.0,3504,3307,11,3487.0,20423931500000.02,3.436728092546723,3.1022,0.3345280925467233
2015-06-17,701911777463.0,3505,3306,7,3488.0,20473330000000.01,3.4284201810990176,3.1022,0.3262201810990177
2015-06-18,701902062093.0,3507,3306,12,3490.0,20683818299999.99,3.393483987881485,3.1022,0.291283987881485
2015-06-19,701937300056.0,3509,3305,8,3492.0,20607298600000.03,3.4062557819004917,3.1022,0.3040557819004914
2015-06-20,701937300056.0,3509,3305,0,3492.0,20607298600000.03,3.4062557819004917,3.1022,0.3040557819004914
2015-06-21,701937300056.0,3509,3305,0,3492.0,20607298600000.03,3.4062557819004917,3.1022,0.3040557819004914
2015-06-22,701928113056.0,3509,3305,6,3492.0,20708746400000.02,3.3895248872041783,3.1022,0.2873248872041785
2015-06-23,701737850736.0,3506,3303,4,3489.0,20711780900000.016,3.388109666301073,3.1022,0.2859096663010736
2015-06-24,701809779058.0,3508,3303,6,3490.0,20555006400000.0,3.414300951314712,3.1022,0.3121009513147124
2015-06-25,701189074945.0,3513,3303,13,3494.0,20513815100000.0,3.4181310084295347,3.1022,0.3159310084295348
2015-06-26,701912018258.0,3515,3300,16,3498.0,20482204200000.004,3.4269359459759703,3.1022,0.3247359459759704
2015-06-27,701912018258.0,3515,3300,0,3498.0,20482204200000.004,3.4269359459759703,3.1022,0.3247359459759704
2015-06-28,701912018258.0,3515,3300,0,3498.0,20482204200000.004,3.4269359459759703,3.1022,0.3247359459759704
2015-06-29,701966903193.0,3517,3300,11,3499.0,20052870099999.992,3.5005807133463662,3.1022,0.3983807133463664
2015-06-30,701925075920.0,3520,3300,10,3504.0,20130520900000.02,3.486869909660407,3.1022,0.3846699096604071
2015-07-01,702753929659.0,3526,3298,12,3510.0,20218858100000.027,3.47573501027241,3.1022,0.37353501027241
2015-07-02,702339883645.0,3523,3293,8,3507.0,20202808300000.016,3.4764468048979085,3.1022,0.3742468048979086
2015-07-03,700834855713.0,3521,3291,0,3507.0,20202808300000.016,3.4689972072496444,3.1865,0.2824972072496443
2015-07-04,700834855713.0,3521,3291,0,3507.0,20202808300000.016,3.4689972072496444,3.1865,0.2824972072496443
2015-07-05,700834855713.0,3521,3291,0,3507.0,20202808300000.016,3.4689972072496444,3.1865,0.2824972072496443
2015-07-06,701037002323.0,3523,3291,7,3506.0,20072131400000.0,3.4925887458219806,3.1865,0.3060887458219805
2015-07-07,700829973702.0,3521,3289,2,3504.0,20197107400000.016,3.469952205641088,3.1865,0.2834522056410877
2015-07-08,701351288702.0,3517,3285,9,3500.0,19850281500000.004,3.5332057568150854,3.1865,0.3467057568150853
2015-07-09,701419956702.0,3518,3285,17,3500.0,19888946900000.01,3.526682233245842,3.1865,0.3401822332458417
2015-07-10,701109385913.0,3518,3285,14,3500.0,20133317799999.977,3.4823340736865576,3.1865,0.2958340736865574
2015-07-11,701079388913.0,3517,3284,0,3500.0,20133317799999.977,3.4821850818497526,3.1865,0.2956850818497525
2015-07-12,701079388913.0,3517,3284,0,3500.0,20133317799999.977,3.4821850818497526,3.1865,0.2956850818497525
2015-07-13,701074339499.0,3518,3285,2,3500.0,20353875799999.984,3.4444267341898613,3.1865,0.2579267341898612
2015-07-14,700972044463.0,3517,3284,13,3499.0,20459309200000.004,3.4261765028850526,3.1865,0.2396765028850525
2015-07-15,701038144512.0,3516,3283,15,3498.0,20377770200000.008,3.4402102763530023,3.1865,0.2537102763530021
2015-07-16,700922996991.0,3518,3283,7,3500.0,20517496300000.03,3.4162209011388924,3.1865,0.2297209011388923
2015-07-17,701046500793.0,3519,3281,11,3501.0,20537018000000.0,3.4135749444880457,3.1865,0.2270749444880455
2015-07-18,701106735793.0,3518,3280,0,3501.0,20537018000000.0,3.413868244128724,3.1865,0.2273682441287237
2015-07-19,701106735793.0,3518,3280,0,3501.0,20537018000000.0,3.413868244128724,3.1865,0.2273682441287237
2015-07-20,701466684167.0,3518,3280,8,3500.0,20469720300000.01,3.4268503618342043,3.1865,0.2403503618342042
2015-07-21,701039125322.0,3517,3279,9,3499.0,20372880499999.965,3.441040776349722,3.1865,0.2545407763497218
2015-07-22,707785717429.0,3517,3278,27,3499.0,20288410800000.008,3.488620791476678,3.1865,0.3021207914766779
2015-07-23,708266889650.0,3518,3277,59,3500.0,20183756200000.047,3.509093563318004,3.1865,0.3225935633180032
2015-07-24,710968532650.0,3518,3277,38,3500.0,19961482500000.027,3.5617020561974746,3.1865,0.3752020561974745
2015-07-25,707783532650.0,3517,3276,0,3500.0,19961482500000.027,3.545746327458389,3.1865,0.359246327458389
2015-07-26,707783532650.0,3517,3276,0,3500.0,19961482500000.027,3.545746327458389,3.1865,0.359246327458389
2015-07-27,707783341222.0,3517,3276,32,3499.0,19766552700000.0,3.5807120845204343,3.1865,0.3942120845204342
2015-07-28,711085594054.0,3518,3276,64,3500.0,20030367100000.027,3.5500377526979974,3.1865,0.3635377526979972
2015-07-29,710905387670.0,3517,3275,107,3499.0,20174707699999.99,3.5237456633386586,3.1865,0.3372456633386584
2015-07-30,715777501582.0,3517,3274,208,3499.0,20171132900000.008,3.548524047362752,3.1865,0.3620240473627518
2015-07-31,712448876762.0,3519,3276,170,3501.0,20156421600000.016,3.53459999448513,3.1865,0.3480999944851297
2015-08-01,712855710762.0,3517,3274,0,3501.0,20156421600000.016,3.5366183785419505,3.1865,0.3501183785419504
2015-08-02,712855710762.0,3517,3274,0,3501.0,20156421600000.016,3.5366183785419505,3.1865,0.3501183785419504
2015-08-03,713232962063.0,3518,3275,88,3500.0,20066558800000.004,3.5543361927257795,2.852,0.7023361927257796
2015-08-04,710822644179.0,3516,3274,175,3498.0,20030302100000.0,3.5487365124612884,2.852,0.6967365124612885
2015-08-05,712043961155.0,3518,3277,285,3500.0,20065184500000.02,3.5486539441239597,2.852,0.6966539441239594
2015-08-06,716141064847.0,3520,3282,411,3502.0,19898105400000.0,3.5990414687772234,2.852,0.7470414687772235
2015-08-07,713978266179.0,3517,3283,416,3500.0,19847557899999.97,3.5973104085465404,2.852,0.7453104085465405
2015-08-08,713978266179.0,3517,3283,0,3500.0,19847557899999.97,3.5973104085465404,2.852,0.7453104085465405
2015-08-09,713978266179.0,3517,3283,0,3500.0,19847557899999.97,3.5973104085465404,2.852,0.7453104085465405
2015-08-10,712826322381.0,3517,3289,316,3501.0,20233233600000.0,3.52304696556758,2.852,0.6710469655675801
2015-08-11,712307753794.0,3516,3289,89,3500.0,20050342800000.06,3.5525963865016705,2.852,0.7005963865016707
2015-08-12,713053256358.0,3517,3299,123,3501.0,20100930300000.004,3.5473644538631124,2.852,0.6953644538631125
2015-08-13,712309023741.0,3517,3312,163,3501.0,20049882899999.973,3.552684209148179,2.852,0.7006842091481791
2015-08-14,711002093178.0,3518,3317,208,3502.0,20125786200000.043,3.532791644074995,2.852,0.6807916440749953
2015-08-15,710973850178.0,3517,3316,0,3502.0,20125786200000.043,3.5326513116689995,2.852,0.6806513116689996
2015-08-16,710973850178.0,3517,3316,0,3502.0,20125786200000.043,3.5326513116689995,2.852,0.6806513116689996
2015-08-17,711031095178.0,3517,3316,8,3501.0,20265865000000.04,3.5085158969429564,2.852,0.6565158969429565
2015-08-18,710500101197.0,3516,3314,10,3500.0,20177874000000.01,3.5211841505056456,2.852,0.6691841505056457
2015-08-19,710513785403.0,3516,3314,24,3500.0,19998252499999.992,3.552879359849068,2.852,0.7008793598490684
2015-08-20,712793818983.0,3513,3311,10,3497.0,19550019600000.0,3.646000533846012,2.852,0.7940005338460119
2015-08-21,712664523345.0,3513,3311,11,3497.0,18973000299999.96,3.7562036160669927,2.852,0.9042036160669928
2015-08-22,712569939345.0,3512,3310,0,3497.0,18973000299999.96,3.755705097126897,2.852,0.9037050971268972
2015-08-23,712569939345.0,3512,3310,0,3497.0,18973000299999.96,3.755705097126897,2.852,0.9037050971268972
2015-08-24,712548323939.0,3512,3310,7,3496.0,18242389499999.965,3.906003234603676,2.852,1.0540032346036765
2015-08-25,712744834713.0,3511,3309,12,3495.0,18047759499999.96,3.94921505194593,2.852,1.09721505194593
2015-08-26,712755925713.0,3510,3308,10,3494.0,18693616099999.98,3.812830657804087,2.852,0.9608306578040872
2015-08-27,712772391428.0,3509,3307,25,3493.0,19149146999999.99,3.722214840316388,2.852,0.8702148403163883
2015-08-28,713011806933.0,3506,3306,23,3490.0,19203782700000.004,3.712871667377281,2.852,0.8608716673772814
2015-08-29,712550733933.0,3505,3305,0,3490.0,19203782700000.004,3.71047071852672,2.852,0.85847071852672
2015-08-30,712550733933.0,3505,3305,0,3490.0,19203782700000.004,3.71047071852672,2.852,0.85847071852672
2015-08-31,712610318349.0,3506,3306,15,3490.0,19037294300000.02,3.743233188074417,2.852,0.8912331880744171
2015-09-01,711692577339.0,3505,3305,10,3488.0,18517761500000.01,3.843297027769796,2.852,0.991297027769796
2015-09-02,712561196339.0,3505,3305,13,3487.0,18861141800000.0,3.777932449132003,2.852,0.9259324491320032
2015-09-03,712276244003.0,3504,3304,24,3486.0,18859309099999.99,3.776788641758889,2.9348,0.8419886417588889
2015-09-04,712362504095.0,3503,3303,35,3485.0,18606308600000.0,3.828607379407864,2.9348,0.893807379407864
2015-09-05,712378819629.0,3502,3302,0,3485.0,18606308600000.0,3.828695067591215,2.9348,0.8938950675912145
2015-09-06,712378819629.0,3502,3302,0,3485.0,18606308600000.0,3.828695067591215,2.9348,0.8938950675912145
2015-09-07,712378819629.0,3502,3302,0,3485.0,18606308600000.0,3.828695067591215,2.9348,0.8938950675912145
2015-09-08,710842171619.0,3502,3303,19,3484.0,19052079099999.992,3.731047765904984,2.9348,0.7962477659049836
2015-09-09,711275298333.0,3502,3303,48,3484.0,18794450899999.98,3.784496296899,2.9348,0.8496962968989994
2015-09-10,711517950496.0,3501,3302,35,3483.0,18888101399999.92,3.767016787065761,2.9348,0.8322167870657604
2015-09-11,711607939380.0,3501,3302,27,3483.0,18966114899999.977,3.751996353138201,2.9348,0.8171963531382005
2015-09-12,711585255380.0,3498,3299,0,3483.0,18966114899999.977,3.751876750361778,2.9348,0.8170767503617773
2015-09-13,711585255380.0,3498,3299,0,3483.0,18966114899999.977,3.751876750361778,2.9348,0.8170767503617773
2015-09-14,711600552619.0,3498,3299,32,3481.0,18878081300000.0,3.7694537983529086,2.9348,0.8346537983529085
2015-09-15,711629559579.0,3498,3299,11,3481.0,19098855500000.05,3.7260324817840416,2.9348,0.7912324817840424
2015-09-16,711798770586.0,3497,3298,6,3480.0,19277737200000.0,3.692335688578637,2.9348,0.7575356885786371
2015-09-17,711607578586.0,3497,3296,7,3480.0,19300035899999.984,3.687079041060232,2.9348,0.7522790410602322
2015-09-18,710548564439.0,3498,3297,11,3481.0,19012557900000.02,3.7372591745742914,2.9348,0.8024591745742913
2015-09-19,710548564439.0,3498,3297,0,3481.0,19012557900000.02,3.7372591745742914,2.9348,0.8024591745742913
2015-09-20,710548564439.0,3498,3297,0,3481.0,19012557900000.02,3.7372591745742914,2.9348,0.8024591745742913
2015-09-21,710545729439.0,3498,3297,8,3481.0,19058526699999.973,3.728230102062407,2.9348,0.7934301020624068
2015-09-22,710485596938.0,3496,3295,3,3479.0,18802455699999.99,3.7786851264220793,2.9348,0.8438851264220792
2015-09-23,710683902198.0,3494,3293,3,3477.0,18730396999999.965,3.794281040588736,2.9348,0.8594810405887356
2015-09-24,710685867215.0,3495,3293,6,3478.0,18657899700000.02,3.8090346643625663,2.9348,0.8742346643625662
2015-09-25,710449630154.0,3494,3293,17,3477.0,18563766399999.97,3.827076978053339,2.9348,0.892276978053339
2015-09-26,710449630154.0,3494,3293,0,3477.0,18563766399999.97,3.827076978053339,2.9348,0.892276978053339
2015-09-27,710449630154.0,3494,3293,0,3477.0,18563766399999.97,3.827076978053339,2.9348,0.892276978053339
2015-09-28,710384354426.0,3495,3293,16,3478.0,18039415400000.008,3.937956628162128,2.9348,1.0031566281621278
2015-09-29,710733482391.0,3495,3292,15,3478.0,18004314100000.0,3.947573222969933,2.9348,1.0127732229699329
2015-09-30,710731987735.0,3495,3292,7,3479.0,18364217599999.965,3.870200207903229,2.9348,0.9354002079032284
2015-10-01,710850950903.0,3495,3287,9,3479.0,18403470100000.0,3.8625919298937,2.9348,0.9277919298936994
2015-10-02,711246065903.0,3496,3287,5,3479.0,18730913900000.0,3.7971775947515294,2.9348,0.8623775947515302
2015-10-03,711246065903.0,3496,3287,0,3479.0,18730913900000.0,3.7971775947515294,2.8274,0.9697775947515304
2015-10-04,711246065903.0,3496,3287,0,3479.0,18730913900000.0,3.7971775947515294,2.8274,0.9697775947515304
2015-10-05,711548969903.0,3496,3287,2,3479.0,19090688100000.027,3.727204415973875,2.8274,0.899804415973875
2015-10-06,711053654903.0,3494,3285,9,3477.0,19013418699999.984,3.73974647128031,2.8274,0.9123464712803102
2015-10-07,711854085879.0,3496,3285,18,3479.0,19200106899999.96,3.7075527213809503,2.8274,0.8801527213809504
2015-10-08,711652307397.0,3495,3283,17,3479.0,19365120299999.992,3.6749180814384106,2.8274,0.8475180814384107
2015-10-09,712019248589.0,3494,3282,12,3477.0,19410050800000.004,3.668301829426433,2.8274,0.8409018294264325
2015-10-10,712019248589.0,3494,3282,0,3477.0,19410050800000.004,3.668301829426433,2.8274,0.8409018294264325
2015-10-11,712019248589.0,3494,3282,0,3477.0,19410050800000.004,3.668301829426433,2.8274,0.8409018294264325
2015-10-12,712019248589.0,3495,3282,0,3478.0,19404744699999.992,3.669304902470581,2.8274,0.8419049024705814
2015-10-13,712095083635.0,3495,3281,17,3478.0,19247819899999.99,3.699614228180722,2.8274,0.8722142281807219
2015-10-14,712609590417.0,3494,3280,17,3478.0,19162200299999.992,3.718829671230397,2.8274,0.8914296712303975
2015-10-15,712851361609.0,3494,3279,14,3477.0,19435218500000.03,3.667833019777981,2.8274,0.840433019777981
2015-10-16,713269434609.0,3494,3278,9,3477.0,19512999000000.0,3.6553552563037592,2.8274,0.8279552563037593
2015-10-17,713195674142.0,3493,3277,0,3477.0,19512999000000.0,3.654977249483793,2.8274,0.827577249483793
2015-10-18,713195674142.0,3493,3277,0,3477.0,19512999000000.0,3.654977249483793,2.8274,0.827577249483793
2015-10-19,713274558547.0,3493,3277,7,3476.0,19521143000000.02,3.6538565315924334,2.8274,0.8264565315924344
2015-10-20,713275867547.0,3494,3277,11,3477.0,19468258699999.98,3.663788726759629,2.8274,0.8363887267596293
2015-10-21,713722838361.0,3494,3277,26,3477.0,19318367800000.0,3.69452971260336,2.8274,0.8671297126033597
2015-10-22,714690384572.0,3495,3276,47,3478.0,19583252299999.973,3.649497915992233,2.8274,0.822097915992233
2015-10-23,714985901084.0,3492,3273,39,3476.0,19774372100000.0,3.6157198694769175,2.8274,0.7883198694769176
2015-10-24,715005036932.0,3490,3271,0,3476.0,19774372100000.0,3.615816640428244,2.8274,0.788416640428244
2015-10-25,715005036932.0,3490,3271,0,3476.0,19774372100000.0,3.615816640428244,2.8274,0.788416640428244
2015-10-26,714744990089.0,3490,3271,15,3472.0,19727313599999.992,3.6231237794536826,2.8274,0.7957237794536827
2015-10-27,713580293538.0,3490,3270,75,3472.0,19648364999999.992,3.631754059627864,2.8274,0.8043540596278635
2015-10-28,713211221602.0,3489,3271,82,3471.0,19866490400000.0,3.590021222882931,2.8274,0.762621222882931
2015-10-29,720749401034.0,3491,3272,160,3473.0,19837540300000.01,3.6332599210094583,2.8274,0.8058599210094588
2015-10-30,724576011021.0,3490,3271,175,3472.0,19779624799999.973,3.663244466704955,2.8274,0.8358444667049549
2015-10-31,724576011021.0,3490,3271,0,3472.0,19779624799999.973,3.663244466704955,2.8274,0.8358444667049549
2015-11-01,724576011021.0,3490,3271,0,3472.0,19779624799999.973,3.663244466704955,2.8274,0.8358444667049549
2015-11-02,720411884841.0,3492,3271,92,3474.0,20038201400000.027,3.5951923551432072,2.8274,0.7677923551432073
2015-11-03,716316991030.0,3490,3270,148,3472.0,20094180700000.01,3.5647981956786103,2.9919,0.5728981956786106
2015-11-04,717244138992.0,3491,3273,244,3473.0,20003842400000.01,3.585531842582401,2.9919,0.5936318425824014
2015-11-05,721166572745.0,3493,3278,398,3475.0,19971352599999.984,3.611005159184864,2.9919,0.6191051591848646
2015-11-06,725755273573.0,3493,3284,396,3475.0,19940992500000.0,3.639514299867472,2.9919,0.6476142998674725
2015-11-07,725835746573.0,3491,3282,0,3475.0,19940992500000.0,3.639917855507945,2.9919,0.6480178555079452
2015-11-08,725835746573.0,3491,3282,0,3475.0,19940992500000.0,3.639917855507945,2.9919,0.6480178555079452
2015-11-09,726902742875.0,3491,3284,410,3473.0,19739654200000.016,3.682449223831892,2.9919,0.6905492238318924
2015-11-10,726890059762.0,3492,3288,91,3474.0,19757549000000.008,3.679049763520767,2.9919,0.6871497635207673
2015-11-11,726821755762.0,3492,3287,0,3474.0,19659381700000.0,3.6970733202763952,2.9919,0.7051733202763955
2015-11-12,727659759469.0,3492,3299,232,3474.0,19375918799999.984,3.755485182302687,2.9919,0.7635851823026871
2015-11-13,726730877087.0,3494,3302,153,3476.0,19161425900000.01,3.79267639516848,2.9919,0.8007763951684805
2015-11-14,726730877087.0,3494,3302,0,3476.0,19161425900000.01,3.79267639516848,2.9919,0.8007763951684805
2015-11-15,726730877087.0,3494,3302,0,3476.0,19161425900000.01,3.79267639516848,2.9919,0.8007763951684805
2015-11-16,727156898413.0,3495,3305,183,3477.0,19431311199999.973,3.7421916150105248,2.9919,0.750291615010525
2015-11-17,727171342413.0,3495,3305,16,3477.0,19412556700000.008,3.745881357363916,2.9919,0.7539813573639158
2015-11-18,726604737066.0,3496,3306,11,3478.0,19714312200000.0,3.685671250889494,2.9919,0.6937712508894944
2015-11-19,727407504066.0,3498,3305,17,3479.0,19661905099999.95,3.699577942047955,2.9919,0.7076779420479551
2015-11-20,727445084188.0,3498,3304,17,3479.0,19732975699999.973,3.686443926386637,2.9919,0.6945439263866375
2015-11-21,727427691188.0,3496,3302,0,3479.0,19732975699999.973,3.686355784586514,2.9919,0.6944557845865136
2015-11-22,727427691188.0,3496,3302,0,3479.0,19732975699999.973,3.686355784586514,2.9919,0.6944557845865136
2015-11-23,727623190227.0,3496,3302,23,3477.0,19745020400000.027,3.685097181398704,2.9919,0.6931971813987037
2015-11-24,728470319227.0,3496,3302,21,3477.0,19800203100000.008,3.67910528769778,2.9919,0.6872052876977803
2015-11-25,729490026341.0,3494,3300,19,3475.0,19820814700000.01,3.68042402586509,2.9919,0.6885240258650902
2015-11-26,729491943341.0,3493,3299,0,3475.0,19820814700000.01,3.680433697515973,2.9919,0.6885336975159735
2015-11-27,729486117341.0,3493,3299,2,3474.0,19831533799999.99,3.678415016699316,2.9919,0.6865150166993161
2015-11-28,729477493341.0,3492,3298,0,3474.0,19831533799999.99,3.678371530400742,2.9919,0.686471530400742
2015-11-29,729477493341.0,3492,3298,0,3474.0,19831533799999.99,3.678371530400742,2.9919,0.686471530400742
2015-11-30,729392261341.0,3493,3298,9,3474.0,19720928399999.96,3.6985695934122527,2.9919,0.7066695934122529
2015-12-01,730394348341.0,3494,3298,8,3475.0,19906660899999.965,3.6690952440999354,2.9919,0.6771952440999347
2015-12-02,730834535109.0,3494,3298,17,3475.0,19691109899999.973,3.711494876726076,2.9919,0.719594876726076
2015-12-03,730394343075.0,3494,3298,19,3475.0,19393468700000.004,3.766187237433187,3.0543,0.7118872374331868
2015-12-04,730976078852.0,3492,3296,24,3473.0,19702270999999.965,3.7101107727733584,3.0543,0.6558107727733584
2015-12-05,731027887790.0,3483,3287,0,3473.0,19702270999999.965,3.710373731992629,3.0543,0.6560737319926284
2015-12-06,731027887790.0,3483,3287,0,3473.0,19702270999999.965,3.710373731992629,3.0543,0.6560737319926284
2015-12-07,731231063131.0,3483,3287,10,3464.0,19524385699999.96,3.7452193086464254,3.0543,0.6909193086464254
2015-12-08,731272950721.0,3481,3284,31,3462.0,19443292600000.0,3.761055114301989,3.0543,0.7067551143019886
2015-12-09,731305934583.0,3479,3282,33,3461.0,19310512200000.023,3.787087193797993,3.0543,0.7327871937979928
2015-12-10,731033825393.0,3478,3281,48,3459.0,19365650800000.027,3.7748993459749824,3.0543,0.7205993459749824
2015-12-11,730955959612.0,3478,3281,21,3459.0,18981939299999.94,3.850797055346196,3.0543,0.7964970553461961
2015-12-12,731143607612.0,3477,3280,0,3459.0,18981939299999.94,3.851785616088248,3.0543,0.7974856160882475
2015-12-13,731143607612.0,3477,3280,0,3459.0,18981939299999.94,3.851785616088248,3.0543,0.7974856160882475
2015-12-14,730990441371.0,3477,3280,19,3458.0,19027520599999.984,3.8417535144910087,3.0543,0.7874535144910086
2015-12-15,730905435014.0,3477,3280,21,3458.0,19188727999999.965,3.809035361874958,3.0543,0.7547353618749582
2015-12-16,730692965014.0,3477,3280,8,3458.0,19469913100000.016,3.752933879371036,3.0543,0.6986338793710356
2015-12-17,731315996949.0,3475,3278,12,3457.0,19176529800000.004,3.8135992516696096,3.0543,0.7592992516696104
2015-12-18,730260080567.0,3475,3278,15,3456.0,18888971699999.99,3.8660658301849247,3.0543,0.8117658301849247
2015-12-19,730261268567.0,3473,3276,0,3456.0,18888971699999.99,3.866072119569116,3.0543,0.8117721195691159
2015-12-20,730261268567.0,3473,3276,0,3456.0,18888971699999.99,3.866072119569116,3.0543,0.8117721195691159
2015-12-21,730291564699.0,3474,3277,15,3455.0,19026027900000.008,3.838381655579301,3.0543,0.7840816555793011
2015-12-22,730340440699.0,3473,3276,7,3454.0,19201012800000.03,3.803655819129493,3.0543,0.7493558191294931
2015-12-23,730573668658.0,3471,3274,7,3452.0,19457340599999.992,3.754745747001007,3.0543,0.700445747001007
2015-12-24,730525802755.0,3469,3272,5,3450.0,19428632700000.016,3.7600474209129455,3.0543,0.7057474209129464
2015-12-25,730040046755.0,3466,3269,0,3450.0,19428632700000.016,3.757547214091908,3.0543,0.7032472140919079
2015-12-26,730040046755.0,3466,3269,0,3450.0,19428632700000.016,3.757547214091908,3.0543,0.7032472140919079
2015-12-27,730040046755.0,3466,3269,0,3450.0,19428632700000.016,3.757547214091908,3.0543,0.7032472140919079
2015-12-28,729991934755.0,3466,3269,1,3447.0,19357872100000.01,3.771033980305096,3.0543,0.7167339803050954
2015-12-29,729992716461.0,3466,3269,7,3447.0,19553689700000.0,3.7332735031639577,3.0543,0.6789735031639577
2015-12-30,730008757461.0,3466,3269,5,3447.0,19407762099999.992,3.761426761620291,3.0543,0.7071267616202914
2015-12-31,730018318529.0,3465,3268,1,3446.0,19250669700000.035,3.792171025244897,3.0543,0.737871025244897
2016-01-01,730022695529.0,3463,3266,0,3446.0,19250669700000.035,3.792193762116228,3.0543,0.7378937621162276
2016-01-02,730022695529.0,3463,3266,0,3446.0,19250669700000.035,3.792193762116228,3.0543,0.7378937621162276
2016-01-03,730022695529.0,3463,3266,0,3446.0,19250669700000.035,3.792193762116228,3.0158,0.7763937621162276
2016-01-04,730016511432.0,3465,3267,1,3444.0,18967216299999.98,3.84883316500166,3.0158,0.8330331650016598
2016-01-05,729553621432.0,3464,3266,2,3443.0,18994756600000.02,3.840815846158298,3.0158,0.8250158461582986
2016-01-06,729936670432.0,3464,3266,8,3443.0,18726069900000.01,3.897970446174611,3.0158,0.8821704461746109
2016-01-07,730004212432.0,3464,3267,22,3443.0,18264733299999.977,3.996796451618601,3.0158,0.9809964516186004
2016-01-08,729576051932.0,3464,3267,22,3443.0,18072017299999.98,4.037048215596832,3.0158,1.0212482155968323
2016-01-09,729576051932.0,3464,3267,0,3443.0,18072017299999.98,4.037048215596832,3.0158,1.0212482155968323
2016-01-10,729576051932.0,3464,3267,0,3443.0,18072017299999.98,4.037048215596832,3.0158,1.0212482155968323
2016-01-11,729279399969.0,3464,3267,10,3443.0,18036457000000.02,4.043362839880356,3.0158,1.0275628398803556
2016-01-12,729281636526.0,3464,3267,3,3443.0,18157812000000.0,4.01635195102802,3.0158,1.00055195102802
2016-01-13,729392860346.0,3464,3267,12,3443.0,17662818499999.98,4.129538331303132,3.0158,1.1137383313031315
2016-01-14,729384702303.0,3464,3267,18,3443.0,17958172400000.008,4.061575343284931,3.0158,1.0457753432849306
2016-01-15,729348317303.0,3463,3266,3,3442.0,17572523900000.01,4.150504056523148,3.0158,1.1347040565231477
2016-01-16,729328183303.0,3462,3265,0,3442.0,17572523900000.01,4.150389479925531,3.0158,1.134589479925531
2016-01-17,729328183303.0,3462,3265,0,3442.0,17572523900000.01,4.150389479925531,3.0158,1.134589479925531
2016-01-18,729328183303.0,3462,3265,0,3442.0,17572523900000.01,4.150389479925531,3.0158,1.134589479925531
2016-01-19,729430443053.0,3463,3265,4,3442.0,17520949700000.004,4.163190098382623,3.0158,1.147390098382623
2016-01-20,729513266581.0,3463,3265,3,3442.0,17358664800000.02,4.202588591842612,3.0158,1.1867885918426118
2016-01-21,729541434581.0,3462,3264,2,3441.0,17478534899999.984,4.173927842092764,3.0158,1.1581278420927634
2016-01-22,730158617581.0,3460,3262,8,3439.0,17873453499999.992,4.08515689248863,3.0158,1.06935689248863
2016-01-23,730123486581.0,3459,3261,0,3439.0,17873453499999.992,4.08496033842033,3.0158,1.0691603384203296
2016-01-24,730123486581.0,3459,3261,0,3439.0,17873453499999.992,4.08496033842033,3.0158,1.0691603384203296
2016-01-25,730240320581.0,3459,3261,5,3438.0,17592391600000.01,4.150887140216907,3.0158,1.1350871402169074
2016-01-26,731609834826.0,3458,3261,7,3437.0,17864895299999.98,4.095237181860231,3.0158,1.0794371818602309
2016-01-27,722233792826.0,3458,3261,18,3437.0,17612381700000.023,4.100716218443068,3.0158,1.0849162184430683
2016-01-28,723907712727.0,3455,3258,29,3434.0,17701246999999.99,4.089585963785492,3.0158,1.0737859637854918
2016-01-29,726456514358.0,3453,3256,29,3432.0,18131934500000.016,4.006503080837841,3.0158,0.9907030808378408
2016-01-30,723682514358.0,3451,3254,0,3432.0,18131934500000.016,3.9912041065336927,3.0158,0.9754041065336928
2016-01-31,723682514358.0,3451,3254,0,3432.0,18131934500000.016,3.9912041065336927,3.0158,0.9754041065336928
2016-02-01,723671711358.0,3451,3254,13,3430.0,18066428999999.96,4.005615671796576,3.0158,0.9898156717965764
2016-02-02,724810121640.0,3451,3254,28,3430.0,17713089500000.027,4.091946363394138,3.0158,1.076146363394138
2016-02-03,721204285135.0,3452,3254,43,3431.0,17797660500000.008,4.0522420636970775,2.7126,1.3396420636970774
2016-02-04,720878264111.0,3451,3252,63,3430.0,17828902699999.99,4.043312570834774,2.7126,1.3307125708347742
2016-02-05,721630760686.0,3449,3251,72,3428.0,17404346000000.023,4.146267608596146,2.7126,1.4336676085961455
2016-02-06,721640539033.0,3447,3249,0,3428.0,17404346000000.023,4.146323791959772,2.7126,1.433723791959772
2016-02-07,721640539033.0,3447,3249,0,3428.0,17404346000000.023,4.146323791959772,2.7126,1.433723791959772
2016-02-08,722259462302.0,3447,3249,33,3427.0,17121944799999.98,4.218326076498044,2.7126,1.5057260764980436
2016-02-09,722989848931.0,3447,3249,83,3426.0,17066424899999.994,4.236328657978041,2.7126,1.5237286579780411
2016-02-10,722108186999.0,3445,3248,36,3424.0,17082327699999.992,4.227223594352427,2.7126,1.514623594352427
2016-02-11,725544830707.0,3447,3248,61,3426.0,16921788599999.955,4.287636773260493,2.7126,1.5750367732604929
2016-02-12,726222378673.0,3444,3245,72,3423.0,17208082599999.994,4.220239962545277,2.7126,1.5076399625452763
2016-02-13,726225421125.0,3443,3244,0,3423.0,17208082599999.994,4.2202576429113625,2.7126,1.5076576429113624
2016-02-14,726225421125.0,3443,3244,0,3423.0,17208082599999.994,4.2202576429113625,2.7126,1.5076576429113624
2016-02-15,726225421125.0,3443,3244,0,3423.0,17208082599999.994,4.2202576429113625,2.7126,1.5076576429113624
2016-02-16,725671119269.0,3443,3245,88,3422.0,17528471600000.01,4.13995661361028,2.7126,1.4273566136102795
2016-02-17,728167705321.0,3442,3245,55,3421.0,17861318100000.004,4.076785941800117,2.7126,1.364185941800117
2016-02-18,726032239369.0,3442,3247,70,3421.0,17775112100000.03,4.084543800817992,2.7126,1.3719438008179914
2016-02-19,728494524658.0,3442,3247,103,3421.0,17781963800000.023,4.096817049295753,2.7126,1.3842170492957528
2016-02-20,728116524658.0,3441,3246,0,3421.0,17781963800000.023,4.094691299832694,2.7126,1.3820912998326935
2016-02-21,728116524658.0,3441,3246,0,3421.0,17781963800000.023,4.094691299832694,2.7126,1.3820912998326935
2016-02-22,730167534658.0,3441,3247,61,3420.0,18042620599999.99,4.046903999400178,2.7126,1.334303999400178
2016-02-23,735318289230.0,3440,3246,79,3419.0,17839032800000.02,4.121962762633629,2.7126,1.409362762633629
2016-02-24,738973395512.0,3439,3245,106,3418.0,17943663199999.99,4.118297291224239,2.7126,1.4056972912242385
2016-02-25,732036083925.0,3439,3249,196,3418.0,18127689600000.004,4.038220534871691,2.7126,1.3256205348716907
2016-02-26,730305577382.0,3440,3251,270,3419.0,18108629000000.023,4.03291479096512,2.7126,1.3203147909651198
2016-02-27,730112431382.0,3437,3248,0,3419.0,18108629000000.023,4.031848194482305,2.7126,1.319248194482305
2016-02-28,730112431382.0,3437,3248,0,3419.0,18108629000000.023,4.031848194482305,2.7126,1.319248194482305
2016-02-29,730600024638.0,3437,3254,286,3416.0,18003165800000.043,4.058175282916065,2.7126,1.345575282916065
2016-03-01,731063143090.0,3435,3254,49,3414.0,18403422000000.02,3.972430470213633,2.7126,1.259830470213633
2016-03-02,731588949711.0,3434,3255,41,3413.0,18494640199999.992,3.955680898896321,2.7126,1.243080898896321
2016-03-03,731185351032.0,3434,3256,69,3413.0,18568947500000.023,3.937677948801347,2.658,1.2796779488013472
2016-03-04,731951717571.0,3434,3260,82,3413.0,18620265900000.008,3.930941273889111,2.658,1.2729412738891113
2016-03-05,731944341571.0,3433,3259,0,3413.0,18620265900000.008,3.930901661135783,2.658,1.272901661135783
2016-03-06,731944341571.0,3433,3259,0,3413.0,18620265900000.008,3.930901661135783,2.658,1.272901661135783
2016-03-07,732616261800.0,3434,3259,40,3413.0,18675937900000.035,3.92278163336578,2.658,1.2647816333657795
2016-03-08,733336141274.0,3434,3267,62,3413.0,18421623599999.973,3.980844236085689,2.658,1.3228442360856891
2016-03-09,733596807897.0,3434,3268,69,3413.0,18527771199999.992,3.959444446815061,2.658,1.3014444468150614
2016-03-10,733505505546.0,3434,3274,117,3413.0,18516702999999.965,3.961318089651281,2.658,1.3033180896512806
2016-03-11,733788922849.0,3434,3277,130,3413.0,18814856900000.008,3.900050511938785,2.658,1.2420505119387846
2016-03-12,733788922849.0,3434,3277,0,3413.0,18814856900000.008,3.900050511938785,2.658,1.2420505119387846
2016-03-13,733788922849.0,3434,3277,0,3413.0,18814856900000.008,3.900050511938785,2.658,1.2420505119387846
2016-03-14,733933629195.0,3435,3278,96,3414.0,18798166700000.0,3.9042830128482695,2.658,1.2462830128482696
2016-03-15,732148441269.0,3435,3280,154,3414.0,18727851099999.977,3.909409773495054,2.658,1.251409773495054
2016-03-16,731617740923.0,3434,3280,38,3413.0,18890088499999.957,3.87302442189724,2.658,1.2150244218972397
2016-03-17,731899969833.0,3434,3282,23,3413.0,19018480999999.97,3.848361863563137,2.658,1.1903618635631372
2016-03-18,733185117830.0,3434,3285,24,3413.0,19090622099999.97,3.840551208805297,2.658,1.1825512088052972
2016-03-19,733178912830.0,3433,3284,0,3413.0,19090622099999.97,3.8405187059357337,2.658,1.1825187059357338
2016-03-20,733178912830.0,3433,3284,0,3413.0,19090622099999.97,3.8405187059357337,2.658,1.1825187059357338
2016-03-21,733192101505.0,3433,3286,19,3412.0,19104342200000.01,3.837829608731567,2.658,1.1798296087315667
2016-03-22,733427150311.0,3433,3286,15,3412.0,19106854199999.977,3.838555225438424,2.658,1.1805552254384235
2016-03-23,732885587465.0,3432,3286,30,3411.0,18921028199999.98,3.8733919727734496,2.658,1.2153919727734497
2016-03-24,732834368460.0,3431,3287,43,3410.0,18935259300000.008,3.8702103670690144,2.658,1.2122103670690143
2016-03-25,732767044847.0,3430,3288,31,3410.0,18935259300000.008,3.869854820773432,2.658,1.211854820773432
2016-03-26,732767044847.0,3430,3288,0,3410.0,18935259300000.008,3.869854820773432,2.658,1.211854820773432
2016-03-27,732767044847.0,3430,3288,0,3410.0,18935259300000.008,3.869854820773432,2.658,1.211854820773432
2016-03-28,732879833621.0,3430,3289,32,3409.0,18946911499999.984,3.8680701792532286,2.658,1.210070179253229
2016-03-29,733478010830.0,3430,3294,57,3409.0,19176263000000.01,3.824926737967661,2.658,1.166926737967661
2016-03-30,734104371140.0,3429,3297,189,3408.0,19241425200000.05,3.815228672042433,2.658,1.1572286720424332
2016-03-31,734865634977.0,3428,3296,21,3408.0,19232855300000.004,3.820886828889104,2.658,1.162886828889104
2016-04-01,734785030542.0,3426,3294,17,3406.0,19328877899999.97,3.8014882930270937,2.658,1.1434882930270938
2016-04-02,734553923829.0,3424,3292,0,3406.0,19328877899999.97,3.800292637934255,2.658,1.142292637934255
2016-04-03,734553923829.0,3424,3292,0,3406.0,19328877899999.97,3.800292637934255,2.5997,1.200592637934255
2016-04-04,734549565440.0,3425,3292,15,3405.0,19238139799999.973,3.8181943424696447,2.5997,1.2184943424696448
2016-04-05,733837230371.0,3423,3291,9,3403.0,19082321399999.99,3.845639191314535,2.5997,1.2459391913145352
2016-04-06,734957629950.0,3423,3291,13,3403.0,19314156600000.004,3.8052794391757176,2.5997,1.2055794391757175
2016-04-07,734770033044.0,3423,3290,18,3403.0,19102430199999.99,3.846474115340573,2.5997,1.246774115340573
2016-04-08,733724854044.0,3423,3290,13,3403.0,19161971699999.992,3.829067621699912,2.5997,1.2293676216999123
2016-04-09,733702351044.0,3422,3289,0,3403.0,19161971699999.992,3.828950185976949,2.5997,1.229250185976949
2016-04-10,733702351044.0,3422,3289,0,3403.0,19161971699999.992,3.828950185976949,2.5997,1.229250185976949
2016-04-11,733773451639.0,3422,3290,10,3402.0,19089201199999.984,3.843919103534833,2.5997,1.2442191035348331
2016-04-12,733750736024.0,3421,3289,3,3401.0,19270882000000.0,3.807561771298273,2.5997,1.2078617712982729
2016-04-13,733919295018.0,3421,3290,15,3401.0,19453019000000.01,3.7727783796335137,2.5997,1.1730783796335138
2016-04-14,733005275048.0,3421,3293,46,3401.0,19435635500000.0,3.771449999913819,2.5997,1.171749999913819
2016-04-15,732992376236.0,3422,3294,14,3402.0,19431898899999.973,3.772108840253389,2.5997,1.172408840253389
2016-04-16,732522276236.0,3421,3293,0,3402.0,19431898899999.973,3.769689622232448,2.5997,1.1699896222324475
2016-04-17,732522276236.0,3421,3293,0,3402.0,19431898899999.973,3.769689622232448,2.5997,1.1699896222324475
2016-04-18,732295435300.0,3421,3293,7,3401.0,19539065500000.03,3.747852911901026,2.5997,1.1481529119010263
2016-04-19,732593184136.0,3421,3293,5,3401.0,19579329399999.99,3.7416663725776047,2.5997,1.1419663725776048
2016-04-20,734054903147.0,3422,3294,16,3402.0,19581624599999.945,3.74869255305304,2.5997,1.1489925530530396
2016-04-21,730701217172.0,3423,3294,25,3403.0,19490513899999.992,3.749009497240605,2.5997,1.1493094972406053
2016-04-22,731646135172.0,3423,3293,29,3403.0,19491161499999.992,3.753732865904376,2.5997,1.154032865904376
2016-04-23,731502615172.0,3421,3291,0,3403.0,19491161499999.992,3.752996532156384,2.5997,1.1532965321563844
2016-04-24,731502615172.0,3421,3291,0,3403.0,19491161499999.992,3.752996532156384,2.5997,1.1532965321563844
2016-04-25,732531847172.0,3421,3291,19,3401.0,19449760899999.97,3.76627687578412,2.5997,1.1665768757841195
2016-04-26,738170484172.0,3420,3290,52,3400.0,19489590199999.973,3.787511572059637,2.5997,1.1878115720596374
2016-04-27,730859843420.0,3420,3289,84,3400.0,19509483600000.016,3.746177286927264,2.5997,1.1464772869272637
2016-04-28,732098186738.0,3419,3288,153,3399.0,19332646800000.008,3.786849231311668,2.5997,1.1871492313116678
2016-04-29,727419146825.0,3419,3288,149,3399.0,19234156000000.004,3.781913523135613,2.5997,1.1822135231356126
2016-04-30,726493797825.0,3416,3285,0,3399.0,19234156000000.004,3.7771025556047264,2.5997,1.1774025556047265
2016-05-01,726493797825.0,3416,3285,0,3399.0,19234156000000.004,3.7771025556047264,2.5997,1.1774025556047265
2016-05-02,730965275112.0,3417,3286,97,3397.0,19369279000000.02,3.7738383298211526,2.5997,1.1741383298211527
2016-05-03,734467166328.0,3416,3285,148,3396.0,19177791299999.97,3.829779742821589,2.6578,1.1719797428215897
2016-05-04,730815964625.0,3416,3285,232,3396.0,19069932000000.008,3.8322945494771545,2.6578,1.1744945494771546
2016-05-05,756499363702.0,3415,3285,392,3395.0,19066065600000.074,3.967779087584788,2.6578,1.3099790875847876
2016-05-06,764011393054.0,3416,3284,350,3396.0,19157587500000.02,3.988035513626124,2.6578,1.3302355136261244
2016-05-07,764282337020.0,3412,3280,0,3396.0,19157587500000.02,3.989449804261623,2.6578,1.3316498042616232
2016-05-08,764282337020.0,3412,3280,0,3396.0,19157587500000.02,3.989449804261623,2.6578,1.3316498042616232
2016-05-09,765237213272.0,3412,3280,250,3392.0,19178941700000.043,3.989986649117341,2.6578,1.3321866491173409
2016-05-10,769445254523.0,3411,3279,395,3391.0,19404336400000.008,3.965326299553329,2.6578,1.307526299553329
2016-05-11,769861698563.0,3410,3276,94,3390.0,19209184700000.023,4.00777914620707,2.6578,1.3499791462070698
2016-05-12,770312415272.0,3411,3276,121,3391.0,19171052800000.02,4.018101787670206,2.6578,1.3603017876702062
2016-05-13,770088656923.0,3411,3275,118,3391.0,19023947600000.023,4.047996100047074,2.6578,1.3901961000470742
2016-05-14,770080136923.0,3410,3274,0,3391.0,19023947600000.023,4.047951314389654,2.6578,1.3901513143896542
2016-05-15,770080136923.0,3410,3274,0,3391.0,19023947600000.023,4.047951314389654,2.6578,1.3901513143896542
2016-05-16,770143100720.0,3411,3274,208,3391.0,19233962500000.043,4.004079246385129,2.6578,1.3462792463851292
2016-05-17,771170691762.0,3410,3273,15,3390.0,19042232500000.008,4.049791387443672,2.6578,1.3919913874436718
2016-05-18,769152888762.0,3411,3272,8,3390.0,18915946500000.02,4.066161261145453,2.6578,1.408361261145453
2016-05-19,769212776643.0,3410,3271,13,3389.0,18865255899999.973,4.077404413279128,2.6578,1.419604413279128
2016-05-20,769679964214.0,3409,3270,17,3388.0,19011266000000.04,4.0485466050183,2.6578,1.3907466050183004
2016-05-21,769368844020.0,3407,3268,0,3388.0,19011266000000.04,4.046910100673982,2.6578,1.3891101006739817
2016-05-22,769368844020.0,3407,3268,0,3388.0,19011266000000.04,4.046910100673982,2.6578,1.3891101006739817
2016-05-23,769389163943.0,3407,3269,21,3386.0,18971731800000.008,4.055450351364337,2.6578,1.3976503513643372
2016-05-24,768899008943.0,3406,3268,9,3386.0,19221033399999.984,4.000300051208488,2.6578,1.3425000512084884
2016-05-25,767199606943.0,3406,3268,20,3386.0,19347122300000.004,3.965445584344085,2.6578,1.307645584344085
2016-05-26,767260087343.0,3410,3267,22,3389.0,19349847200000.0,3.965199721799353,2.6578,1.3073997217993534
2016-05-27,767988865343.0,3409,3267,19,3388.0,19430706100000.016,3.952449599054969,2.6578,1.294649599054969
2016-05-28,767389455343.0,3407,3265,0,3388.0,19430706100000.016,3.949364739467699,2.6578,1.2915647394676992
2016-05-29,767389455343.0,3407,3265,0,3388.0,19430706100000.016,3.949364739467699,2.6578,1.2915647394676992
2016-05-30,767389455343.0,3407,3265,0,3388.0,19430706100000.016,3.949364739467699,2.6578,1.2915647394676992
2016-05-31,767149521791.0,3407,3266,21,3386.0,19423462300000.0,3.9496023414476418,2.6578,1.2918023414476418
2016-06-01,767822148791.0,3407,3266,12,3386.0,19459729699999.977,3.9456979137331034,2.6578,1.2878979137331026
2016-06-02,768087900127.0,3409,3264,21,3388.0,19538588400000.004,3.931133019450882,2.6578,1.2733330194508825
2016-06-03,770405821367.0,3408,3264,26,3387.0,19466965100000.023,3.957503480432083,2.5097,1.4478034804320834
2016-06-04,770405821367.0,3408,3264,0,3387.0,19466965100000.023,3.957503480432083,2.5097,1.4478034804320834
2016-06-05,770405821367.0,3408,3264,0,3387.0,19466965100000.023,3.957503480432083,2.5097,1.4478034804320834
2016-06-06,770615433402.0,3408,3264,11,3387.0,19575451900000.01,3.936641858071229,2.5097,1.4269418580712283
2016-06-07,770649822140.0,3407,3263,22,3386.0,19628205900000.016,3.9262366925751446,2.5097,1.4165366925751446
2016-06-08,770931498063.0,3407,3264,35,3386.0,19695173600000.027,3.91431684594544,2.5097,1.4046168459454398
2016-06-09,771622752894.0,3407,3264,40,3386.0,19660075199999.984,3.924820963523072,2.5097,1.415120963523072
2016-06-10,771600060976.0,3408,3264,12,3387.0,19459630900000.035,3.965132046651505,2.5097,1.4554320466515045
2016-06-11,771589916976.0,3407,3263,0,3387.0,19459630900000.035,3.9650799182218743,2.5097,1.4553799182218747
2016-06-12,771589916976.0,3407,3263,0,3387.0,19459630900000.035,3.9650799182218743,2.5097,1.4553799182218747
2016-06-13,771560531254.0,3407,3263,11,3386.0,19297336400000.0,3.998274763215509,2.5097,1.4885747632155084
2016-06-14,771621241016.0,3407,3262,18,3386.0,19289726300000.03,4.000166871294585,2.5097,1.490466871294585
2016-06-15,771396692563.0,3406,3261,5,3385.0,19285625400000.01,3.9998531370571966,2.5097,1.4901531370571963
2016-06-16,771241501563.0,3406,3261,4,3385.0,19327424600000.004,3.990399742979724,2.5097,1.4806997429797235
2016-06-17,771419353563.0,3406,3261,8,3385.0,19266089999999.984,4.004026523093168,2.5097,1.4943265230931684
2016-06-18,771419353563.0,3406,3261,0,3385.0,19266089999999.984,4.004026523093168,2.5097,1.4943265230931684
2016-06-19,771419353563.0,3406,3261,0,3385.0,19266089999999.984,4.004026523093168,2.5097,1.4943265230931684
2016-06-20,771416543563.0,3406,3261,6,3385.0,19403085500000.0,3.975741608534376,2.5097,1.4660416085343757
2016-06-21,771207020563.0,3404,3259,6,3383.0,19433660400000.008,3.9684084453950814,2.5097,1.4587084453950825
2016-06-22,771117024563.0,3405,3259,4,3384.0,19395654899999.965,3.97572048244167,2.5097,1.46602048244167
2016-06-23,771335134585.0,3406,3259,7,3385.0,19648126999999.992,3.925743835964621,2.5097,1.4160438359646208
2016-06-24,771209396785.0,3404,3258,4,3383.0,18981772700000.0,4.062894488168642,2.5097,1.5531944881686424
2016-06-25,771200509785.0,3403,3257,0,3383.0,18981772700000.0,4.062847669569872,2.5097,1.553147669569872
2016-06-26,771200509785.0,3403,3257,0,3383.0,18981772700000.0,4.062847669569872,2.5097,1.553147669569872
2016-06-27,771227444611.0,3403,3257,8,3382.0,18618415100000.01,4.1422830056624935,2.5097,1.6325830056624937
2016-06-28,771617867313.0,3403,3257,7,3382.0,18942691100000.008,4.0734331951018286,2.5097,1.5637331951018285
2016-06-29,771823978903.0,3403,3258,26,3382.0,19270260999999.977,4.005259601325592,2.5097,1.4955596013255916
2016-06-30,772342465881.0,3406,3259,12,3385.0,19527394500000.0,3.955174183022729,2.5097,1.4454741830227285
2016-07-01,772729235620.0,3403,3255,9,3382.0,19585904899999.965,3.945333338262055,2.5097,1.4356333382620543
2016-07-02,772715921620.0,3402,3254,0,3382.0,19585904899999.965,3.945265360805471,2.5097,1.4355653608054708
2016-07-03,772715921620.0,3402,3254,0,3382.0,19585904899999.965,3.945265360805471,2.2253,1.719965360805471
2016-07-04,772715921620.0,3402,3254,0,3382.0,19585904899999.965,3.945265360805471,2.2253,1.719965360805471
2016-07-05,772661675620.0,3404,3254,6,3383.0,19455287100000.0,3.9714740350452096,2.2253,1.7461740350452095
2016-07-06,771794370620.0,3402,3252,7,3381.0,19567289600000.023,3.944309030004846,2.2253,1.719009030004846
2016-07-07,772065942620.0,3402,3251,15,3381.0,19559029699999.957,3.9473632100471834,2.2253,1.7220632100471829
2016-07-08,772064224268.0,3403,3251,11,3382.0,19866379600000.02,3.886285472306184,2.2253,1.6609854723061837
2016-07-09,772066147020.0,3401,3249,0,3382.0,19866379600000.02,3.886295150727912,2.2253,1.6609951507279122
2016-07-10,772066147020.0,3401,3249,0,3382.0,19866379600000.02,3.886295150727912,2.2253,1.6609951507279122
2016-07-11,772055971799.0,3401,3249,8,3380.0,19943684300000.0,3.8711802703324993,2.2253,1.6458802703324995
2016-07-12,771924276373.0,3400,3248,3,3379.0,20086313900000.02,3.8430360105693615,2.2253,1.6177360105693626
2016-07-13,771372875353.0,3397,3245,6,3376.0,20056274499999.992,3.846042670352364,2.2253,1.6207426703523642
2016-07-14,771379410894.0,3397,3245,14,3376.0,20133996699999.95,3.8312284559677208,2.2253,1.605928455967721
2016-07-15,771726757273.0,3397,3244,15,3376.0,20125254399999.98,3.8346186434940206,2.2253,1.6093186434940208
2016-07-16,771726757273.0,3397,3244,0,3376.0,20125254399999.98,3.8346186434940206,2.2253,1.6093186434940208
2016-07-17,771726757273.0,3397,3244,0,3376.0,20125254399999.98,3.8346186434940206,2.2253,1.6093186434940208
2016-07-18,771844172349.0,3397,3244,4,3376.0,20176599599999.992,3.8254422828958767,2.2253,1.600142282895877
2016-07-19,772591197349.0,3397,3244,8,3376.0,20128753400000.004,3.838246621616418,2.2253,1.6129466216164183
2016-07-20,772810507531.0,3399,3244,16,3378.0,20240012399999.984,3.818231393628003,2.2253,1.5929313936280032
2016-07-21,770875050877.0,3400,3244,25,3379.0,20163335400000.008,3.823152447669941,2.2253,1.5978524476699412
2016-07-22,771533515877.0,3402,3244,23,3381.0,20253703100000.03,3.8093454420046218,2.2253,1.584045442004622
2016-07-23,771533515877.0,3402,3244,0,3381.0,20253703100000.03,3.8093454420046218,2.2253,1.584045442004622
2016-07-24,771533515877.0,3402,3244,0,3381.0,20253703100000.03,3.8093454420046218,2.2253,1.584045442004622
2016-07-25,772209689486.0,3402,3244,20,3381.0,20197705700000.01,3.823254487196532,2.2253,1.5979544871965317
2016-07-26,769857325293.0,3403,3244,48,3382.0,20218867599999.984,3.8076184112952034,2.2253,1.5823184112952036
2016-07-27,764462956723.0,3402,3242,82,3381.0,20179766200000.02,3.788264686252903,2.2253,1.562964686252903
2016-07-28,772024795804.0,3400,3239,167,3379.0,20214445700000.0,3.819173710036482,2.2253,1.5938737100364824
2016-07-29,774316084194.0,3400,3238,161,3379.0,20280056499999.96,3.818116010643272,2.2253,1.5928160106432716
2016-07-30,774096162194.0,3397,3235,0,3379.0,20280056499999.96,3.8170315856565855,2.2253,1.5917315856565857
2016-07-31,774096162194.0,3397,3235,0,3379.0,20280056499999.96,3.8170315856565855,2.2253,1.5917315856565857
2016-08-01,759670007805.0,3397,3235,83,3376.0,20246457299999.99,3.7521132539320874,2.2253,1.526813253932087
2016-08-02,759286595762.0,3393,3232,146,3373.0,20090835899999.984,3.779268316864808,2.2253,1.5539683168648084
2016-08-03,762766701675.0,3393,3237,235,3373.0,20157804700000.023,3.7839770402924833,2.2963,1.4876770402924833
2016-08-04,772598319138.0,3394,3244,391,3374.0,20175634999999.93,3.829363086405969,2.2963,1.5330630864059689
2016-08-05,780766670954.0,3394,3245,310,3374.0,20330484300000.01,3.840374186039433,2.2963,1.5440741860394325
2016-08-06,780766670954.0,3394,3245,0,3374.0,20330484300000.01,3.840374186039433,2.2963,1.5440741860394325
2016-08-07,780766670954.0,3394,3245,0,3374.0,20330484300000.01,3.840374186039433,2.2963,1.5440741860394325
2016-08-08,782592575216.0,3395,3246,230,3375.0,20320996499999.992,3.8511525515788576,2.2963,1.5548525515788576
2016-08-09,789486734621.0,3395,3255,411,3376.0,20394005600000.023,3.871170529741343,2.2963,1.5748705297413426
2016-08-10,788342127598.0,3394,3258,76,3375.0,20344539499999.977,3.874956853154631,2.2963,1.578656853154631
2016-08-11,788465842173.0,3393,3266,139,3375.0,20442127399999.94,3.8570635371982,2.2963,1.5607635371981994
2016-08-12,788047776084.0,3394,3266,96,3375.0,20447043400000.008,3.8540915704419136,2.2963,1.5577915704419136
2016-08-13,788047776084.0,3394,3266,0,3375.0,20447043400000.008,3.8540915704419136,2.2963,1.5577915704419136
2016-08-14,788047776084.0,3394,3266,0,3375.0,20447043400000.008,3.8540915704419136,2.2963,1.5577915704419136
2016-08-15,788255531382.0,3394,3271,214,3375.0,20522735000000.027,3.840889293663827,2.2963,1.5445892936638268
2016-08-16,788115394154.0,3393,3270,25,3374.0,20387808900000.02,3.865620862053496,2.2963,1.5693208620534955
2016-08-17,788120501339.0,3392,3270,10,3373.0,20391900900000.023,3.864870201183643,2.2963,1.5685702011836429
2016-08-18,788014697194.0,3393,3270,15,3374.0,20456474600000.0,3.852152986292174,2.2963,1.555852986292174
2016-08-19,788103293586.0,3393,3271,17,3374.0,20427021299999.97,3.85814104764262,2.2963,1.56184104764262
2016-08-20,788190000586.0,3391,3269,0,3374.0,20427021299999.97,3.858565519711879,2.2963,1.5622655197118789
2016-08-21,788190000586.0,3391,3269,0,3374.0,20427021299999.97,3.858565519711879,2.2963,1.5622655197118789
2016-08-22,788195348057.0,3391,3269,26,3372.0,20416633200000.016,3.8605549717031673,2.2963,1.5642549717031673
2016-08-23,789131849057.0,3389,3268,6,3370.0,20470355400000.05,3.85499828233074,2.2963,1.5586982823307398
2016-08-24,789085682480.0,3389,3268,13,3370.0,20334940100000.0,3.8804426204333886,2.2963,1.5841426204333886
2016-08-25,787818528683.0,3389,3268,27,3370.0,20311494899999.97,3.878683142534237,2.2963,1.5823831425342365
2016-08-26,788475014683.0,3389,3268,22,3370.0,20273783800000.047,3.889135952426395,2.2963,1.592835952426395
2016-08-27,788475014683.0,3389,3268,0,3370.0,20273783800000.047,3.889135952426395,2.2963,1.592835952426395
2016-08-28,788475014683.0,3389,3268,0,3370.0,20273783800000.047,3.889135952426395,2.2963,1.592835952426395
2016-08-29,788163552855.0,3389,3268,21,3370.0,20371930700000.008,3.868870184478881,2.2963,1.5725701844788809
2016-08-30,788981476520.0,3388,3268,14,3369.0,20306745099999.984,3.8853172807098497,2.2963,1.5890172807098497
2016-08-31,792225249520.0,3386,3266,17,3367.0,20235833899999.99,3.914962207314819,2.2963,1.6186622073148191
2016-09-01,792693368520.0,3384,3264,27,3365.0,20257427300000.0,3.913099905435672,2.2963,1.616799905435672
2016-09-02,793584878310.0,3382,3262,27,3363.0,20363094700000.0,3.8971722618861073,2.2963,1.600872261886107
2016-09-03,793584878310.0,3382,3262,0,3363.0,20363094700000.0,3.8971722618861073,2.2782,1.618972261886107
2016-09-04,793584878310.0,3382,3262,0,3363.0,20363094700000.0,3.8971722618861073,2.2782,1.618972261886107
2016-09-05,793584878310.0,3382,3262,0,3363.0,20363094700000.0,3.8971722618861073,2.2782,1.618972261886107
2016-09-06,793762091279.0,3382,3263,19,3363.0,20441214000000.0,3.883145547417096,2.2782,1.6049455474170955
2016-09-07,789336088509.0,3381,3261,31,3362.0,20417623800000.027,3.865954707760846,2.2782,1.5877547077608458
2016-09-08,789234569689.0,3379,3259,51,3360.0,20353564100000.008,3.8776234265968177,2.2782,1.5994234265968177
2016-09-09,789639413557.0,3378,3261,26,3359.0,19813617700000.06,3.985336880487997,2.2782,1.7071368804879974
2016-09-10,789656062557.0,3376,3259,0,3359.0,19813617700000.06,3.985420908555219,2.2782,1.707220908555219
2016-09-11,789656062557.0,3376,3259,0,3359.0,19813617700000.06,3.985420908555219,2.2782,1.707220908555219
2016-09-12,789690791600.0,3376,3259,14,3357.0,20097347300000.043,3.929328482072847,2.2782,1.651128482072847
2016-09-13,789719038775.0,3375,3258,18,3356.0,19778529400000.05,3.9928096917812193,2.2782,1.7146096917812192
2016-09-14,789737477986.0,3375,3257,23,3356.0,19778105899999.992,3.992988418501695,2.2782,1.7147884185016946
2016-09-15,789722727145.0,3377,3257,10,3358.0,19991786100000.0,3.95023597788994,2.2782,1.67203597788994
2016-09-16,789742624386.0,3377,3256,8,3358.0,19931869299999.96,3.96221053078048,2.2782,1.6840105307804798
2016-09-17,789534798386.0,3375,3254,0,3358.0,19931869299999.96,3.961167848847983,2.2782,1.6829678488479831
2016-09-18,789534798386.0,3375,3254,0,3358.0,19931869299999.96,3.961167848847983,2.2782,1.6829678488479831
2016-09-19,789811490679.0,3375,3254,11,3356.0,19930356199999.99,3.9628568739729824,2.2782,1.6846568739729824
2016-09-20,789536590200.0,3374,3253,3,3355.0,19916379200000.047,3.964257670892298,2.2782,1.686057670892298
2016-09-21,789111683200.0,3376,3253,5,3357.0,20152320000000.02,3.915736169334346,2.2782,1.637536169334346
2016-09-22,789247329200.0,3376,3252,6,3357.0,20318587899999.965,3.884361123343623,2.2782,1.606161123343623
2016-09-23,789076214377.0,3377,3251,10,3358.0,20197730300000.0,3.906756861571719,2.2782,1.628556861571719
2016-09-24,789076214377.0,3377,3251,0,3358.0,20197730300000.0,3.906756861571719,2.2782,1.628556861571719
2016-09-25,789076214377.0,3377,3251,0,3358.0,20197730300000.0,3.906756861571719,2.2782,1.628556861571719
2016-09-26,788978870377.0,3377,3251,8,3358.0,20049295100000.023,3.935195060184431,2.2782,1.6569950601844303
2016-09-27,788830179328.0,3374,3248,4,3355.0,20164419300000.004,3.91199055917271,2.2782,1.6337905591727102
2016-09-28,788926094722.0,3373,3247,17,3354.0,20289945899999.97,3.888261203900013,2.2782,1.6100612039000128
2016-09-29,788279585087.0,3374,3245,9,3355.0,20096783300000.047,3.9224167038065154,2.2782,1.6442167038065154
2016-09-30,788302425289.0,3373,3243,10,3354.0,20255036300000.03,3.8918835474464135,2.2782,1.6136835474464135
2016-10-01,788186836842.0,3368,3238,0,3354.0,20255036300000.03,3.891312882228696,2.2782,1.6131128822286964
2016-10-02,788186836842.0,3368,3238,0,3354.0,20255036300000.03,3.891312882228696,2.2782,1.6131128822286964
2016-10-03,788186836842.0,3371,3238,2,3352.0,20186077599999.973,3.904606196708572,2.3397,1.5649061967085722
2016-10-04,788262200842.0,3371,3237,10,3352.0,20066566000000.008,3.9282366541539777,2.3397,1.5885366541539776
2016-10-05,788326537323.0,3370,3234,12,3353.0,20147994700000.004,3.9126798922723554,2.3397,1.5729798922723552
2016-10-06,788068757765.0,3370,3230,11,3354.0,20140927300000.016,3.9127729623700063,2.3397,1.5730729623700062
2016-10-07,788083757738.0,3373,3230,12,3355.0,20049949400000.01,3.930602227544772,2.3397,1.5909022275447715
2016-10-08,788083757738.0,3373,3230,0,3355.0,20049949400000.01,3.930602227544772,2.3397,1.5909022275447715
2016-10-09,788083757738.0,3373,3230,0,3355.0,20049949400000.01,3.930602227544772,2.3397,1.5909022275447715
2016-10-10,788083757738.0,3373,3230,0,3355.0,20158912300000.004,3.9093565466724103,2.3397,1.5696565466724106
2016-10-11,788239938436.0,3371,3228,11,3353.0,19891081500000.04,3.962780698656322,2.3397,1.623080698656322
2016-10-12,787073180094.0,3372,3228,10,3354.0,19904950199999.97,3.954157996808257,2.3397,1.614457996808257
2016-10-13,786907493942.0,3371,3227,11,3353.0,19847672100000.0,3.964734453377029,2.3397,1.625034453377029
2016-10-14,786910667741.0,3372,3227,19,3354.0,19831582800000.035,3.967967033579381,2.3397,1.6282670335793803
2016-10-15,786910667741.0,3371,3227,0,3354.0,19831582800000.035,3.967967033579381,2.3397,1.6282670335793803
2016-10-16,786910667741.0,3371,3227,0,3354.0,19831582800000.035,3.967967033579381,2.3397,1.6282670335793803
2016-10-17,786734173780.0,3372,3227,10,3354.0,19785471500000.04,3.9763225949909686,2.3397,1.6366225949909683
2016-10-18,787004547680.0,3372,3227,9,3354.0,19907146200000.0,3.953377042461264,2.3397,1.6136770424612643
2016-10-19,788856352659.0,3372,3227,14,3354.0,19942285199999.96,3.955696875997951,2.3397,1.6159968759979506
2016-10-20,792701206824.0,3374,3227,25,3356.0,19903651799999.984,3.9826922958127744,2.3397,1.6429922958127745
2016-10-21,793273248824.0,3373,3226,11,3355.0,19900195200000.023,3.9862586313927166,2.3397,1.6465586313927163
2016-10-22,793452935824.0,3370,3223,0,3355.0,19900195200000.023,3.987161572284472,2.3397,1.647461572284472
2016-10-23,793452935824.0,3370,3223,0,3355.0,19900195200000.023,3.987161572284472,2.3397,1.647461572284472
2016-10-24,793724387950.0,3371,3223,16,3353.0,20012095700000.027,3.96622322743539,2.3397,1.6265232274353898
2016-10-25,797828237870.0,3369,3221,47,3351.0,19901233199999.984,4.008938691648519,2.3397,1.6692386916485185
2016-10-26,794222215532.0,3370,3221,73,3352.0,19812809100000.008,4.008630030821827,2.3397,1.668930030821827
2016-10-27,794669982844.0,3370,3221,140,3352.0,19697607600000.016,4.034347718674218,2.3397,1.6946477186742182
2016-10-28,797694846730.0,3374,3221,132,3356.0,19648176000000.016,4.059892616647975,2.3397,1.7201926166479748
2016-10-29,797694846730.0,3374,3221,0,3356.0,19648176000000.016,4.059892616647975,2.3397,1.7201926166479748
2016-10-30,797694846730.0,3374,3221,0,3356.0,19648176000000.016,4.059892616647975,2.3397,1.7201926166479748
2016-10-31,795730733630.0,3374,3221,71,3356.0,19649681600000.0,4.049585890643643,2.3397,1.7098858906436427
2016-11-01,800108746781.0,3373,3219,120,3355.0,19495298399999.977,4.104111311171318,2.3397,1.7644113111713176
2016-11-02,809252046837.0,3372,3220,225,3354.0,19350586399999.977,4.182054383824776,2.3397,1.842354383824776
2016-11-03,820406894031.0,3371,3219,357,3353.0,19255202000000.03,4.260702609253326,2.6004,1.6603026092533262
2016-11-04,818421973434.0,3372,3219,261,3354.0,19245736099999.98,4.252484650010351,2.6004,1.6520846500103512
2016-11-05,818235939434.0,3368,3215,0,3354.0,19245736099999.98,4.251518025512159,2.6004,1.6511180255121594
2016-11-06,818235939434.0,3368,3215,0,3354.0,19245736099999.98,4.251518025512159,2.6004,1.6511180255121594
2016-11-07,816360410676.0,3368,3216,210,3350.0,19640783300000.0,4.156455464156565,2.6004,1.556055464156565
2016-11-08,822712676332.0,3368,3219,251,3350.0,19722738399999.992,4.1713917187686285,2.6004,1.5709917187686284
2016-11-09,825626793106.0,3369,3223,362,3351.0,19958452700000.01,4.136727458366547,2.6004,1.536327458366547
2016-11-10,825392778139.0,3367,3226,192,3349.0,19913807000000.02,4.144826642836295,2.6004,1.5444266428362954
2016-11-11,825392778139.0,3368,3226,0,3350.0,19928312399999.973,4.141809710585434,2.6004,1.5414097105854343
2016-11-12,825404129439.0,3366,3224,0,3350.0,19928312399999.973,4.141866671254116,2.6004,1.5414666712541156
2016-11-13,825404129439.0,3366,3224,0,3350.0,19928312399999.973,4.141866671254116,2.6004,1.5414666712541156
2016-11-14,825170725014.0,3366,3227,332,3349.0,19928499500000.027,4.140656575845054,2.6004,1.5402565758450542
2016-11-15,825330106304.0,3367,3227,25,3350.0,20097257999999.977,4.10668015658654,2.6004,1.50628015658654
2016-11-16,825489251452.0,3367,3227,19,3350.0,20100847899999.992,4.106738459784079,2.6004,1.5063384597840792
2016-11-17,825897953109.0,3368,3228,16,3351.0,20175460699999.97,4.093576674107875,2.6004,1.493176674107875
2016-11-18,826601199325.0,3367,3227,23,3350.0,20137747299999.957,4.104735187162676,2.6004,1.5043351871626762
2016-11-19,829130708325.0,3365,3225,0,3350.0,20137747299999.957,4.117296219746495,2.6004,1.5168962197464952
2016-11-20,829130708325.0,3365,3225,0,3350.0,20137747299999.957,4.117296219746495,2.6004,1.5168962197464952
2016-11-21,829357933009.0,3366,3226,29,3349.0,20299586300000.023,4.085590320670718,2.6004,1.4851903206707182
2016-11-22,830091139088.0,3363,3223,29,3346.0,20377743999999.973,4.073518339851561,2.6004,1.473118339851561
2016-11-23,830817885428.0,3363,3223,15,3346.0,20396537200000.004,4.073328120755713,2.6004,1.472928120755713
2016-11-24,830817885428.0,3363,3223,0,3346.0,20396537200000.004,4.073328120755713,2.6004,1.472928120755713
2016-11-25,830879216428.0,3363,3223,2,3346.0,20470692499999.984,4.058872050508309,2.6004,1.4584720505083086
2016-11-26,830879216428.0,3363,3223,0,3346.0,20470692499999.984,4.058872050508309,2.6004,1.4584720505083086
2016-11-27,830879216428.0,3363,3223,0,3346.0,20470692499999.984,4.058872050508309,2.6004,1.4584720505083086
2016-11-28,830960835500.0,3363,3223,7,3346.0,20350429700000.023,4.08325940901385,2.6004,1.4828594090138505
2016-11-29,829855129500.0,3361,3221,14,3344.0,20361204000000.01,4.075668263527047,2.6004,1.4752682635270469
2016-11-30,830241015500.0,3360,3220,15,3343.0,20293548300000.043,4.0911574616056585,2.6004,1.4907574616056585
2016-12-01,831121169500.0,3360,3218,17,3343.0,20132101100000.0,4.128337948292938,2.6004,1.5279379482929376
2016-12-02,830961188063.0,3356,3214,14,3339.0,20161409500000.04,4.121543129526724,2.6004,1.5211431295267244
2016-12-03,830961188063.0,3356,3214,0,3339.0,20161409500000.04,4.121543129526724,3.0615,1.0600431295267243
2016-12-04,830961188063.0,3356,3214,0,3339.0,20161409500000.04,4.121543129526724,3.0615,1.0600431295267243
2016-12-05,830968883063.0,3356,3214,10,3339.0,20295556200000.004,4.094339050747473,3.0615,1.0328390507474725
2016-12-06,831654127689.0,3354,3212,22,3337.0,20368960499999.984,4.082948306021805,3.0615,1.0214483060218051
2016-12-07,831884903941.0,3356,3212,35,3338.0,20609256399999.977,4.036462489452075,3.0615,0.9749624894520744
2016-12-08,832330182050.0,3356,3211,41,3338.0,20631235000000.08,4.034320689236475,3.0615,0.972820689236475
2016-12-09,832066284484.0,3356,3210,31,3338.0,20750114399999.992,4.009935889722133,3.0615,0.9484358897221328
2016-12-10,832066284484.0,3356,3210,0,3338.0,20750114399999.992,4.009935889722133,3.0615,0.9484358897221328
2016-12-11,832066284484.0,3356,3210,0,3338.0,20750114399999.992,4.009935889722133,3.0615,0.9484358897221328
2016-12-12,832127364779.0,3356,3210,21,3338.0,20715767600000.05,4.016879223818855,3.0615,0.9553792238188552
2016-12-13,831192344125.0,3356,3210,17,3338.0,20843209299999.96,3.987832834001248,3.0615,0.926332834001248
2016-12-14,831422953959.0,3356,3209,15,3338.0,20654194900000.008,4.025443538150207,3.0615,0.9639435381502072
2016-12-15,832622884229.0,3356,3210,21,3338.0,20717003299999.99,4.019031479465954,3.0615,0.957531479465954
2016-12-16,834596917679.0,3355,3209,10,3337.0,20706062600000.027,4.030688662551415,3.0615,0.969188662551415
2016-12-17,834668110679.0,3354,3208,0,3337.0,20706062600000.027,4.0310324893879095,3.0615,0.9695324893879094
2016-12-18,834668110679.0,3354,3208,0,3337.0,20706062600000.027,4.0310324893879095,3.0615,0.9695324893879094
2016-12-19,834889411679.0,3354,3208,5,3336.0,20755809199999.98,4.022437302415561,3.0615,0.960937302415561
2016-12-20,835159948267.0,3353,3207,10,3335.0,20821001800000.023,4.011142001183627,3.0615,0.9496420011836268
2016-12-21,835509812456.0,3352,3206,11,3334.0,20770771999999.965,4.022526521671902,3.0615,0.961026521671902
2016-12-22,835416074893.0,3352,3206,9,3334.0,20704294700000.0,4.03498929568946,3.0615,0.97348929568946
2016-12-23,836347645439.0,3352,3207,12,3334.0,20746515299999.99,4.031268062829811,3.0615,0.9697680628298112
2016-12-24,836347645439.0,3352,3207,0,3334.0,20746515299999.99,4.031268062829811,3.0615,0.9697680628298112
2016-12-25,836347645439.0,3352,3207,0,3334.0,20746515299999.99,4.031268062829811,3.0615,0.9697680628298112
2016-12-26,836347645439.0,3352,3207,0,3334.0,20746515299999.99,4.031268062829811,3.0615,0.9697680628298112
2016-12-27,836340395439.0,3352,3207,2,3334.0,20803981000000.02,4.020097862226462,3.0615,0.9585978622264616
2016-12-28,836342953501.0,3352,3207,2,3334.0,20624896200000.035,4.055016545979022,3.0615,0.993516545979022
2016-12-29,836351521948.0,3353,3207,10,3335.0,20637679400000.008,4.052546343694048,3.0615,0.9910463436940478
2016-12-30,836353050948.0,3353,3207,5,3335.0,20520889400000.023,4.075617945428813,3.0615,1.0141179454288127
2016-12-31,836353050948.0,3353,3207,0,3335.0,20520889400000.023,4.075617945428813,3.0615,1.0141179454288127
2017-01-01,836353050948.0,3353,3207,0,3335.0,20520889400000.023,4.075617945428813,3.0615,1.0141179454288127
2017-01-02,836353050948.0,3353,3207,0,3335.0,20520889400000.023,4.075617945428813,3.0615,1.0141179454288127
2017-01-03,836350602948.0,3355,3208,0,3337.0,20691332200000.05,4.042033615157935,3.0462,0.9958336151579354
2017-01-04,836427906948.0,3357,3208,8,3339.0,20850428500000.004,4.011562193784171,3.0462,0.9653621937841708
2017-01-05,835715434948.0,3357,3207,14,3339.0,20818355699999.973,4.0143200884400345,3.0462,0.9681200884400348
2017-01-06,835920073948.0,3356,3206,15,3338.0,20866642099999.99,4.006011460502313,3.0462,0.9598114605023128
2017-01-07,835893194948.0,3355,3205,0,3338.0,20866642099999.99,4.005882647251617,3.0462,0.9596826472516176
2017-01-08,835893194948.0,3355,3205,0,3338.0,20866642099999.99,4.005882647251617,3.0462,0.9596826472516176
2017-01-09,835531066663.0,3356,3205,17,3338.0,20811287800000.023,4.014797520905934,3.0462,0.9685975209059344
2017-01-10,835421345037.0,3356,3205,6,3338.0,20821988900000.0,4.012207234617246,3.0462,0.966007234617246
2017-01-11,834575134552.0,3355,3203,8,3337.0,20866647500000.01,3.999565021415153,3.0462,0.9533650214151534
2017-01-12,834520217409.0,3355,3203,8,3337.0,20827180700000.016,4.006880381121384,3.0462,0.9606803811213842
2017-01-13,834483932450.0,3356,3202,10,3338.0,20878685299999.957,3.996822215860506,3.0462,0.9506222158605064
2017-01-14,833959232450.0,3355,3201,0,3338.0,20878685299999.957,3.994309126590465,3.0462,0.9481091265904652
2017-01-15,833959232450.0,3355,3201,0,3338.0,20878685299999.957,3.994309126590465,3.0462,0.9481091265904652
2017-01-16,833959232450.0,3355,3201,0,3338.0,20878685299999.957,3.994309126590465,3.0462,0.9481091265904652
2017-01-17,834006441355.0,3355,3201,12,3337.0,20845094999999.99,4.000972129678472,3.0462,0.9547721296784716
2017-01-18,833879371672.0,3354,3200,3,3336.0,20870217500000.004,3.995547107604412,3.0462,0.9493471076044124
2017-01-19,833881141672.0,3354,3200,5,3336.0,20795846799999.977,4.009844608357092,3.0462,0.9636446083570922
2017-01-20,832494946632.0,3354,3199,8,3336.0,20853130399999.992,3.9921821360307623,3.0462,0.945982136030763
2017-01-21,832426485632.0,3353,3198,0,3336.0,20853130399999.992,3.991853835201646,3.0462,0.945653835201646
2017-01-22,832426485632.0,3353,3198,0,3336.0,20853130399999.992,3.991853835201646,3.0462,0.945653835201646
2017-01-23,832419896932.0,3353,3198,3,3335.0,20815473800000.008,3.999043715891779,3.0462,0.9528437158917792
2017-01-24,832367766932.0,3352,3197,2,3334.0,20975608900000.027,3.968265097334071,3.0462,0.9220650973340708
2017-01-25,831341719818.0,3354,3198,12,3336.0,21124387299999.99,3.935459561556138,3.0462,0.8892595615561381
2017-01-26,833098287852.0,3354,3197,18,3336.0,21091027099999.992,3.950012884161532,3.0462,0.9038128841615324
2017-01-27,833337882915.0,3357,3196,21,3339.0,21075076500000.004,3.9541393024836697,3.0462,0.90793930248367
2017-01-28,833337882915.0,3357,3196,0,3339.0,21075076500000.004,3.9541393024836697,3.0462,0.90793930248367
2017-01-29,833337882915.0,3357,3196,0,3339.0,21075076500000.004,3.9541393024836697,3.0462,0.90793930248367
2017-01-30,833598582912.0,3358,3196,10,3340.0,20921655900000.06,3.984381479632297,3.0462,0.9381814796322968
2017-01-31,831618589912.0,3358,3196,16,3340.0,20935741700000.004,3.9722432662225664,3.0462,0.9260432662225666
2017-02-01,832638369916.0,3360,3196,23,3342.0,20942502900000.023,3.975830271538361,3.0462,0.9296302715383612
2017-02-02,833792689521.0,3359,3194,43,3340.0,20954818800000.0,3.979002144943387,3.0462,0.9328021449433876
2017-02-03,840625440844.0,3361,3194,55,3342.0,21076942500000.062,3.988365204507236,3.0902,0.8981652045072357
2017-02-04,840535567844.0,3360,3193,0,3342.0,21076942500000.062,3.987938800155655,3.0902,0.897738800155655
2017-02-05,840535567844.0,3360,3193,0,3342.0,21076942500000.062,3.987938800155655,3.0902,0.897738800155655
2017-02-06,841525456561.0,3360,3193,31,3341.0,21020872300000.035,4.003285137510676,3.0902,0.913085137510676
2017-02-07,842005283407.0,3361,3193,50,3341.0,21016917000000.02,4.006321590397865,3.0902,0.9161215903978648
2017-02-08,838024472639.0,3361,3193,61,3341.0,21060237899999.97,3.979178566824268,3.0902,0.8889785668242682
2017-02-09,835359510939.0,3360,3193,116,3340.0,21185998600000.023,3.942979166150795,3.0902,0.8527791661507953
2017-02-10,836677732481.0,3362,3192,42,3342.0,21271630000000.016,3.9333033363263614,3.0902,0.8431033363263625
2017-02-11,836278502481.0,3359,3189,0,3342.0,21271630000000.016,3.9314265172955687,3.0902,0.8412265172955689
2017-02-12,836278502481.0,3359,3189,0,3342.0,21271630000000.016,3.9314265172955687,3.0902,0.8412265172955689
2017-02-13,835784013158.0,3360,3189,36,3340.0,21343173500000.0,3.915931307769204,3.0902,0.8257313077692041
2017-02-14,836122414784.0,3360,3190,78,3340.0,21401840199999.973,3.906778141367494,3.0902,0.816578141367494
2017-02-15,837960505461.0,3362,3191,52,3342.0,21503618500000.016,3.89683487670226,3.0902,0.80663487670226
2017-02-16,811202069105.0,3361,3190,48,3341.0,21455318900000.027,3.780890290588964,3.0902,0.690690290588964
2017-02-17,812104320105.0,3359,3188,90,3339.0,21512065599999.984,3.775110838751815,3.0902,0.684910838751815
2017-02-18,812105510105.0,3358,3187,0,3339.0,21512065599999.984,3.775116370531152,3.0902,0.6849163705311523
2017-02-19,812105510105.0,3358,3187,0,3339.0,21512065599999.984,3.775116370531152,3.0902,0.6849163705311523
2017-02-20,812105510105.0,3358,3187,0,3339.0,21512065599999.984,3.775116370531152,3.0902,0.6849163705311523
2017-02-21,810592247671.0,3358,3187,93,3338.0,21648843600000.01,3.744275041420686,3.0902,0.6540750414206862
2017-02-22,830021514150.0,3358,3188,94,3338.0,21616308799999.992,3.839793009202386,3.0902,0.7495930092023868
2017-02-23,843072918633.0,3358,3190,160,3338.0,21582853299999.945,3.906216230608407,3.0902,0.8160162306084069
2017-02-24,844584716228.0,3356,3189,204,3336.0,21629378600000.008,3.904803424301796,3.0902,0.8146034243017959
2017-02-25,844542822228.0,3355,3188,0,3336.0,21629378600000.008,3.9046097340401618,3.0902,0.8144097340401619
2017-02-26,844542822228.0,3355,3188,0,3336.0,21629378600000.008,3.9046097340401618,3.0902,0.8144097340401619
2017-02-27,842834263782.0,3355,3190,117,3335.0,21675646499999.984,3.888392735054064,3.0902,0.7981927350540645
2017-02-28,845070351843.0,3353,3190,210,3332.0,21571853700000.0,3.917467472176487,3.0902,0.8272674721764872
2017-03-01,849127205731.0,3350,3188,207,3330.0,21849379099999.992,3.886276135558471,3.0902,0.7960761355584713
2017-03-02,851355416116.0,3351,3192,65,3330.0,21752179699999.965,3.913885540932716,3.0902,0.8236855409327157
2017-03-03,850907854863.0,3350,3193,68,3329.0,21759038999999.98,3.910594833085234,3.0713,0.8392948330852334
2017-03-04,850907854863.0,3350,3193,0,3329.0,21759038999999.98,3.910594833085234,3.0713,0.8392948330852334
2017-03-05,850907854863.0,3350,3193,0,3329.0,21759038999999.98,3.910594833085234,3.0713,0.8392948330852334
2017-03-06,850492044343.0,3351,3195,49,3329.0,21671495399999.977,3.9244732707416254,3.0713,0.8531732707416255
2017-03-07,850653476843.0,3350,3195,49,3328.0,21587391300000.01,3.9405107593662767,3.0713,0.8692107593662768
2017-03-08,851399198621.0,3349,3196,62,3327.0,21524101099999.96,3.9555621610651217,3.0713,0.8842621610651218
2017-03-09,850677108878.0,3351,3198,95,3329.0,21514657200000.016,3.9539421937803376,3.0713,0.8826421937803377
2017-03-10,850550680929.0,3353,3202,112,3331.0,21596387700000.0,3.9383932755059776,3.0713,0.8670932755059777
2017-03-11,849343909629.0,3350,3199,0,3331.0,21596387700000.0,3.932805436850904,3.0713,0.8615054368509045
2017-03-12,849343909629.0,3350,3199,0,3331.0,21596387700000.0,3.932805436850904,3.0713,0.8615054368509045
2017-03-13,849378500135.0,3351,3202,79,3329.0,21594007300000.023,3.933399152527836,3.0713,0.8620991525278363
2017-03-14,849108137853.0,3351,3205,69,3329.0,21504440399999.98,3.9485246863387378,3.0713,0.8772246863387378
2017-03-15,848881891328.0,3352,3210,106,3330.0,21739965600000.043,3.904706690649034,3.0713,0.833406690649034
2017-03-16,849623195007.0,3353,3216,132,3331.0,21712652700000.0,3.913032676136344,3.0713,0.8417326761363437
2017-03-17,848526040534.0,3354,3215,31,3332.0,21725373500000.023,3.90569138217117,3.0713,0.8343913821711699
2017-03-18,848526040534.0,3354,3215,0,3332.0,21725373500000.023,3.90569138217117,3.0713,0.8343913821711699
2017-03-19,848526040534.0,3354,3215,0,3332.0,21725373500000.023,3.90569138217117,3.0713,0.8343913821711699
2017-03-20,848662901227.0,3354,3216,21,3332.0,21705592800000.004,3.9098812414236384,3.0713,0.8385812414236384
2017-03-21,848635341173.0,3354,3217,17,3332.0,21434720999999.97,3.9591620584797966,3.0713,0.8878620584797967
2017-03-22,847008372301.0,3352,3216,21,3330.0,21477465099999.992,3.943707361913024,3.0713,0.8724073619130239
2017-03-23,845913889935.0,3353,3217,38,3331.0,21466702700000.016,3.9405860404215662,3.0713,0.8692860404215663
2017-03-24,845617138406.0,3353,3215,44,3332.0,21461141100000.0,3.940224494428211,3.0713,0.8689244944282115
2017-03-25,845617138406.0,3353,3215,0,3332.0,21461141100000.0,3.940224494428211,3.0713,0.8689244944282115
2017-03-26,845617138406.0,3353,3215,0,3332.0,21461141100000.0,3.940224494428211,3.0713,0.8689244944282115
2017-03-27,845348152174.0,3354,3218,26,3333.0,21462140500000.016,3.938787709334022,3.0713,0.8674877093340219
2017-03-28,846345898105.0,3353,3218,47,3332.0,21596928100000.043,3.918825372692695,3.0713,0.847525372692695
2017-03-29,846761581293.0,3353,3219,45,3332.0,21667607799999.99,3.9079606254133896,3.0713,0.8366606254133897
2017-03-30,847165456521.0,3353,3221,65,3332.0,21706186599999.99,3.9028755816602096,3.0713,0.8315755816602097
2017-03-31,847127775077.0,3351,3224,134,3331.0,21695704100000.062,3.9045876140843823,3.0713,0.8332876140843823
2017-04-01,846473775077.0,3350,3223,0,3331.0,21695704100000.062,3.901573192441344,3.0713,0.8302731924413442
2017-04-02,846473775077.0,3350,3223,0,3331.0,21695704100000.062,3.901573192441344,3.0713,0.8302731924413442
2017-04-03,846448451103.0,3352,3224,18,3332.0,21641702199999.984,3.911191658034185,2.9532,0.9579916580341848
2017-04-04,846841057307.0,3350,3222,16,3330.0,21654079000000.01,3.9107692241586425,2.9532,0.9575692241586428
2017-04-05,847503271022.0,3350,3221,12,3330.0,21566673200000.0,3.929689401618049,2.9532,0.976489401618049
2017-04-06,847052261582.0,3348,3218,12,3328.0,21626922900000.008,3.916656407842466,2.9532,0.9634564078424664
2017-04-07,847134023511.0,3350,3218,20,3330.0,21625443900000.02,3.9173023565587903,2.9532,0.9641023565587904
2017-04-08,847126455178.0,3349,3217,0,3330.0,21625443900000.02,3.917267359205511,2.9532,0.9640673592055112
2017-04-09,847126455178.0,3349,3217,0,3330.0,21625443900000.02,3.917267359205511,2.9532,0.9640673592055112
2017-04-10,847687353236.0,3349,3217,12,3329.0,21660696800000.008,3.913481459359145,2.9532,0.9602814593591452
2017-04-11,847754903962.0,3350,3217,12,3330.0,21655882199999.992,3.914663444013379,2.9532,0.9614634440133792
2017-04-12,845984338656.0,3347,3213,12,3327.0,21547884600000.05,3.9260667780632064,2.9532,0.9728667780632064
2017-04-13,845735464625.0,3350,3212,11,3330.0,21409589500000.027,3.950264738261324,2.9532,0.9970647382613244
2017-04-14,845804535549.0,3348,3210,19,3330.0,21409589500000.027,3.9505873550214448,2.9532,0.9973873550214448
2017-04-15,845804535549.0,3348,3210,0,3330.0,21409589500000.027,3.9505873550214448,2.9532,0.9973873550214448
2017-04-16,845804535549.0,3348,3210,0,3330.0,21409589500000.027,3.9505873550214448,2.9532,0.9973873550214448
2017-04-17,845607119219.0,3348,3211,31,3328.0,21574714499999.9,3.9194359638872807,2.9532,0.9662359638872808
2017-04-18,844992033044.0,3348,3211,8,3328.0,21541029600000.023,3.9227095860079,2.9532,0.9695095860079
2017-04-19,845193972062.0,3348,3211,10,3328.0,21522239799999.99,3.927072553396605,2.9532,0.9738725533966056
2017-04-20,844706369600.0,3348,3211,14,3328.0,21665611700000.023,3.8988346200259794,2.9532,0.9456346200259796
2017-04-21,845708830600.0,3347,3209,16,3327.0,21612780400000.027,3.913003394047343,2.9532,0.9598033940473432
2017-04-22,845708830600.0,3347,3209,0,3327.0,21612780400000.027,3.913003394047343,2.9532,0.9598033940473432
2017-04-23,845708830600.0,3347,3209,0,3327.0,21612780400000.027,3.913003394047343,2.9532,0.9598033940473432
2017-04-24,846710174905.0,3347,3209,22,3327.0,21813724400000.0,3.881547962093992,2.9532,0.9283479620939924
2017-04-25,843213851132.0,3346,3208,43,3326.0,21952589399999.938,3.8410678383662673,2.9532,0.8878678383662675
2017-04-26,845362360232.0,3346,3208,65,3326.0,21946953500000.03,3.85184376606985,2.9532,0.8986437660698501
2017-04-27,842741921335.0,3347,3208,131,3327.0,21970468100000.0,3.835794110071783,2.9532,0.8825941100717829
2017-04-28,853556638335.0,3347,3202,120,3327.0,21924398600000.01,3.893181536733233,2.9532,0.9399815367332334
2017-04-29,853556693335.0,3346,3201,0,3327.0,21924398600000.01,3.893181787595303,2.9532,0.9399817875953028
2017-04-30,853556693335.0,3346,3201,0,3327.0,21924398600000.01,3.893181787595303,2.9532,0.9399817875953028
2017-05-01,854606460879.0,3346,3201,59,3326.0,21971188000000.0,3.889668873977138,2.9532,0.9364688739771384
2017-05-02,861447553251.0,3345,3199,138,3325.0,21970007500000.004,3.921016200158329,2.9532,0.967816200158329
2017-05-03,874593348774.0,3343,3197,198,3323.0,21885892800000.01,3.9961511132595855,2.9681,1.028051113259585
2017-05-04,875040722257.0,3344,3197,356,3324.0,21895095500000.03,3.996514754900241,2.9681,1.0284147549002411
2017-05-05,880808719135.0,3345,3195,282,3325.0,22040201499999.984,3.996373259722696,2.9681,1.0282732597226962
2017-05-06,880687525135.0,3341,3191,0,3325.0,22040201499999.984,3.995823382717262,2.9681,1.0277233827172618
2017-05-07,880687525135.0,3341,3191,0,3325.0,22040201499999.984,3.995823382717262,2.9681,1.0277233827172618
2017-05-08,888247555156.0,3342,3190,188,3322.0,22023279199999.938,4.0332211524431045,2.9681,1.0651211524431043
2017-05-09,885119403373.0,3340,3188,325,3320.0,22021079699999.992,4.019418736189399,2.9681,1.051318736189399
2017-05-10,882058183561.0,3341,3187,377,3321.0,22083184500000.004,3.99425265663564,2.9681,1.0261526566356398
2017-05-11,882053267561.0,3339,3185,134,3319.0,22027746900000.03,4.004282741967581,2.9681,1.0361827419675804
2017-05-12,881782006304.0,3344,3183,149,3324.0,21998602300000.043,4.008354686715703,2.9681,1.0402546867157023
2017-05-13,881783814304.0,3343,3182,0,3324.0,21998602300000.043,4.00836290541967,2.9681,1.0402629054196697
2017-05-14,881783814304.0,3343,3182,0,3324.0,21998602300000.043,4.00836290541967,2.9681,1.0402629054196697
2017-05-15,881993837150.0,3343,3183,239,3323.0,22102339099999.973,3.990499979027112,2.9681,1.0223999790271114
2017-05-16,881963821163.0,3342,3182,25,3322.0,22082724099999.98,3.9939086191046544,2.9681,1.0258086191046545
2017-05-17,882039966163.0,3343,3182,12,3323.0,21688891300000.02,4.066782178778309,2.9681,1.0986821787783092
2017-05-18,881994024746.0,3341,3180,8,3321.0,21779179899999.957,4.049711829351306,2.9681,1.081611829351306
2017-05-19,882036957711.0,3341,3180,17,3321.0,21931816600000.016,4.021723206052158,2.9681,1.053623206052158
2017-05-20,882036957711.0,3341,3180,0,3321.0,21931816600000.016,4.021723206052158,2.9681,1.053623206052158
2017-05-21,882036957711.0,3341,3180,0,3321.0,21931816600000.016,4.021723206052158,2.9681,1.053623206052158
2017-05-22,881424292778.0,3341,3180,26,3321.0,22058318199999.992,3.995881665983041,2.9681,1.0277816659830403
2017-05-23,882755145779.0,3340,3179,13,3320.0,22071857000000.008,3.999460243780121,2.9681,1.0313602437801208
2017-05-24,882984314779.0,3342,3179,17,3322.0,22135287699999.984,3.9890347337974768,2.9681,1.0209347337974766
2017-05-25,883438902779.0,3344,3179,28,3324.0,22222091199999.97,3.975498502044674,2.9681,1.0073985020446732
2017-05-26,883816273156.0,3344,3179,17,3324.0,22233859800000.01,3.975091509554268,2.9681,1.006991509554268
2017-05-27,883816273156.0,3344,3179,0,3324.0,22233859800000.01,3.975091509554268,2.9681,1.006991509554268
2017-05-28,883816273156.0,3344,3179,0,3324.0,22233859800000.01,3.975091509554268,2.9681,1.006991509554268
2017-05-29,883816273156.0,3344,3179,0,3324.0,22233859800000.01,3.975091509554268,2.9681,1.006991509554268
2017-05-30,883979033357.0,3344,3179,13,3324.0,22196953999999.984,3.982433956285176,2.9681,1.0143339562851756
2017-05-31,884063024357.0,3344,3179,11,3324.0,22211151399999.99,3.980266526646613,2.9681,1.0121665266466129
2017-06-01,882243887065.0,3344,3178,17,3324.0,22391827099999.984,3.940026345884926,2.9681,0.971926345884926
2017-06-02,882795112065.0,3345,3178,25,3325.0,22498336000000.035,3.923824019985294,2.9681,0.955724019985294
2017-06-03,882795112065.0,3345,3178,0,3325.0,22498336000000.035,3.923824019985294,2.81,1.113824019985294
2017-06-04,882795112065.0,3345,3178,0,3325.0,22498336000000.035,3.923824019985294,2.81,1.113824019985294
2017-06-05,883247463065.0,3345,3178,14,3325.0,22449584600000.04,3.9343599394039495,2.81,1.1243599394039494
2017-06-06,883415412402.0,3345,3178,19,3325.0,22396350800000.0,3.944461400390282,2.81,1.134461400390281
2017-06-07,883362827272.0,3345,3177,35,3325.0,22393574600000.004,3.9447155849428337,2.81,1.1347155849428336
2017-06-08,883479359213.0,3344,3177,40,3324.0,22389864199999.965,3.9458897620870848,2.81,1.1358897620870847
2017-06-09,883423708726.0,3345,3178,21,3325.0,22287744699999.973,3.963719616395288,2.81,1.153719616395288
2017-06-10,883423708726.0,3345,3178,0,3325.0,22287744699999.973,3.963719616395288,2.81,1.153719616395288
2017-06-11,883423708726.0,3345,3178,0,3325.0,22287744699999.973,3.963719616395288,2.81,1.153719616395288
2017-06-12,883429014054.0,3346,3178,10,3325.0,22264449799999.99,3.9678906148132183,2.81,1.1578906148132186
2017-06-13,883524112949.0,3348,3179,19,3327.0,22381572500000.05,3.947551553622955,2.81,1.1375515536229548
2017-06-14,883581591977.0,3349,3180,25,3328.0,22318605200000.0,3.95894628745438,2.81,1.14894628745438
2017-06-15,883590016977.0,3349,3179,2,3328.0,22230675599999.992,3.9746431142065712,2.81,1.1646431142065712
2017-06-16,883566526977.0,3348,3178,7,3327.0,22228142999999.965,3.974990294857296,2.81,1.164990294857296
2017-06-17,882438518058.0,3346,3176,0,3327.0,22228142999999.965,3.9699156067963095,2.81,1.1599156067963097
2017-06-18,882438518058.0,3346,3176,0,3327.0,22228142999999.965,3.9699156067963095,2.81,1.1599156067963097
2017-06-19,882341133725.0,3346,3176,9,3325.0,22365696199999.99,3.945064467633252,2.81,1.1350644676332515
2017-06-20,882272982725.0,3347,3176,7,3326.0,22196639099999.99,3.9748043780420814,2.81,1.1648043780420814
2017-06-21,882272982725.0,3347,3176,5,3326.0,22210186199999.977,3.972379946661595,2.81,1.162379946661595
2017-06-22,882193652725.0,3348,3174,6,3327.0,22269168800000.0,3.961502383173817,2.81,1.151502383173817
2017-06-23,882192973687.0,3349,3174,7,3328.0,22363199000000.027,3.944842478426271,2.81,1.1348424784262705
2017-06-24,882192973687.0,3349,3174,0,3328.0,22363199000000.027,3.944842478426271,2.81,1.1348424784262705
2017-06-25,882192973687.0,3349,3174,0,3328.0,22363199000000.027,3.944842478426271,2.81,1.1348424784262705
2017-06-26,882227866687.0,3350,3174,6,3329.0,22359697200000.07,3.945616341740966,2.81,1.135616341740966
2017-06-27,883176512974.0,3351,3173,7,3330.0,22124075200000.04,3.9919251086888297,2.81,1.1819251086888296
2017-06-28,883068951098.0,3352,3173,14,3331.0,22330161600000.05,3.954601703813903,2.81,1.144601703813903
2017-06-29,882524074076.0,3355,3172,22,3334.0,22092965899999.984,3.994593021464812,2.81,1.1845930214648122
2017-06-30,884893705900.0,3358,3172,11,3338.0,22140949900000.035,3.996638400324453,2.81,1.186638400324453
2017-07-01,883765167900.0,3355,3169,0,3338.0,22140949900000.035,3.991541338070588,2.81,1.181541338070588
2017-07-02,883765167900.0,3355,3169,0,3338.0,22140949900000.035,3.991541338070588,2.81,1.181541338070588
2017-07-03,883680566900.0,3355,3169,1,3335.0,22147471000000.05,3.989984079446352,2.8669,1.1230840794463526
2017-07-04,879546346900.0,3353,3167,0,3335.0,22147471000000.05,3.971317298033703,2.8669,1.1044172980337028
2017-07-05,879431259900.0,3354,3167,3,3334.0,22169365500000.01,3.9668760925972353,2.8669,1.0999760925972355
2017-07-06,879373736781.0,3355,3168,9,3335.0,21937987199999.98,4.0084522283840185,2.8669,1.1415522283840187
2017-07-07,879514828495.0,3355,3168,15,3335.0,22099287199999.938,3.97983346944784,2.8669,1.1129334694478406
2017-07-08,879470758495.0,3353,3167,0,3335.0,22099287199999.938,3.979634051251221,2.8669,1.1127340512512207
2017-07-09,879470758495.0,3353,3167,0,3335.0,22099287199999.938,3.979634051251221,2.8669,1.1127340512512207
2017-07-10,879465711847.0,3353,3167,9,3333.0,22108240499999.973,3.977999569196839,2.8669,1.1110995691968393
2017-07-11,879080711847.0,3353,3167,4,3333.0,22128738400000.023,3.972574920253922,2.8669,1.105674920253922
2017-07-12,878796932847.0,3354,3166,5,3334.0,22311452899999.965,3.938770535409648,2.8669,1.0718705354096478
2017-07-13,878014020847.0,3354,3166,5,3334.0,22338124700000.008,3.930562805243001,2.8669,1.063662805243001
2017-07-14,877994421744.0,3354,3165,15,3334.0,22477609599999.984,3.906084487489277,2.8669,1.0391844874892775
2017-07-15,877994421744.0,3354,3165,0,3334.0,22477609599999.984,3.906084487489277,2.8669,1.0391844874892775
2017-07-16,877994421744.0,3354,3165,0,3334.0,22477609599999.984,3.906084487489277,2.8669,1.0391844874892775
2017-07-17,878319588715.0,3354,3165,10,3334.0,22487425300000.023,3.905825486900001,2.8669,1.0389254869000015
2017-07-18,878034521966.0,3352,3163,2,3332.0,22486968899999.977,3.904637062783508,2.8669,1.037737062783508
2017-07-19,874543249478.0,3354,3163,9,3334.0,22636912600000.062,3.8633503823220026,2.8669,0.9964503823220028
2017-07-20,873918296650.0,3356,3162,13,3336.0,22624225999999.977,3.8627544502516944,2.8669,0.9958544502516946
2017-07-21,874064623152.0,3356,3161,17,3336.0,22592877600000.016,3.868761822318727,2.8669,1.0018618223187268
2017-07-22,874064623152.0,3356,3161,0,3336.0,22592877600000.016,3.868761822318727,2.8669,1.0018618223187268
2017-07-23,874064623152.0,3356,3161,0,3336.0,22592877600000.016,3.868761822318727,2.8669,1.0018618223187268
2017-07-24,872857455488.0,3356,3161,19,3336.0,22577692899999.97,3.8660170432560057,2.8669,0.999117043256006
2017-07-25,867116891554.0,3355,3161,39,3335.0,22535589699999.965,3.847766590967004,2.8669,0.9808665909670043
2017-07-26,865634560064.0,3354,3160,63,3334.0,22538507999999.945,3.840691495923342,2.8669,0.9737914959233422
2017-07-27,873844917997.0,3354,3160,141,3334.0,22506845799999.99,3.8825738877946216,2.8669,1.015673887794622
2017-07-28,884232306826.0,3354,3159,111,3334.0,22472917600000.023,3.9346573620952494,2.8669,1.0677573620952496
2017-07-29,884238892826.0,3352,3157,0,3334.0,22472917600000.023,3.9346866684813504,2.8669,1.0677866684813506
2017-07-30,884238892826.0,3352,3157,0,3334.0,22472917600000.023,3.9346866684813504,2.8669,1.0677866684813506
2017-07-31,887789314538.0,3352,3157,65,3332.0,22416685500000.04,3.960395101845001,2.8669,1.0934951018450008
2017-08-01,889050254618.0,3352,3156,128,3332.0,22447613200000.05,3.9605558359228943,2.8669,1.0936558359228945
2017-08-02,895021875569.0,3351,3157,195,3331.0,22410992799999.99,3.9936734778166567,2.8669,1.126773477816657
2017-08-03,892138585281.0,3351,3159,348,3331.0,22366826500000.027,3.9886685993696913,2.7972,1.1914685993696912
2017-08-04,887623631770.0,3349,3157,295,3329.0,22410594099999.98,3.96073226711112,2.7972,1.1635322671111197
2017-08-05,887623631770.0,3349,3157,0,3329.0,22410594099999.98,3.96073226711112,2.7972,1.1635322671111197
2017-08-06,887623631770.0,3349,3157,0,3329.0,22410594099999.98,3.96073226711112,2.7972,1.1635322671111197
2017-08-07,883725870340.0,3349,3159,171,3329.0,22457645100000.05,3.935078083231433,2.7972,1.137878083231433
2017-08-08,886146000969.0,3348,3162,321,3328.0,22382718900000.023,3.959063261831873,2.7972,1.161863261831873
2017-08-09,886137706773.0,3349,3163,387,3329.0,22365447700000.016,3.962083472055869,2.7972,1.1648834720558685
2017-08-10,884737897442.0,3347,3164,142,3327.0,22028195400000.016,4.016388457503874,2.7972,1.2191884575038738
2017-08-11,884558754332.0,3348,3170,122,3328.0,22093498899999.938,4.003706060030186,2.7972,1.2065060600301862
2017-08-12,884558754332.0,3348,3170,0,3328.0,22093498899999.938,4.003706060030186,2.7972,1.2065060600301862
2017-08-13,884558754332.0,3348,3170,0,3328.0,22093498899999.938,4.003706060030186,2.7972,1.2065060600301862
2017-08-14,884837511930.0,3348,3172,254,3328.0,22311699999999.977,3.9658005079397847,2.7972,1.1686005079397843
2017-08-15,885210154603.0,3346,3170,24,3326.0,22259044600000.01,3.976856017454584,2.7972,1.1796560174545836
2017-08-16,885188589368.0,3345,3169,5,3325.0,22303755199999.977,3.96878723529032,2.7972,1.1715872352903198
2017-08-17,884978476183.0,3344,3167,6,3324.0,21957861799999.94,4.030349057862284,2.7972,1.233149057862284
2017-08-18,885004902411.0,3345,3167,17,3325.0,21911625399999.992,4.0389742260334565,2.7972,1.2417742260334563
2017-08-19,884941733411.0,3344,3166,0,3325.0,21911625399999.992,4.038685936146939,2.7972,1.2414859361469386
2017-08-20,884941733411.0,3344,3166,0,3325.0,21911625399999.992,4.038685936146939,2.7972,1.2414859361469386
2017-08-21,884993413702.0,3345,3167,32,3325.0,21933852399999.984,4.034828891718085,2.7972,1.237628891718085
2017-08-22,885024932702.0,3346,3168,9,3326.0,22163624400000.062,3.9931417205481856,2.7972,1.1959417205481857
2017-08-23,885379097702.0,3344,3166,8,3324.0,22103243399999.977,4.005652390825144,2.7972,1.208452390825144
2017-08-24,885972030654.0,3345,3166,20,3325.0,22066233500000.05,4.015057806099976,2.7972,1.2178578060999756
2017-08-25,885575602691.0,3345,3166,19,3325.0,22100335700000.008,4.0070685563884885,2.7972,1.2098685563884883
2017-08-26,885575602691.0,3345,3166,0,3325.0,22100335700000.008,4.0070685563884885,2.7972,1.2098685563884883
2017-08-27,885575602691.0,3345,3166,0,3325.0,22100335700000.008,4.0070685563884885,2.7972,1.2098685563884883
2017-08-28,885622056691.0,3345,3166,7,3325.0,22128797699999.94,4.002124601152652,2.7972,1.2049246011526522
2017-08-29,885115494681.0,3345,3165,19,3325.0,22156676499999.95,3.994802626111375,2.7972,1.197602626111375
2017-08-30,884709064681.0,3344,3164,13,3324.0,22284580800000.0,3.9700502900238535,2.7972,1.172850290023853
2017-08-31,881093749681.0,3343,3163,24,3323.0,22458592900000.008,3.923192132312972,2.7972,1.1259921323129718
2017-09-01,881158752681.0,3341,3161,21,3321.0,22433697500000.043,3.927835581633381,2.7972,1.1306355816333813
2017-09-02,881158752681.0,3341,3161,0,3321.0,22433697500000.043,3.927835581633381,2.7972,1.1306355816333813
2017-09-03,881158752681.0,3341,3161,0,3321.0,22433697500000.043,3.927835581633381,2.777,1.1508355816333813
2017-09-04,881158752681.0,3341,3161,0,3321.0,22433697500000.043,3.927835581633381,2.777,1.1508355816333813
2017-09-05,881104672557.0,3341,3161,12,3321.0,22309812799999.99,3.949404149894976,2.777,1.1724041498949758
2017-09-06,881397820557.0,3340,3161,27,3320.0,22384929900000.02,3.9374607134999295,2.777,1.1604607134999303
2017-09-07,881851202425.0,3340,3161,49,3320.0,22413955899999.99,3.9343844806306616,2.777,1.1573844806306617
2017-09-08,881437603737.0,3341,3162,37,3321.0,22333951600000.016,3.946626282368228,2.777,1.1696262823682275
2017-09-09,881286274737.0,3340,3161,0,3321.0,22333951600000.016,3.945948708588584,2.777,1.168948708588584
2017-09-10,881286274737.0,3340,3161,0,3321.0,22333951600000.016,3.945948708588584,2.777,1.168948708588584
2017-09-11,881286966213.0,3340,3161,13,3320.0,22539859500000.04,3.909904434910069,2.777,1.1329044349100683
2017-09-12,881308270963.0,3339,3160,8,3319.0,22606330500000.08,3.8985021074649726,2.777,1.1215021074649725
2017-09-13,880049114142.0,3336,3157,15,3316.0,22620145800000.04,3.890554561067412,2.777,1.1135545610674114
2017-09-14,879742458482.0,3335,3154,20,3314.0,22591450600000.043,3.894138867213769,2.777,1.117138867213769
2017-09-15,880018021994.0,3336,3154,8,3314.0,22619096800000.06,3.890597532585818,2.777,1.113597532585818
2017-09-16,879844691994.0,3335,3153,0,3314.0,22619096800000.06,3.889831233199363,2.777,1.1128312331993628
2017-09-17,879844691994.0,3335,3153,0,3314.0,22619096800000.06,3.889831233199363,2.777,1.1128312331993628
2017-09-18,880339752501.0,3335,3154,12,3313.0,22644359099999.984,3.887677936095797,2.777,1.1106779360957963
2017-09-19,880295938501.0,3334,3153,3,3312.0,22644342199999.977,3.887487349935036,2.777,1.1104873499350356
2017-09-20,880186641211.0,3335,3152,9,3313.0,22653909200000.035,3.8853631549428074,2.777,1.1083631549428064
2017-09-21,880178041211.0,3337,3152,2,3315.0,22566257899999.934,3.900416476278074,2.777,1.123416476278074
2017-09-22,880170581144.0,3337,3152,7,3315.0,22595307599999.992,3.8953688824488513,2.777,1.1183688824488511
2017-09-23,880165716144.0,3335,3150,0,3315.0,22595307599999.992,3.8953473514297294,2.777,1.1183473514297293
2017-09-24,880165716144.0,3335,3150,0,3315.0,22595307599999.992,3.8953473514297294,2.777,1.1183473514297293
2017-09-25,880089614342.0,3335,3150,10,3313.0,22544937500000.016,3.9037128150920775,2.777,1.126712815092077
2017-09-26,879678081342.0,3334,3149,4,3312.0,22558372200000.08,3.899563645563029,2.777,1.1225636455630283
2017-09-27,879805995041.0,3333,3148,14,3311.0,22663972400000.05,3.8819584647967447,2.777,1.1049584647967443
2017-09-28,879831072013.0,3334,3145,25,3312.0,22693349300000.02,3.877043711714248,2.777,1.1000437117142474
2017-09-29,879833540013.0,3336,3145,6,3314.0,22778992800000.0,3.862477800216874,2.777,1.085477800216874
2017-09-30,879375930013.0,3333,3142,0,3314.0,22778992800000.0,3.860468887864964,2.777,1.0834688878649636
2017-10-01,879375930013.0,3333,3142,0,3314.0,22778992800000.0,3.860468887864964,2.777,1.0834688878649636
2017-10-02,879221076013.0,3334,3142,5,3312.0,22861424799999.945,3.845871741174251,2.777,1.068871741174251
2017-10-03,879085784738.0,3332,3140,7,3310.0,22914039500000.043,3.836450507724744,2.8641,0.9723505077247436
2017-10-04,879441622738.0,3331,3139,3,3309.0,22936574299999.977,3.834232659312167,2.8641,0.9701326593121666
2017-10-05,879875168417.0,3330,3137,7,3308.0,23043797800000.016,3.818273255361577,2.8641,0.9541732553615768
2017-10-06,879726560209.0,3331,3135,10,3308.0,23014430499999.99,3.822499801630983,2.8641,0.9583998016309828
2017-10-07,879726560209.0,3331,3135,0,3308.0,23014430499999.99,3.822499801630983,2.8641,0.9583998016309828
2017-10-08,879726560209.0,3331,3135,0,3308.0,23014430499999.99,3.822499801630983,2.8641,0.9583998016309828
2017-10-09,879726560209.0,3331,3135,0,3308.0,22965872400000.043,3.830581938655195,2.8641,0.9664819386551948
2017-10-10,879930471103.0,3330,3134,15,3307.0,23001740999999.945,3.825495083624332,2.8641,0.9613950836243316
2017-10-11,879161465906.0,3329,3133,6,3306.0,23047518399999.992,3.814560208382349,2.8641,0.9504602083823488
2017-10-12,879244459011.0,3331,3133,8,3307.0,23029890200000.01,3.817840429873172,2.8641,0.953740429873172
2017-10-13,879184122580.0,3330,3131,14,3306.0,23052016199999.99,3.813914214497214,2.8641,0.9498142144972136
2017-10-14,879153600182.0,3328,3129,0,3306.0,23052016199999.99,3.8137818078663352,2.8641,0.9496818078663352
2017-10-15,879153600182.0,3328,3129,0,3306.0,23052016199999.99,3.8137818078663352,2.8641,0.9496818078663352
2017-10-16,879241232429.0,3328,3129,17,3304.0,23071230200000.05,3.810985477614445,2.8641,0.9468854776144444
2017-10-17,878641169268.0,3327,3128,4,3303.0,23096100400000.008,3.804283641181261,2.8641,0.9401836411812609
2017-10-18,881029743786.0,3327,3128,11,3303.0,23098196999999.96,3.814279286759921,2.8641,0.950179286759921
2017-10-19,880574486601.0,3329,3127,19,3305.0,23084566800000.004,3.8145592864276745,2.8641,0.9504592864276744
2017-10-20,880091754666.0,3330,3128,18,3306.0,23175384400000.02,3.7975281854051977,2.8641,0.9334281854051976
2017-10-21,880091754666.0,3330,3128,0,3306.0,23175384400000.02,3.7975281854051977,2.8641,0.9334281854051976
2017-10-22,880091754666.0,3330,3128,0,3306.0,23175384400000.02,3.7975281854051977,2.8641,0.9334281854051976
2017-10-23,880712834314.0,3331,3128,19,3306.0,23052361499999.984,3.8204885617206754,2.8641,0.9563885617206752
2017-10-24,878824835714.0,3331,3128,21,3306.0,23065442599999.938,3.810136449382517,2.8641,0.9460364493825164
2017-10-25,880822737180.0,3332,3128,65,3307.0,22933601399999.96,3.8407519247282353,2.8641,0.9766519247282353
2017-10-26,886821038382.0,3334,3128,130,3309.0,22945143799999.98,3.864961780636131,2.8641,1.0008617806361308
2017-10-27,884255126841.0,3335,3129,97,3310.0,23177955799999.97,3.815069518947832,2.8641,0.950969518947832
2017-10-28,884255126841.0,3335,3129,0,3310.0,23177955799999.97,3.815069518947832,2.8641,0.950969518947832
2017-10-29,884255126841.0,3335,3129,0,3310.0,23177955799999.97,3.815069518947832,2.8641,0.950969518947832
2017-10-30,885007423706.0,3335,3129,54,3310.0,23091579600000.062,3.832598025065369,2.8641,0.9684980250653688
2017-10-31,879415218929.0,3334,3130,125,3309.0,23151484200000.02,3.798526311885436,2.8641,0.9344263118854356
2017-11-01,877921266875.0,3332,3128,156,3308.0,23157892000000.027,3.791024100444889,2.8641,0.9269241004448888
2017-11-02,881831314685.0,3336,3130,309,3311.0,23136472600000.027,3.811433704397095,2.8641,0.9473337043970947
2017-11-03,886884512331.0,3338,3133,224,3313.0,23237899700000.027,3.816543335588108,2.8129,1.0036433355881085
2017-11-04,886884512331.0,3338,3133,0,3313.0,23237899700000.027,3.816543335588108,2.8129,1.0036433355881085
2017-11-05,886884512331.0,3338,3133,0,3313.0,23237899700000.027,3.816543335588108,2.8129,1.0036433355881085
2017-11-06,888734087464.0,3339,3133,141,3314.0,23370097700000.0,3.802868515453404,2.8129,0.9899685154534036
2017-11-07,886794789576.0,3337,3136,292,3312.0,23380011300000.043,3.7929613386286016,2.8129,0.9800613386286016
2017-11-08,882481795016.0,3338,3143,324,3314.0,23440948800000.01,3.764701687399272,2.8129,0.9518016873992724
2017-11-09,885958216515.0,3338,3151,449,3314.0,23375656199999.99,3.790089180533894,2.8129,0.977189180533894
2017-11-10,885970023510.0,3338,3150,0,3314.0,23382122199999.992,3.7890915800192007,2.8129,0.9761915800192008
2017-11-11,886435525510.0,3337,3149,0,3314.0,23382122199999.992,3.79108242582874,2.8129,0.9781824258287402
2017-11-12,886435525510.0,3337,3149,0,3314.0,23382122199999.992,3.79108242582874,2.8129,0.9781824258287402
2017-11-13,886755500060.0,3337,3155,152,3313.0,23375321200000.023,3.793554289470038,2.8129,0.980654289470038
2017-11-14,886473409434.0,3335,3158,266,3314.0,23287758599999.99,3.806606830053625,2.8129,0.9937068300536248
2017-11-15,886504743877.0,3335,3157,15,3314.0,23145861000000.043,3.8300789237306767,2.8129,1.0171789237306768
2017-11-16,887064099374.0,3336,3157,15,3314.0,23398776300000.05,3.7910704730913554,2.8129,0.9781704730913554
2017-11-17,886334066286.0,3341,3154,21,3317.0,23376131899999.973,3.7916198885154353,2.8129,0.9787198885154352
2017-11-18,886113379286.0,3339,3152,0,3317.0,23376131899999.973,3.7906758187226055,2.8129,0.9777758187226055
2017-11-19,886113379286.0,3339,3152,0,3317.0,23376131899999.973,3.7906758187226055,2.8129,0.9777758187226055
2017-11-20,886081311385.0,3341,3152,34,3317.0,23403983000000.008,3.7860278371634415,2.8129,0.9731278371634424
2017-11-21,887801658562.0,3341,3151,26,3317.0,23569361399999.945,3.766761616893032,2.8129,0.9538616168930316
2017-11-22,888279641562.0,3340,3151,16,3316.0,23565372700000.004,3.7694275107390935,2.8129,0.9565275107390936
2017-11-23,888279641562.0,3340,3151,0,3316.0,23565372700000.004,3.7694275107390935,2.8129,0.9565275107390936
2017-11-24,888279641562.0,3340,3151,0,3316.0,23627851999999.984,3.7594599862992224,2.8129,0.9465599862992224
2017-11-25,888279641562.0,3340,3151,0,3316.0,23627851999999.984,3.7594599862992224,2.8129,0.9465599862992224
2017-11-26,888279641562.0,3340,3151,0,3316.0,23627851999999.984,3.7594599862992224,2.8129,0.9465599862992224
2017-11-27,888256316562.0,3340,3151,7,3316.0,23597294999999.965,3.7642294024039673,2.8129,0.9513294024039674
2017-11-28,888187418959.0,3340,3151,12,3317.0,23764881900000.03,3.737394625802869,2.8129,0.9244946258028692
2017-11-29,887990807288.0,3341,3151,19,3318.0,23684432399999.984,3.7492593965984193,2.8129,0.9363593965984194
2017-11-30,888244157292.0,3342,3151,13,3320.0,23881414400000.0,3.7193951012047264,2.8129,0.9064951012047264
2017-12-01,889780092292.0,3343,3151,19,3320.0,23831800000000.008,3.7335832471403743,2.8129,0.9206832471403744
2017-12-02,889780092292.0,3343,3151,0,3320.0,23831800000000.008,3.7335832471403743,2.8129,0.9206832471403744
2017-12-03,889780092292.0,3343,3151,0,3320.0,23831800000000.008,3.7335832471403743,2.7615,0.9720832471403744
2017-12-04,890123699705.0,3343,3151,15,3321.0,23740721399999.96,3.749354051663323,2.7615,0.987854051663323
2017-12-05,889378898705.0,3343,3151,14,3321.0,23650555600000.03,3.7604989656352887,2.7615,0.9989989656352888
2017-12-06,889624447255.0,3343,3151,31,3321.0,23625529700000.004,3.765521698567461,2.7615,1.0040216985674606
2017-12-07,889608267304.0,3344,3150,44,3322.0,23728736199999.973,3.74907563473187,2.7615,0.9875756347318704
2017-12-08,889151849355.0,3345,3150,33,3323.0,23851507400000.02,3.727864383762173,2.7615,0.9663643837621736
2017-12-09,889145724397.0,3343,3148,0,3323.0,23851507400000.02,3.727838704219589,2.7615,0.9663387042195892
2017-12-10,889145724397.0,3343,3148,0,3323.0,23851507400000.02,3.727838704219589,2.7615,0.9663387042195892
2017-12-11,889505494794.0,3343,3148,16,3321.0,23939716299999.902,3.715605831110051,2.7615,0.9541058311100512
2017-12-12,891247999749.0,3343,3149,16,3321.0,23928666900000.03,3.724603645801091,2.7615,0.9631036458010912
2017-12-13,891239397601.0,3342,3148,12,3320.0,23990037300000.02,3.7150396494006257,2.7615,0.953539649400626
2017-12-14,891341446363.0,3343,3149,18,3321.0,23885818200000.06,3.731676423640359,2.7615,0.9701764236403588
2017-12-15,890018351948.0,3342,3146,24,3320.0,24092688300000.02,3.6941429734431055,2.7615,0.9326429734431056
2017-12-16,890020665342.0,3341,3145,0,3320.0,24092688300000.02,3.694152575501503,2.7615,0.9326525755015034
2017-12-17,890020665342.0,3341,3145,0,3320.0,24092688300000.02,3.694152575501503,2.7615,0.9326525755015034
2017-12-18,888992984721.0,3342,3146,6,3321.0,24265017699999.984,3.6636815835539274,2.7615,0.9021815835539266
2017-12-19,889159748721.0,3342,3146,4,3321.0,24197488299999.992,3.6745952211949215,2.7615,0.9130952211949216
2017-12-20,890407456539.0,3339,3143,16,3318.0,24200645899999.95,3.679271455060635,2.7615,0.9177714550606352
2017-12-21,890635489009.0,3340,3144,16,3319.0,24238925700000.023,3.674401662978814,2.7615,0.9129016629788144
2017-12-22,890573371279.0,3337,3141,17,3316.0,24236291499999.992,3.674544726774722,2.7615,0.9130447267747228
2017-12-23,890499910279.0,3335,3139,0,3316.0,24236291499999.992,3.6742416234719752,2.7615,0.9127416234719754
2017-12-24,890499910279.0,3335,3139,0,3316.0,24236291499999.992,3.6742416234719752,2.7615,0.9127416234719754
2017-12-25,890499910279.0,3335,3139,0,3316.0,24236291499999.992,3.6742416234719752,2.7615,0.9127416234719754
2017-12-26,890499910279.0,3335,3139,2,3314.0,24242651299999.95,3.673277725522546,2.7615,0.9117777255225464
2017-12-27,890452330279.0,3333,3137,0,3312.0,24254246500000.016,3.671325473990706,2.7615,0.9098254739907068
2017-12-28,890284884754.0,3332,3136,6,3311.0,24291676700000.09,3.664979143880985,2.7615,0.9034791438809852
2017-12-29,889685167352.0,3329,3133,10,3308.0,24137746799999.98,3.685866683099024,2.7615,0.9243666830990236
2017-12-30,889552649352.0,3327,3131,0,3308.0,24137746799999.98,3.6853176757658286,2.7615,0.9238176757658288
2017-12-31,889552649352.0,3327,3131,0,3308.0,24137746799999.98,3.6853176757658286,2.7615,0.9238176757658288
2018-01-01,889552649352.0,3327,3131,0,3308.0,24137746799999.98,3.6853176757658286,2.7615,0.9238176757658288
2018-01-02,889554038306.0,3329,3131,4,3308.0,24399764299999.984,3.645748489078645,2.7615,0.8842484890786451
2018-01-03,889540982306.0,3329,3131,2,3308.0,24563153200000.016,3.621444588417091,2.7855,0.8359445884170911
2018-01-04,889745652306.0,3330,3131,11,3309.0,24635397900000.008,3.6116552934020185,2.7855,0.8261552934020187
2018-01-05,889919206306.0,3330,3131,16,3309.0,24796871199999.98,3.588836668660039,2.7855,0.8033366686600392
2018-01-06,889903019306.0,3329,3130,0,3309.0,24796871199999.98,3.588771390263142,2.7855,0.8032713902631423
2018-01-07,889903019306.0,3329,3130,0,3309.0,24796871199999.98,3.588771390263142,2.7855,0.8032713902631423
2018-01-08,889857521306.0,3329,3130,8,3308.0,24854807899999.99,3.580222888409451,2.7855,0.794722888409451
2018-01-09,889955652466.0,3329,3130,16,3308.0,24859587899999.992,3.5799292250777826,2.7855,0.7944292250777827
2018-01-10,889768765466.0,3329,3130,4,3308.0,24799484399999.984,3.587851872702646,2.7855,0.802351872702646
2018-01-11,889769876377.0,3329,3130,10,3308.0,25030325400000.008,3.5547675156352527,2.7855,0.7692675156352529
2018-01-12,889262410528.0,3331,3129,12,3310.0,25181240199999.957,3.5314480282349305,2.7855,0.7459480282349307
2018-01-13,889262410528.0,3331,3129,0,3310.0,25181240199999.957,3.5314480282349305,2.7855,0.7459480282349307
2018-01-14,889262410528.0,3331,3129,0,3310.0,25181240199999.957,3.5314480282349305,2.7855,0.7459480282349307
2018-01-15,889262410528.0,3331,3129,0,3310.0,25181240199999.957,3.5314480282349305,2.7855,0.7459480282349307
2018-01-16,889272409360.0,3331,3129,10,3310.0,25054923799999.965,3.549292013252905,2.7855,0.763792013252905
2018-01-17,889251666819.0,3332,3128,3,3311.0,25289534800000.04,3.5162832130031854,2.7855,0.7307832130031855
2018-01-18,889299173538.0,3333,3128,8,3312.0,25233599099999.96,3.524266078785413,2.7855,0.7387660787854133
2018-01-19,889299173538.0,3336,3128,1,3315.0,25389475899999.97,3.5026291091656647,2.7855,0.7171291091656649
2018-01-20,889299173538.0,3336,3128,0,3315.0,25389475899999.97,3.5026291091656647,2.7855,0.7171291091656649
2018-01-21,889299173538.0,3336,3128,0,3315.0,25389475899999.97,3.5026291091656647,2.7855,0.7171291091656649
2018-01-22,889447741538.0,3336,3128,4,3315.0,25604549599999.957,3.4737878831424616,2.7855,0.6882878831424617
2018-01-23,890108741538.0,3336,3128,4,3315.0,25678517999999.992,3.4663555799365064,2.7855,0.6808555799365066
2018-01-24,889372582788.0,3336,3128,9,3315.0,25617450900000.05,3.471745046998405,2.7855,0.6862450469984052
2018-01-25,889686392545.0,3340,3128,12,3319.0,25632009299999.977,3.4709974631017357,2.7855,0.6854974631017354
2018-01-26,889457474487.0,3344,3129,24,3323.0,25928414700000.004,3.430435237858949,2.7855,0.6449352378589497
2018-01-27,889457474487.0,3344,3129,0,3323.0,25928414700000.004,3.430435237858949,2.7855,0.6449352378589497
2018-01-28,889457474487.0,3344,3129,0,3323.0,25928414700000.004,3.430435237858949,2.7855,0.6449352378589497
2018-01-29,889508994280.0,3344,3129,12,3323.0,25738511099999.992,3.4559458036405237,2.7855,0.6704458036405234
2018-01-30,889514419675.0,3345,3130,15,3324.0,25456201399999.99,3.494293613166497,2.7855,0.7087936131664971
2018-01-31,890396390456.0,3344,3129,27,3323.0,25440436500000.016,3.499925759748656,2.7855,0.7144257597486559
2018-02-01,890141540023.0,3345,3127,33,3323.0,25392739700000.01,3.505496258141061,2.7855,0.719996258141061
2018-02-02,921149558573.0,3345,3126,28,3323.0,24845179299999.977,3.7075585064222127,2.7855,0.9220585064222128
2018-02-03,921136232573.0,3343,3124,0,3323.0,24845179299999.977,3.7075048702627034,3.0868,0.6207048702627023
2018-02-04,921136232573.0,3343,3124,0,3323.0,24845179299999.977,3.7075048702627034,3.0868,0.6207048702627023
2018-02-05,921521343015.0,3343,3124,23,3321.0,23883983400000.0,3.858323494794424,3.0868,0.7715234947944234
2018-02-06,928717817382.0,3342,3123,48,3320.0,24289386099999.992,3.823554097079466,3.0868,0.7367540970794657
2018-02-07,929040473647.0,3341,3122,62,3319.0,24166376500000.062,3.844351566926045,3.0868,0.7575515669260446
2018-02-08,927449999861.0,3344,3123,99,3322.0,23300393800000.035,3.9804048284411335,3.0868,0.8936048284411333
2018-02-09,928293492456.0,3345,3123,56,3323.0,23571877999999.992,3.938139729282496,3.0868,0.851339729282496
2018-02-10,928232300456.0,3344,3122,0,3323.0,23571877999999.992,3.937880131807912,3.0868,0.8510801318079122
2018-02-11,928232300456.0,3344,3122,0,3323.0,23571877999999.992,3.937880131807912,3.0868,0.8510801318079122
2018-02-12,930133854178.0,3344,3124,29,3322.0,23890363400000.01,3.893343263995723,3.0868,0.8065432639957226
2018-02-13,928815461066.0,3344,3124,58,3322.0,23955373100000.0,3.877274034467032,3.0868,0.7904740344670316
2018-02-14,927769886091.0,3344,3125,87,3322.0,24272632000000.03,3.822287941789744,3.0868,0.735487941789744
2018-02-15,927743888864.0,3343,3123,68,3321.0,24576943000000.02,3.774854703711521,3.0868,0.6880547037115203
2018-02-16,922097950735.0,3345,3126,77,3323.0,24575037800000.043,3.752173071876205,3.0868,0.6653730718762043
2018-02-17,922097950735.0,3345,3126,0,3323.0,24575037800000.043,3.752173071876205,3.0868,0.6653730718762043
2018-02-18,922097950735.0,3345,3126,0,3323.0,24575037800000.043,3.752173071876205,3.0868,0.6653730718762043
2018-02-19,922097950735.0,3345,3126,0,3323.0,24575037800000.043,3.752173071876205,3.0868,0.6653730718762043
2018-02-20,917814483634.0,3345,3127,76,3323.0,24404369700000.004,3.7608612511471655,3.0868,0.6740612511471653
2018-02-21,918719392510.0,3344,3127,86,3322.0,24273917199999.977,3.7848007181552097,3.0868,0.6980007181552095
2018-02-22,921813081046.0,3345,3132,131,3323.0,24319306600000.062,3.790457911517912,3.0868,0.7036579115179116
2018-02-23,929313414292.0,3345,3133,143,3323.0,24684481700000.02,3.764767782391798,3.0868,0.6779677823917978
2018-02-24,929313414292.0,3345,3133,0,3323.0,24684481700000.02,3.764767782391798,3.0868,0.6779677823917978
2018-02-25,929313414292.0,3345,3133,0,3323.0,24684481700000.02,3.764767782391798,3.0868,0.6779677823917978
2018-02-26,933337147599.0,3345,3135,102,3323.0,24939150500000.08,3.742457657485154,3.0868,0.6556576574851531
2018-02-27,935204083480.0,3344,3136,176,3322.0,24605276200000.027,3.800827415544309,3.0868,0.7140274155443089
2018-02-28,935796513496.0,3341,3138,207,3319.0,24360185600000.027,3.841499932972592,3.0868,0.7546999329725916
2018-03-01,935539161733.0,3340,3141,240,3318.0,24087789400000.0,3.8838730536767314,3.0868,0.7970730536767312
2018-03-02,935736060475.0,3340,3141,42,3318.0,24261001899999.97,3.856955554976488,3.0868,0.7701555549764878
2018-03-03,935736060475.0,3340,3141,0,3318.0,24261001899999.97,3.856955554976488,3.1398,0.7171555549764879
2018-03-04,935736060475.0,3340,3141,0,3318.0,24261001899999.97,3.856955554976488,3.1398,0.7171555549764879
2018-03-05,935726254235.0,3340,3142,37,3318.0,24505237100000.0,3.818474599598957,3.1398,0.6786745995989572
2018-03-06,937040777523.0,3339,3147,44,3317.0,24596221999999.96,3.809693933983039,3.1398,0.669893933983039
2018-03-07,935940139132.0,3338,3145,70,3316.0,24607826300000.01,3.803424681732249,3.1398,0.6636246817322489
2018-03-08,932615677198.0,3339,3146,88,3317.0,24702785900000.03,3.775346153155944,3.1398,0.6355461531559436
2018-03-09,934152525331.0,3336,3147,102,3314.0,25074724200000.062,3.725474776432426,3.1398,0.5856747764324259
2018-03-10,934202620331.0,3335,3146,0,3314.0,25074724200000.062,3.725674559287864,3.1398,0.585874559287864
2018-03-11,934202620331.0,3335,3146,0,3314.0,25074724200000.062,3.725674559287864,3.1398,0.585874559287864
2018-03-12,933249867832.0,3337,3151,77,3315.0,25082469899999.973,3.7207255567443194,3.1398,0.5809255567443183
2018-03-13,933032865466.0,3337,3154,66,3315.0,24931928299999.984,3.742321308801456,3.1398,0.6025213088014558
2018-03-14,932662479858.0,3337,3158,77,3315.0,24816980500000.01,3.758162601038429,3.1398,0.6183626010384282
2018-03-15,932484098177.0,3339,3159,110,3317.0,24746992999999.99,3.76807031940002,3.1398,0.6282703194000194
2018-03-16,931968188030.0,3341,3162,112,3318.0,24809140400000.062,3.756551710392987,3.1398,0.6167517103929869
2018-03-17,931968188030.0,3341,3162,0,3318.0,24809140400000.062,3.756551710392987,3.1398,0.6167517103929869
2018-03-18,931968188030.0,3341,3162,0,3318.0,24809140400000.062,3.756551710392987,3.1398,0.6167517103929869
2018-03-19,931810203118.0,3341,3163,42,3318.0,24432555599999.992,3.8138057204216502,3.1398,0.6740057204216505
2018-03-20,931448520948.0,3341,3164,22,3318.0,24460252999999.984,3.808008531015605,3.1398,0.6682085310156052
2018-03-21,931696567202.0,3340,3164,28,3317.0,24447124500000.074,3.811068116424069,3.1398,0.671268116424069
2018-03-22,932329707060.0,3340,3166,37,3317.0,23878296900000.008,3.9045067199076486,3.1398,0.7647067199076485
2018-03-23,934055203170.0,3340,3165,44,3318.0,23440436199999.984,3.9848029925740063,3.1398,0.8450029925740061
2018-03-24,933927229170.0,3339,3164,0,3318.0,23440436199999.984,3.984257038569959,3.1398,0.844457038569959
2018-03-25,933927229170.0,3339,3164,0,3318.0,23440436199999.984,3.984257038569959,3.1398,0.844457038569959
2018-03-26,933946246338.0,3340,3165,26,3318.0,24018367499999.977,3.888466800826496,3.1398,0.7486668008264963
2018-03-27,933729401936.0,3342,3166,24,3320.0,23580465900000.035,3.9597580721931305,3.1398,0.8199580721931303
2018-03-28,933193758007.0,3342,3167,40,3320.0,23489428100000.016,3.97282451507195,3.1398,0.83302451507195
2018-03-29,936335144044.0,3344,3172,66,3322.0,23829987999999.99,3.929230447132413,3.1398,0.7894304471324132
2018-03-30,935874366666.0,3341,3171,63,3322.0,23829987999999.99,3.927296844068912,3.1398,0.7874968440689121
2018-03-31,935874366666.0,3341,3171,0,3322.0,23829987999999.99,3.927296844068912,3.1398,0.7874968440689121
2018-04-01,935874366666.0,3341,3171,0,3322.0,23829987999999.99,3.927296844068912,3.1398,0.7874968440689121
2018-04-02,934899092325.0,3342,3175,111,3321.0,23277393200000.03,4.016339305231991,3.1398,0.876539305231991
2018-04-03,934553032232.0,3342,3176,18,3321.0,23563693100000.008,3.966071991626812,3.011,0.955071991626812
2018-04-04,933704336232.0,3340,3175,14,3319.0,23838343000000.023,3.9168172730461976,3.011,0.9058172730461976
2018-04-05,933904184232.0,3339,3174,14,3318.0,24004831399999.99,3.8904842474002974,3.011,0.8794842474002982
2018-04-06,934046471671.0,3338,3173,10,3317.0,23503272999999.977,3.9741123360606023,3.011,0.9631123360606026
2018-04-07,934046471671.0,3338,3173,0,3317.0,23503272999999.977,3.9741123360606023,3.011,0.9631123360606026
2018-04-08,934046471671.0,3338,3173,0,3317.0,23503272999999.977,3.9741123360606023,3.011,0.9631123360606026
2018-04-09,933838833394.0,3338,3174,12,3317.0,23564778399999.965,3.962858540583608,3.011,0.9518585405836076
2018-04-10,933944139087.0,3337,3174,14,3316.0,23991918399999.93,3.892744729771184,3.011,0.8817447297711838
2018-04-11,934327058087.0,3336,3173,6,3315.0,23922250399999.99,3.9056821263228665,3.011,0.8946821263228664
2018-04-12,935959500736.0,3336,3172,10,3315.0,24074112000000.01,3.887825647467285,3.011,0.8768256474672853
2018-04-13,935933975450.0,3337,3172,19,3316.0,24035819600000.016,3.893913297011097,3.011,0.8829132970110964
2018-04-14,935933975450.0,3337,3172,0,3316.0,24035819600000.016,3.893913297011097,3.011,0.8829132970110964
2018-04-15,935933975450.0,3337,3172,0,3316.0,24035819600000.016,3.893913297011097,3.011,0.8829132970110964
2018-04-16,935955807930.0,3337,3173,28,3316.0,24254458399999.98,3.858902113971759,3.011,0.8479021139717586
2018-04-17,935338147802.0,3335,3171,31,3314.0,24563890199999.98,3.807776944883106,3.011,0.7967769448831059
2018-04-18,936615625675.0,3334,3170,12,3313.0,24619001699999.98,3.804441939150607,3.011,0.7934419391506067
2018-04-19,937107906675.0,3336,3171,15,3315.0,24404747200000.0,3.839859101982421,3.011,0.8288591019824207
2018-04-20,937382277760.0,3336,3170,11,3315.0,24173972800000.023,3.8776509161952855,3.011,0.8666509161952853
2018-04-21,937382019924.0,3334,3168,0,3315.0,24173972800000.023,3.877649849610152,3.011,0.8666498496101518
2018-04-22,937382019924.0,3334,3168,0,3315.0,24173972800000.023,3.877649849610152,3.011,0.8666498496101518
2018-04-23,937440313410.0,3334,3168,17,3313.0,24171910699999.973,3.878221813098131,3.011,0.8672218130981308
2018-04-24,938417494320.0,3334,3168,29,3313.0,23821277599999.992,3.9394087507716224,3.011,0.9284087507716224
2018-04-25,936335642139.0,3333,3166,59,3313.0,23838747199999.973,3.927788798142048,3.011,0.9167887981420476
2018-04-26,936248666368.0,3335,3167,107,3315.0,24093830299999.965,3.885844030237074,3.011,0.8748440302370741
2018-04-27,936589951819.0,3336,3166,95,3316.0,24100897700000.0,3.886120606283475,3.011,0.8751206062834753
2018-04-28,936607901819.0,3334,3164,0,3316.0,24100897700000.0,3.886195084837027,3.011,0.8751950848370269
2018-04-29,936607901819.0,3334,3164,0,3316.0,24100897700000.0,3.886195084837027,3.011,0.8751950848370269
2018-04-30,932872624617.0,3334,3164,58,3314.0,23911901399999.977,3.9012900271368673,3.011,0.8902900271368672
2018-05-01,932363473366.0,3333,3163,122,3313.0,23971823700000.0,3.8894140263763073,3.011,0.8784140263763072
2018-05-02,932927364980.0,3332,3162,186,3312.0,23798950300000.062,3.920035771409622,3.011,0.9090357714096218
2018-05-03,936633582592.0,3335,3162,270,3315.0,23756716400000.008,3.94260539555037,3.1213,0.82130539555037
2018-05-04,935093657779.0,3338,3162,234,3318.0,24066873799999.977,3.885397270745655,3.1213,0.7640972707456544
2018-05-05,935143489779.0,3335,3159,0,3318.0,24066873799999.977,3.8856043271353378,3.1213,0.7643043271353376
2018-05-06,935143489779.0,3335,3159,0,3318.0,24066873799999.977,3.8856043271353378,3.1213,0.7643043271353376
2018-05-07,935456383306.0,3335,3160,133,3315.0,24161749300000.043,3.871641790878107,3.1213,0.7503417908781067
2018-05-08,937017752374.0,3335,3160,286,3315.0,24164195199999.99,3.877711401594705,3.1213,0.756411401594705
2018-05-09,936349246297.0,3335,3158,321,3315.0,24378449799999.965,3.840889203287247,3.1213,0.7195892032872466
2018-05-10,941885849916.0,3334,3157,443,3314.0,24602834399999.977,3.828363165814752,3.1213,0.7070631658147519
2018-05-11,942283282374.0,3333,3156,106,3313.0,24644476700000.0,3.823506962004189,3.1213,0.7022069620041882
2018-05-12,942219281690.0,3331,3154,0,3313.0,24644476700000.0,3.823247266151121,3.1213,0.7019472661511208
2018-05-13,942219281690.0,3331,3154,0,3313.0,24644476700000.0,3.823247266151121,3.1213,0.7019472661511208
2018-05-14,942349786952.0,3331,3155,126,3312.0,24668329299999.96,3.820079485285619,3.1213,0.6987794852856188
2018-05-15,941749575545.0,3331,3155,282,3312.0,24506336699999.99,3.842881892441315,3.1213,0.7215818924413147
2018-05-16,942039472815.0,3330,3154,11,3311.0,24635890700000.023,3.823849863138901,3.1213,0.7025498631389007
2018-05-17,942051724439.0,3331,3154,7,3312.0,24646641599999.965,3.822231603509832,3.1213,0.7009316035098316
2018-05-18,941852346403.0,3331,3154,14,3312.0,24618400499999.965,3.8258064182642624,3.1213,0.7045064182642622
2018-05-19,941817661403.0,3330,3153,0,3312.0,24618400499999.965,3.8256655277137166,3.1213,0.7043655277137164
2018-05-20,941817661403.0,3330,3153,0,3312.0,24618400499999.965,3.8256655277137166,3.1213,0.7043655277137164
2018-05-21,941961517208.0,3330,3153,30,3311.0,24795072300000.047,3.7989867737066376,3.1213,0.6776867737066374
2018-05-22,941756981165.0,3332,3154,12,3313.0,24647879299999.977,3.820843853146428,3.1213,0.699543853146428
2018-05-23,941402406165.0,3333,3154,11,3314.0,24755527400000.004,3.802796809592511,3.1213,0.6814968095925109
2018-05-24,941337201165.0,3334,3153,16,3315.0,24721719199999.984,3.807733570426609,3.1213,0.6864335704266091
2018-05-25,941390333165.0,3333,3152,15,3314.0,24673970299999.96,3.815317606850656,3.1213,0.6940176068506552
2018-05-26,941372070165.0,3332,3151,0,3314.0,24673970299999.96,3.8152435895774808,3.1213,0.6939435895774806
2018-05-27,941372070165.0,3332,3151,0,3314.0,24673970299999.96,3.8152435895774808,3.1213,0.6939435895774806
2018-05-28,941372070165.0,3332,3151,0,3314.0,24673970299999.96,3.8152435895774808,3.1213,0.6939435895774806
2018-05-29,942912907465.0,3332,3151,9,3313.0,24517143699999.992,3.8459329479926336,3.1213,0.7246329479926334
2018-05-30,942857300733.0,3333,3151,23,3314.0,24815110400000.008,3.799528938356041,3.1213,0.6782289383560411
2018-05-31,942315455733.0,3335,3150,16,3315.0,24649045800000.004,3.8229287388195767,3.1213,0.7016287388195765
2018-06-01,942065758863.0,3337,3148,14,3317.0,24920455900000.0,3.780291029358737,3.1213,0.6589910293587371
2018-06-02,942065758863.0,3337,3148,0,3317.0,24920455900000.0,3.780291029358737,3.1213,0.6589910293587371
2018-06-03,942065758863.0,3337,3148,0,3317.0,24920455900000.0,3.780291029358737,3.0506,0.7296910293587371
2018-06-04,942072779863.0,3337,3148,13,3317.0,25049044999999.984,3.760912960406277,3.0506,0.7103129604062768
2018-06-05,942638393050.0,3336,3147,16,3316.0,25112471100000.016,3.7536664125817527,3.0506,0.7030664125817525
2018-06-06,943040129773.0,3334,3145,16,3314.0,25291995100000.06,3.728611072572119,3.0506,0.6780110725721187
2018-06-07,939995401147.0,3332,3143,39,3312.0,25185779599999.97,3.732246593418936,3.0506,0.6816465934189355
2018-06-08,940588045664.0,3333,3143,37,3313.0,25265042500000.02,3.722883290871168,3.0506,0.6722832908711682
2018-06-09,940507703664.0,3332,3142,0,3313.0,25265042500000.02,3.722565294176724,3.0506,0.6719652941767236
2018-06-10,940507703664.0,3332,3142,0,3313.0,25265042500000.02,3.722565294176724,3.0506,0.6719652941767236
2018-06-11,940645201280.0,3333,3142,31,3313.0,25334268100000.008,3.712936160488488,3.0506,0.6623361604884876
2018-06-12,940858121248.0,3332,3141,12,3312.0,25411714099999.992,3.7024583133020537,3.0506,0.6518583133020535
2018-06-13,940593580445.0,3332,3141,20,3312.0,25309989200000.0,3.716293883068904,3.0506,0.6656938830689034
2018-06-14,941631880283.0,3334,3140,29,3314.0,25428578499999.973,3.7030456904344886,3.0506,0.6524456904344884
2018-06-15,941902422377.0,3335,3139,13,3315.0,25395267000000.004,3.708968377363388,3.0506,0.6583683773633875
2018-06-16,937645153377.0,3333,3137,0,3315.0,25395267000000.004,3.692204352003859,3.0506,0.641604352003859
2018-06-17,937645153377.0,3333,3137,0,3315.0,25395267000000.004,3.692204352003859,3.0506,0.641604352003859
2018-06-18,937644729019.0,3333,3137,13,3313.0,25297356899999.984,3.706492866924768,3.0506,0.6558928669247672
2018-06-19,937729447911.0,3333,3137,8,3313.0,25182004000000.0,3.72380787450832,3.0506,0.6732078745083196
2018-06-20,937627831471.0,3333,3135,4,3313.0,25271340800000.08,3.7102417275422,3.0506,0.6596417275422
2018-06-21,937554687976.0,3340,3135,9,3320.0,25071035500000.02,3.739592997568845,3.0506,0.6889929975688447
2018-06-22,938305958330.0,3341,3136,6,3321.0,25128545400000.094,3.7340241681080215,3.0506,0.6834241681080213
2018-06-23,938231990330.0,3340,3135,0,3321.0,25128545400000.094,3.733729809645076,3.0506,0.683129809645076
2018-06-24,938231990330.0,3340,3135,0,3321.0,25128545400000.094,3.733729809645076,3.0506,0.683129809645076
2018-06-25,938259990330.0,3340,3135,3,3320.0,24725491700000.03,3.794707105177604,3.0506,0.744107105177604
2018-06-26,938269526632.0,3341,3135,7,3321.0,24828282100000.03,3.77903522625111,3.0506,0.72843522625111
2018-06-27,938679164663.0,3344,3135,9,3324.0,24589583899999.973,3.817385314368825,3.0506,0.7667853143688248
2018-06-28,938572880595.0,3350,3134,26,3331.0,24726365900000.047,3.7958383548590864,3.0506,0.7452383548590862
2018-06-29,938837232819.0,3352,3137,21,3333.0,24759904500000.004,3.7917643536104912,3.0506,0.741164353610491
2018-06-30,938550649819.0,3348,3133,0,3333.0,24759904500000.004,3.790606905688994,3.0506,0.7400069056889937
2018-07-01,938550649819.0,3348,3133,0,3333.0,24759904500000.004,3.790606905688994,3.0506,0.7400069056889937
2018-07-02,938502177903.0,3349,3133,4,3329.0,24816692199999.984,3.781737591535268,3.0506,0.7311375915352674
2018-07-03,938486606903.0,3350,3133,4,3330.0,24740073900000.027,3.793386433267683,2.9586,0.8347864332676829
2018-07-04,938486606903.0,3350,3133,0,3330.0,24740073900000.027,3.793386433267683,2.9586,0.8347864332676829
2018-07-05,938519415146.0,3350,3133,5,3330.0,24977851899999.977,3.757406437124407,2.9586,0.7988064371244068
2018-07-06,938871466146.0,3349,3132,12,3329.0,25203024300000.027,3.725233348864402,2.9586,0.7666333488644019
2018-07-07,938871466146.0,3349,3132,0,3329.0,25203024300000.027,3.725233348864402,2.9586,0.7666333488644019
2018-07-08,938871466146.0,3349,3132,0,3329.0,25203024300000.027,3.725233348864402,2.9586,0.7666333488644019
2018-07-09,938996945146.0,3349,3132,8,3329.0,25393807199999.99,3.69773991647066,2.9586,0.7391399164706596
2018-07-10,938933403043.0,3349,3132,10,3329.0,25452526700000.0,3.6889595053170106,2.9586,0.7303595053170104
2018-07-11,938999633368.0,3348,3131,5,3328.0,25248351399999.957,3.7190532502173657,2.9586,0.7604532502173655
2018-07-12,938964456921.0,3347,3130,7,3327.0,25491890800000.0,3.68338490184102,2.9586,0.7247849018410197
2018-07-13,938946633637.0,3347,3130,8,3327.0,25538611099999.92,3.676576733011933,2.9586,0.7179767330119331
2018-07-14,938508568637.0,3345,3128,0,3327.0,25538611099999.92,3.674861428298279,2.9586,0.7162614282982789
2018-07-15,938508568637.0,3345,3128,0,3327.0,25538611099999.92,3.674861428298279,2.9586,0.7162614282982789
2018-07-16,939452741125.0,3345,3129,17,3325.0,25415035699999.97,3.696444703892354,2.9586,0.7378447038923541
2018-07-17,939594807125.0,3346,3129,7,3326.0,25536941200000.023,3.679355329858375,2.9586,0.7207553298583744
2018-07-18,941680889298.0,3348,3129,8,3328.0,25551174500000.004,3.685470072219184,2.9586,0.7268700722191843
2018-07-19,942455948011.0,3350,3129,12,3330.0,25506837999999.984,3.694914861697089,2.9586,0.7363148616970889
2018-07-20,942897804011.0,3351,3129,18,3331.0,25455114400000.0,3.704158579664447,2.9586,0.7455585796644466
2018-07-21,942854810011.0,3349,3128,0,3331.0,25455114400000.0,3.7039896784396302,2.9586,0.7453896784396301
2018-07-22,942854810011.0,3349,3128,0,3331.0,25455114400000.0,3.7039896784396302,2.9586,0.7453896784396301
2018-07-23,942910544270.0,3349,3128,16,3329.0,25446604799999.914,3.7054473541004698,2.9586,0.7468473541004697
2018-07-24,940577599119.0,3351,3129,18,3331.0,25496409400000.0,3.6890590528366713,2.9586,0.7304590528366712
2018-07-25,945299478119.0,3353,3129,60,3333.0,25746471799999.87,3.671569003559566,2.9586,0.7129690035595657
2018-07-26,943454220805.0,3356,3129,101,3336.0,25680459299999.977,3.6738214444825017,2.9586,0.7152214444825016
2018-07-27,947225274263.0,3357,3128,96,3337.0,25424518000000.004,3.725637096691469,2.9586,0.7670370966914684
2018-07-28,947225274263.0,3357,3128,0,3337.0,25424518000000.004,3.725637096691469,2.9586,0.7670370966914684
2018-07-29,947225274263.0,3357,3128,0,3337.0,25424518000000.004,3.725637096691469,2.9586,0.7670370966914684
2018-07-30,946694251405.0,3358,3128,50,3338.0,25240729699999.977,3.750661183955394,2.9586,0.7920611839553939
2018-07-31,949184969193.0,3358,3128,112,3338.0,25424805799999.973,3.7333027306466233,2.9586,0.7747027306466232
2018-08-01,955421809463.0,3355,3125,194,3334.0,25362673100000.062,3.767039088095952,2.9586,0.8084390880959522
2018-08-02,962619848913.0,3357,3126,304,3336.0,25599344000000.0,3.760330143276328,2.9586,0.8017301432763282
2018-08-03,972575935261.0,3359,3129,227,3338.0,25675136099999.992,3.788006931971045,3.0886,0.6994069319710454
2018-08-04,972575935261.0,3359,3129,0,3338.0,25675136099999.992,3.788006931971045,3.0886,0.6994069319710454
2018-08-05,972575935261.0,3359,3129,0,3338.0,25675136099999.992,3.788006931971045,3.0886,0.6994069319710454
2018-08-06,973915217585.0,3359,3131,146,3338.0,25800011999999.96,3.774863428687558,3.0886,0.6862634286875582
2018-08-07,976576481898.0,3359,3136,284,3338.0,25858030900000.004,3.7766854161273353,3.0886,0.6880854161273353
2018-08-08,977433474076.0,3359,3140,339,3338.0,25872463099999.973,3.7778910739890126,3.0886,0.6892910739890126
2018-08-09,981292254775.0,3360,3151,431,3339.0,25884000399999.957,3.791115127532612,3.0886,0.702515127532612
2018-08-10,980515348209.0,3361,3155,89,3341.0,25741559999999.977,3.809075084062508,3.0886,0.7204750840625076
2018-08-11,980515348209.0,3361,3155,0,3341.0,25741559999999.977,3.809075084062508,3.0886,0.7204750840625076
2018-08-12,980515348209.0,3361,3155,0,3341.0,25741559999999.977,3.809075084062508,3.0886,0.7204750840625076
2018-08-13,981210136592.0,3361,3157,90,3340.0,25587321599999.934,3.834751256622352,3.0886,0.746151256622352
2018-08-14,980729205584.0,3360,3161,282,3339.0,25756502699999.99,3.807695543945104,3.0886,0.7190955439451039
2018-08-15,980552311121.0,3360,3161,10,3339.0,25511436599999.99,3.843579358133836,3.0886,0.7549793581338355
2018-08-16,980815901954.0,3361,3161,11,3340.0,25699350600000.004,3.816500724940496,3.0886,0.7279007249404961
2018-08-17,981030626951.0,3361,3161,15,3340.0,25786537600000.023,3.804429435889055,3.0886,0.7158294358890549
2018-08-18,980936059951.0,3358,3158,0,3340.0,25786537600000.023,3.804062705770158,3.0886,0.7154627057701579
2018-08-19,980936059951.0,3358,3158,0,3340.0,25786537600000.023,3.804062705770158,3.0886,0.7154627057701579
2018-08-20,980901744658.0,3358,3157,31,3338.0,25852897500000.01,3.794165604292515,3.0886,0.7055656042925151
2018-08-21,981585772863.0,3359,3156,9,3339.0,25934842299999.96,3.78481488920795,3.0886,0.6962148892079498
2018-08-22,982479262863.0,3358,3155,9,3338.0,25955125199999.977,3.785299648113432,3.0886,0.6966996481134324
2018-08-23,981461443872.0,3358,3155,13,3338.0,25913639399999.977,3.7874318953130177,3.0886,0.6988318953130177
2018-08-24,981549981059.0,3359,3155,18,3339.0,26086788200000.047,3.7626325384855086,3.0886,0.6740325384855086
2018-08-25,981380358059.0,3357,3154,0,3339.0,26086788200000.047,3.761982312790036,3.0886,0.6733823127900362
2018-08-26,981380358059.0,3357,3154,0,3339.0,26086788200000.047,3.761982312790036,3.0886,0.6733823127900362
2018-08-27,981818945059.0,3357,3154,10,3337.0,26253617200000.008,3.7397473177867457,3.0886,0.6511473177867457
2018-08-28,980955244059.0,3357,3153,17,3336.0,26243278799999.98,3.7379294391331954,3.0886,0.6493294391331954
2018-08-29,981013043974.0,3358,3153,16,3337.0,26402887300000.027,3.715552139534372,3.0886,0.6269521395343718
2018-08-30,981319755320.0,3357,3152,33,3336.0,26300298200000.008,3.731211516529496,3.0886,0.6426115165294957
2018-08-31,981893270320.0,3356,3151,17,3335.0,26320596899999.977,3.730512928907022,3.0886,0.641912928907022
2018-09-01,981836270320.0,3355,3150,0,3335.0,26320596899999.977,3.730296368468759,3.0886,0.6416963684687591
2018-09-02,981836270320.0,3355,3150,0,3335.0,26320596899999.977,3.730296368468759,3.0886,0.6416963684687591
2018-09-03,981836270320.0,3355,3150,0,3335.0,26320596899999.977,3.730296368468759,3.0191,0.7111963684687592
2018-09-04,982814740817.0,3356,3151,10,3335.0,26237050400000.004,3.745904077757917,3.0191,0.726804077757917
2018-09-05,983166130527.0,3356,3151,19,3335.0,26125569299999.96,3.763233326084885,3.0191,0.7441333260848855
2018-09-06,983775113244.0,3356,3151,34,3335.0,25996011400000.06,3.784330981036567,3.0191,0.765230981036567
2018-09-07,984358616282.0,3355,3150,36,3334.0,25946925699999.97,3.793738910201609,3.0191,0.7746389102016091
2018-09-08,984358616282.0,3355,3150,0,3334.0,25946925699999.97,3.793738910201609,3.0191,0.7746389102016091
2018-09-09,984358616282.0,3355,3150,0,3334.0,25946925699999.97,3.793738910201609,3.0191,0.7746389102016091
2018-09-10,984833033450.0,3355,3150,24,3334.0,26019316600000.008,3.7850073028051776,3.0191,0.7659073028051777
2018-09-11,986062524717.0,3355,3150,12,3334.0,26126352500000.023,3.7742066165454937,3.0191,0.7551066165454938
2018-09-12,986171559529.0,3355,3150,17,3334.0,26174853400000.062,3.767629733998806,3.0191,0.7485297339988062
2018-09-13,987251404562.0,3355,3149,33,3334.0,26304245000000.008,3.753201829446159,3.0191,0.7341018294461588
2018-09-14,987250974199.0,3355,3148,19,3334.0,26309104500000.02,3.752506947543575,3.0191,0.7334069475435747
2018-09-15,987265434537.0,3354,3147,0,3334.0,26309104500000.02,3.7525619107902335,3.0191,0.7334619107902336
2018-09-16,987265434537.0,3354,3147,0,3334.0,26309104500000.02,3.7525619107902335,3.0191,0.7334619107902336
2018-09-17,987241109684.0,3354,3147,8,3333.0,26114438399999.992,3.780441664347644,3.0191,0.7613416643476438
2018-09-18,987212215900.0,3354,3147,12,3333.0,26261690500000.062,3.7591343021120354,3.0191,0.7400343021120355
2018-09-19,987464795900.0,3354,3147,4,3333.0,26205297400000.008,3.768187709634616,3.0191,0.7490877096346162
2018-09-20,987773698594.0,3354,3145,5,3333.0,26414633400000.023,3.739494255460684,3.0191,0.7203942554606839
2018-09-21,987774050863.0,3355,3145,4,3334.0,26389241900000.004,3.743093699341927,3.0191,0.7239936993419271
2018-09-22,987774050863.0,3355,3145,0,3334.0,26389241900000.004,3.743093699341927,3.0191,0.7239936993419271
2018-09-23,987774050863.0,3355,3145,0,3334.0,26389241900000.004,3.743093699341927,3.0191,0.7239936993419271
2018-09-24,987806134144.0,3355,3145,9,3334.0,26334973700000.0,3.750928880342873,3.0191,0.7318288803428734
2018-09-25,987670589003.0,3354,3144,11,3333.0,26347158299999.992,3.748679754214709,3.0191,0.7295797542147087
2018-09-26,987920877829.0,3356,3144,6,3335.0,26279968099999.973,3.759216427013094,3.0191,0.7401164270130942
2018-09-27,987790741129.0,3359,3143,13,3338.0,26370927800000.0,3.7457564960190752,3.0191,0.7266564960190753
2018-09-28,987832135747.0,3360,3144,14,3339.0,26404038399999.93,3.741216100287912,3.0191,0.722116100287912
2018-09-29,987537627747.0,3358,3142,0,3339.0,26404038399999.93,3.7401007103027193,3.0191,0.7210007103027194
2018-09-30,987537627747.0,3358,3142,0,3339.0,26404038399999.93,3.7401007103027193,3.0191,0.7210007103027194
2018-10-01,987547883747.0,3358,3142,11,3337.0,26415662399999.938,3.738493734486107,3.0191,0.7193937344861072
2018-10-02,987370870747.0,3356,3140,7,3335.0,26339221100000.03,3.748671485000742,3.0191,0.7295714850007422
2018-10-03,987439781747.0,3357,3141,3,3336.0,26364430200000.023,3.745348464792533,3.3353,0.4100484647925331
2018-10-04,987195449548.0,3359,3141,6,3338.0,26051757799999.977,3.7893621502499952,3.3353,0.4540621502499951
2018-10-05,987607030548.0,3360,3140,15,3339.0,25872441799999.977,3.8172161645291673,3.3353,0.4819161645291663
2018-10-06,987607030548.0,3360,3140,0,3339.0,25872441799999.977,3.8172161645291673,3.3353,0.4819161645291663
2018-10-07,987607030548.0,3360,3140,0,3339.0,25872441799999.977,3.8172161645291673,3.3353,0.4819161645291663
2018-10-08,987607030548.0,3360,3140,0,3339.0,25814658200000.03,3.825760631407465,3.3353,0.4904606314074646
2018-10-09,987318475459.0,3359,3139,10,3338.0,25764089900000.05,3.8321496287706944,3.3353,0.4968496287706943
2018-10-10,986732629459.0,3357,3137,10,3336.0,24892007200000.05,3.9640540898565946,3.3353,0.6287540898565944
2018-10-11,987047581530.0,3357,3135,7,3336.0,24431048800000.02,4.040135933623936,3.3353,0.7048359336239356
2018-10-12,987031472015.0,3359,3135,7,3338.0,24807425300000.09,3.978774339048383,3.3353,0.643474339048383
2018-10-13,986811974779.0,3357,3133,0,3338.0,24807425300000.09,3.9778895344652976,3.3353,0.6425895344652974
2018-10-14,986811974779.0,3357,3133,0,3338.0,24807425300000.09,3.9778895344652976,3.3353,0.6425895344652974
2018-10-15,987750569940.0,3358,3133,19,3337.0,24696946799999.992,3.999484543328248,3.3353,0.6641845433282478
2018-10-16,987922568099.0,3358,3133,7,3337.0,25278878600000.043,3.908094910899245,3.3353,0.572794910899245
2018-10-17,988662633255.0,3356,3130,8,3335.0,25217838100000.04,3.920489255797857,3.3353,0.5851892557978569
2018-10-18,988274374933.0,3358,3130,14,3337.0,24833280800000.035,3.9796367741027545,3.3353,0.6443367741027544
2018-10-19,991952654658.0,3357,3127,13,3336.0,24718525299999.977,4.012992857053656,3.3353,0.677692857053656
2018-10-20,991743603658.0,3355,3125,0,3336.0,24718525299999.977,4.012147131034556,3.3353,0.6768471310345561
2018-10-21,991743603658.0,3355,3125,0,3336.0,24718525299999.977,4.012147131034556,3.3353,0.6768471310345561
2018-10-22,991529367363.0,3355,3125,13,3334.0,24690499900000.023,4.015833504298547,3.3353,0.6805335042985465
2018-10-23,992474857963.0,3354,3125,23,3333.0,24550168099999.97,4.042639764910617,3.3353,0.7073397649106168
2018-10-24,995146324963.0,3353,3125,50,3332.0,23705640000000.062,4.197930639978491,3.3353,0.8626306399784909
2018-10-25,994721972887.0,3353,3124,96,3332.0,24173449399999.992,4.114936004486808,3.3353,0.7796360044868083
2018-10-26,1001195469325.0,3353,3124,82,3332.0,23745388000000.02,4.216378647192453,3.3353,0.881078647192453
2018-10-27,1001195469325.0,3353,3124,0,3332.0,23745388000000.02,4.216378647192453,3.3353,0.881078647192453
2018-10-28,1001195469325.0,3353,3124,0,3332.0,23745388000000.02,4.216378647192453,3.3353,0.881078647192453
2018-10-29,1001252050780.0,3353,3124,49,3332.0,23509581400000.008,4.258910585196551,3.3353,0.9236105851965508
2018-10-30,997448426454.0,3353,3126,127,3332.0,23919884000000.105,4.169955115392682,3.3353,0.8346551153926818
2018-10-31,994552723349.0,3354,3125,136,3333.0,24136088500000.06,4.120604394324282,3.3353,0.7853043943242817
2018-11-01,996751631099.0,3354,3126,225,3333.0,24487715299999.992,4.070414977010944,3.3353,0.7351149770109435
2018-11-02,993944417803.0,3352,3124,203,3331.0,24334141999999.977,4.08456734493865,3.3353,0.7492673449386498
2018-11-03,993757989803.0,3350,3122,0,3331.0,24334141999999.977,4.083801227933169,3.454,0.6298012279331684
2018-11-04,993757989803.0,3350,3122,0,3331.0,24334141999999.977,4.083801227933169,3.454,0.6298012279331684
2018-11-05,998664953242.0,3350,3123,136,3329.0,24400188500000.047,4.092857533629292,3.454,0.6388575336292921
2018-11-06,1001584654367.0,3349,3126,275,3328.0,24513346800000.05,4.08587477890615,3.454,0.6318747789061496
2018-11-07,998922771858.0,3349,3129,308,3328.0,25036996400000.01,3.989786777530549,3.454,0.5357867775305487
2018-11-08,997368219612.0,3348,3131,384,3328.0,24957077500000.016,3.9963341846095535,3.454,0.5423341846095533
2018-11-09,1001527260094.0,3347,3131,291,3327.0,24698915699999.945,4.054944242325594,3.454,0.600944242325594
2018-11-10,1001533062094.0,3346,3130,0,3327.0,24698915699999.945,4.054967733235359,3.454,0.6009677332353589
2018-11-11,1001533062094.0,3346,3130,0,3327.0,24698915699999.945,4.054967733235359,3.454,0.6009677332353589
2018-11-12,1001533062094.0,3346,3130,0,3326.0,24195206799999.992,4.139386244444087,3.454,0.685386244444087
2018-11-13,1001579463513.0,3348,3140,178,3328.0,24133133099999.977,4.150225581414462,3.454,0.696225581414462
2018-11-14,1001558963930.0,3349,3144,251,3329.0,23982233899999.94,4.176253839013731,3.454,0.7222538390137312
2018-11-15,1000438093605.0,3348,3143,21,3328.0,24236368499999.96,4.127838267539965,3.454,0.6738382675399648
2018-11-16,1007294124213.0,3348,3142,32,3328.0,24274384400000.047,4.1496175870602015,3.454,0.6956175870602013
2018-11-17,1007294124213.0,3348,3142,0,3328.0,24274384400000.047,4.1496175870602015,3.454,0.6956175870602013
2018-11-18,1007294124213.0,3348,3142,0,3328.0,24274384400000.047,4.1496175870602015,3.454,0.6956175870602013
2018-11-19,1007187289641.0,3348,3142,47,3328.0,23768855700000.03,4.237424394145313,3.454,0.7834243941453125
2018-11-20,1007339303641.0,3348,3142,17,3328.0,23330455599999.977,4.317700952402323,3.454,0.8637009524023225
2018-11-21,1008070745641.0,3347,3141,17,3327.0,23480991000000.004,4.293135437260718,3.454,0.8391354372607176
2018-11-22,1008070745641.0,3347,3141,0,3327.0,23480991000000.004,4.293135437260718,3.454,0.8391354372607176
2018-11-23,1007881345641.0,3347,3141,1,3327.0,23362231199999.93,4.314148494690881,3.454,0.8601484946908804
2018-11-24,1007881345641.0,3347,3141,0,3327.0,23362231199999.93,4.314148494690881,3.454,0.8601484946908804
2018-11-25,1007881345641.0,3347,3141,0,3327.0,23362231199999.93,4.314148494690881,3.454,0.8601484946908804
2018-11-26,1006531519641.0,3347,3141,5,3327.0,23706830599999.992,4.245744767084134,3.454,0.791744767084134
2018-11-27,1006392423641.0,3345,3139,8,3325.0,23705697600000.004,4.2453609280876,3.454,0.7913609280876002
2018-11-28,1006414323834.0,3345,3139,17,3325.0,24292736800000.04,4.142861021052179,3.454,0.6888610210521784
2018-11-29,1006270044131.0,3345,3138,17,3325.0,24208534300000.016,4.156674797660093,3.454,0.7026747976600931
2018-11-30,1006560658444.0,3344,3137,16,3324.0,24376013100000.03,4.129307997639691,3.454,0.6753079976396905
2018-12-01,1006448350444.0,3343,3136,0,3324.0,24376013100000.03,4.128847266019884,3.454,0.6748472660198837
2018-12-02,1006448350444.0,3343,3136,0,3324.0,24376013100000.03,4.128847266019884,3.454,0.6748472660198837
2018-12-03,1006399872444.0,3344,3136,6,3324.0,24666496000000.03,4.080027712262004,3.2535,0.8265277122620045
2018-12-04,1006595773100.0,3345,3137,16,3325.0,23857958600000.0,4.219119456012469,3.2535,0.9656194560124688
2018-12-05,1006595452931.0,3342,3134,0,3325.0,23857958600000.0,4.219118114032607,3.2535,0.9656181140326074
2018-12-06,1007630745275.0,3342,3134,50,3322.0,23873305199999.99,4.220742527410911,3.2535,0.9672425274109112
2018-12-07,1006791852263.0,3344,3133,34,3324.0,23297347000000.01,4.321487130113997,3.2535,1.0679871301139974
2018-12-08,1006411944263.0,3341,3130,0,3324.0,23297347000000.01,4.319856438001287,3.2535,1.0663564380012869
2018-12-09,1006411944263.0,3341,3130,0,3324.0,23297347000000.01,4.319856438001287,3.2535,1.0663564380012869
2018-12-10,1005113669667.0,3341,3130,28,3321.0,23352045599999.992,4.304178258657564,3.2535,1.0506782586575645
2018-12-11,1004875678007.0,3343,3131,18,3323.0,23364731600000.023,4.300822689557448,3.2535,1.047322689557448
2018-12-12,1005319094889.0,3342,3131,22,3322.0,23511320500000.043,4.275893797156132,3.2535,1.0223937971561323
2018-12-13,1006058291606.0,3341,3130,22,3321.0,23470074599999.93,4.28655770700449,3.2535,1.03305770700449
2018-12-14,1006073178439.0,3342,3129,16,3322.0,23007722500000.008,4.372763007894413,3.2535,1.1192630078944132
2018-12-15,1005323178439.0,3341,3128,0,3322.0,23007722500000.008,4.369503232834104,3.2535,1.116003232834104
2018-12-16,1005323178439.0,3341,3128,0,3322.0,23007722500000.008,4.369503232834104,3.2535,1.116003232834104
2018-12-17,1006153616277.0,3341,3128,8,3321.0,22453752100000.0,4.481004385351703,3.2535,1.2275043853517031
2018-12-18,1007508555107.0,3340,3127,9,3320.0,22471582100000.05,4.483478513544437,3.2535,1.2299785135444372
2018-12-19,1007532451827.0,3340,3127,10,3320.0,22103210100000.01,4.558308260513705,3.2535,1.3048082605137052
2018-12-20,1006843316827.0,3336,3124,24,3316.0,21691856400000.0,4.641572847711642,3.2535,1.3880728477116424
2018-12-21,1003426551932.0,3333,3121,19,3313.0,21161647399999.945,4.741722291110486,3.2535,1.4882222911104863
2018-12-22,1003426551932.0,3333,3121,0,3313.0,21161647399999.945,4.741722291110486,3.2535,1.4882222911104863
2018-12-23,1003426551932.0,3333,3121,0,3313.0,21161647399999.945,4.741722291110486,3.2535,1.4882222911104863
2018-12-24,1003426319932.0,3333,3121,1,3313.0,20594643299999.96,4.872268508442688,3.2535,1.6187685084426882
2018-12-25,1003426319932.0,3333,3121,0,3313.0,20594643299999.96,4.872268508442688,3.2535,1.6187685084426882
2018-12-26,1003426319932.0,3333,3121,1,3313.0,21659885799999.93,4.632648247536022,3.2535,1.3791482475360215
2018-12-27,1003430568634.0,3333,3121,3,3313.0,21807843599999.992,4.601237000039749,3.2535,1.347737000039749
2018-12-28,1003435630776.0,3333,3121,4,3313.0,21797571299999.973,4.603428597460311,3.2535,1.3499285974603108
2018-12-29,1003437524776.0,3332,3120,0,3313.0,21797571299999.973,4.603437286501736,3.2535,1.3499372865017358
2018-12-30,1003437524776.0,3332,3120,0,3313.0,21797571299999.973,4.603437286501736,3.2535,1.3499372865017358
2018-12-31,1003433632776.0,3332,3120,2,3311.0,21980168399999.95,4.565177183883643,3.2535,1.311677183883643
2019-01-01,1003338327776.0,3331,3119,0,3311.0,21980168399999.95,4.564743588479524,3.2535,1.311243588479524
2019-01-02,1003403227776.0,3331,3119,1,3310.0,22007671699999.945,4.559333860728223,3.2535,1.3058338607282227
2019-01-03,1003288571829.0,3330,3118,5,3309.0,21479275899999.97,4.670960867116575,2.9025,1.7684608671165751
2019-01-04,1003183892316.0,3330,3118,9,3309.0,22249932300000.0,4.508705369481056,2.9025,1.6062053694810563
2019-01-05,1003193097845.0,3328,3117,0,3309.0,22249932300000.0,4.508746742770988,2.9025,1.6062467427709883
2019-01-06,1003193097845.0,3328,3117,0,3309.0,22249932300000.0,4.508746742770988,2.9025,1.6062467427709883
2019-01-07,1003195141845.0,3328,3117,3,3307.0,22501888800000.027,4.458270817892402,2.9025,1.5557708178924026
2019-01-08,1003738752845.0,3327,3116,12,3306.0,22776877400000.0,4.4068321360196645,2.9025,1.5043321360196646
2019-01-09,1003617672857.0,3327,3116,20,3306.0,22892168299999.96,4.384109271365971,2.9025,1.4816092713659712
2019-01-10,1003244743857.0,3324,3113,4,3303.0,22984809800000.02,4.364816383457735,2.9025,1.4623163834577353
2019-01-11,1002910967705.0,3322,3111,10,3301.0,22976671200000.023,4.364909777291843,2.9025,1.4624097772918434
2019-01-12,1002812589705.0,3321,3110,0,3301.0,22976671200000.023,4.364481612571446,2.9025,1.4619816125714458
2019-01-13,1002812589705.0,3321,3110,0,3301.0,22976671200000.023,4.364481612571446,2.9025,1.4619816125714458
2019-01-14,1002790992364.0,3321,3110,12,3300.0,22805291100000.03,4.397185670495557,2.9025,1.4946856704955571
2019-01-15,1002793803229.0,3320,3109,2,3299.0,23062829799999.96,4.348095233434892,2.9025,1.4455952334348918
2019-01-16,1002793803229.0,3320,3109,1,3299.0,23056807799999.938,4.349230873273805,2.9025,1.446730873273805
2019-01-17,1002809239042.0,3320,3109,4,3299.0,23246920399999.98,4.3137293963548,2.9025,1.4112293963548002
2019-01-18,1002799526791.0,3320,3109,2,3299.0,23538014800000.03,4.260340284903715,2.9025,1.3578402849037152
2019-01-19,1003355065791.0,3319,3108,0,3299.0,23538014800000.03,4.262700462704267,2.9025,1.3602004627042668
2019-01-20,1003355065791.0,3319,3108,0,3299.0,23538014800000.03,4.262700462704267,2.9025,1.3602004627042668
2019-01-21,1003355065791.0,3319,3108,0,3299.0,23538014800000.03,4.262700462704267,2.9025,1.3602004627042668
2019-01-22,1003353698182.0,3319,3108,3,3298.0,23159714800000.01,4.332323203660519,2.9025,1.4298232036605194
2019-01-23,1005132636574.0,3319,3108,8,3298.0,23193401099999.992,4.333700918810051,2.9025,1.4312009188100507
2019-01-24,1004982777804.0,3319,3108,4,3298.0,23247543500000.008,4.322963317840441,2.9025,1.4204633178404409
2019-01-25,1005262834493.0,3319,3108,14,3298.0,23488141199999.95,4.2798739412082645,2.9025,1.3773739412082646
2019-01-26,1005294657493.0,3316,3105,0,3298.0,23488141199999.95,4.280009426599506,2.9025,1.3775094265995058
2019-01-27,1005294657493.0,3316,3105,0,3298.0,23488141199999.95,4.280009426599506,2.9025,1.3775094265995058
2019-01-28,1005354922717.0,3316,3105,10,3295.0,23297023199999.973,4.315379325874566,2.9025,1.4128793258745658
2019-01-29,1004546174164.0,3316,3105,13,3295.0,23263128500000.04,4.318190367920628,2.9025,1.415690367920628
2019-01-30,1001966064164.0,3316,3105,24,3295.0,23648469200000.004,4.236917221534153,2.9025,1.334417221534153
2019-01-31,999348523164.0,3316,3104,22,3295.0,23899922299999.92,4.181388167793346,2.9025,1.2788881677933466
2019-02-01,1003819253265.0,3314,3101,33,3293.0,23899697200000.01,4.200133771004428,2.9025,1.2976337710044277
2019-02-02,1003743678265.0,3313,3100,0,3293.0,23899697200000.01,4.199817553609003,2.9025,1.2973175536090036
2019-02-03,1003743678265.0,3313,3100,0,3293.0,23899697200000.01,4.199817553609003,3.0253,1.1745175536090031
2019-02-04,1003925801994.0,3314,3100,16,3293.0,24091071300000.01,4.16721111939094,3.0253,1.1419111193909397
2019-02-05,1003299036244.0,3314,3098,48,3293.0,24230971799999.945,4.140564582077563,3.0253,1.1152645820775633
2019-02-06,1004191541868.0,3314,3098,62,3293.0,24167743600000.016,4.155090183379798,3.0253,1.129790183379798
2019-02-07,1001673372287.0,3316,3098,90,3295.0,23932998999999.984,4.185323252998927,3.0253,1.160023252998927
2019-02-08,1001516084705.0,3318,3097,65,3297.0,23959060400000.03,4.180114194732773,3.0253,1.1548141947327726
2019-02-09,1001516084705.0,3318,3097,0,3297.0,23959060400000.03,4.180114194732773,3.0253,1.1548141947327726
2019-02-10,1001516084705.0,3318,3097,0,3297.0,23959060400000.03,4.180114194732773,3.0253,1.1548141947327726
2019-02-11,1002700992016.0,3318,3096,48,3297.0,23990692200000.0,4.179541730838429,3.0253,1.1542417308384292
2019-02-12,1007811155976.0,3318,3096,35,3297.0,24292053300000.03,4.148727748658441,3.0253,1.123427748658441
2019-02-13,1008746954611.0,3317,3094,70,3296.0,24363270900000.023,4.140441399479735,3.0253,1.1151413994797346
2019-02-14,1012256830355.0,3319,3097,100,3298.0,24351716600000.027,4.156819196700896,3.0253,1.131519196700896
2019-02-15,1009667827782.0,3319,3098,56,3298.0,24584529900000.008,4.10692346727362,3.0253,1.0816234672736198
2019-02-16,1009456775782.0,3317,3096,0,3298.0,24584529900000.008,4.106064992448767,3.0253,1.0807649924487666
2019-02-17,1009456775782.0,3317,3096,0,3298.0,24584529900000.008,4.106064992448767,3.0253,1.0807649924487666
2019-02-18,1009456775782.0,3317,3096,0,3298.0,24584529900000.008,4.106064992448767,3.0253,1.0807649924487666
2019-02-19,1008324315571.0,3319,3097,71,3298.0,24612515100000.008,4.096795112056629,3.0253,1.071495112056629
2019-02-20,1014707204571.0,3320,3097,70,3299.0,24627638700000.008,4.120196893139413,3.0253,1.094896893139413
2019-02-21,1022165896265.0,3320,3100,125,3299.0,24526819300000.05,4.16754363361334,3.0253,1.1422436336133397
2019-02-22,1030462991162.0,3319,3099,115,3298.0,24706451500000.004,4.170825547982881,3.0253,1.145525547982881
2019-02-23,1030462991162.0,3319,3099,0,3298.0,24706451500000.004,4.170825547982881,3.0253,1.145525547982881
2019-02-24,1030462991162.0,3319,3099,0,3298.0,24706451500000.004,4.170825547982881,3.0253,1.145525547982881
2019-02-25,1035200519498.0,3319,3100,83,3298.0,24748216699999.945,4.182929752259694,3.0253,1.157629752259694
2019-02-26,1033937520640.0,3320,3104,156,3299.0,24700740800000.008,4.185856323143149,3.0253,1.1605563231431488
2019-02-27,1037114388722.0,3319,3105,176,3298.0,24692318900000.008,4.200149823603646,3.0253,1.1748498236036462
2019-02-28,1042448912388.0,3321,3110,242,3301.0,24640056699999.934,4.230708253151069,3.0253,1.2054082531510688
2019-03-01,1044948130070.0,3320,3111,194,3300.0,24822364299999.973,4.209704270878021,3.0253,1.1844042708780207
2019-03-02,1044948130070.0,3320,3111,0,3300.0,24822364299999.973,4.209704270878021,3.0253,1.1844042708780207
2019-03-03,1044948130070.0,3320,3111,0,3300.0,24822364299999.973,4.209704270878021,3.1226,1.087104270878021
2019-03-04,1044593804398.0,3320,3112,30,3299.0,24699880400000.008,4.229145192128136,3.1226,1.1065451921281355
2019-03-05,1044838469585.0,3319,3113,44,3298.0,24668134399999.98,4.235579605018695,3.1226,1.1129796050186953
2019-03-06,1045026554020.0,3319,3118,63,3298.0,24462212900000.0,4.272003347742919,3.1226,1.1494033477429189
2019-03-07,1044749957333.0,3319,3121,79,3298.0,24275133400000.03,4.303786677987931,3.1226,1.1811866779879314
2019-03-08,1044791052694.0,3316,3121,81,3295.0,24204498999999.973,4.316515920011405,3.1226,1.193915920011405
2019-03-09,1044791052694.0,3316,3121,0,3295.0,24204498999999.973,4.316515920011405,3.1226,1.193915920011405
2019-03-10,1044791052694.0,3316,3121,0,3295.0,24204498999999.973,4.316515920011405,3.1226,1.193915920011405
2019-03-11,1044730662034.0,3316,3124,56,3295.0,24593585900000.0,4.247980210295401,3.1226,1.125380210295401
2019-03-12,1045344418008.0,3315,3127,71,3294.0,24662590200000.0,4.238583253141028,3.1226,1.1159832531410276
2019-03-13,1044889971209.0,3314,3128,53,3294.0,24850217600000.0,4.204751797461123,3.1226,1.082151797461123
2019-03-14,1044914636322.0,3313,3132,98,3293.0,24800815999999.96,4.21322684028623,3.1226,1.0906268402862298
2019-03-15,1045802244304.0,3314,3139,99,3294.0,24901641299999.984,4.1997321851391405,3.1226,1.0771321851391409
2019-03-16,1045802244304.0,3314,3139,0,3294.0,24901641299999.984,4.1997321851391405,3.1226,1.0771321851391409
2019-03-17,1045802244304.0,3314,3139,0,3294.0,24901641299999.984,4.1997321851391405,3.1226,1.0771321851391409
2019-03-18,1044401758753.0,3315,3144,145,3295.0,24991504599999.97,4.179027135297013,3.1226,1.0564271352970134
2019-03-19,1046378545293.0,3315,3145,25,3295.0,25009884199999.95,4.183860016804884,3.1226,1.061260016804884
2019-03-20,1045926291763.0,3315,3144,18,3295.0,24988589200000.016,4.185615615958821,3.1226,1.063015615958821
2019-03-21,1041003862603.0,3315,3149,21,3295.0,25239216299999.992,4.124549075650183,3.1226,1.0019490756501832
2019-03-22,1040880221726.0,3315,3153,38,3294.0,24710756899999.97,4.212255520695933,3.1226,1.0896555206959335
2019-03-23,1040880221726.0,3315,3153,0,3294.0,24710756899999.97,4.212255520695933,3.1226,1.0896555206959335
2019-03-24,1040880221726.0,3315,3153,0,3294.0,24710756899999.97,4.212255520695933,3.1226,1.0896555206959335
2019-03-25,1041376967507.0,3315,3154,17,3294.0,24704298599999.89,4.2153674725539645,3.1226,1.092767472553965
2019-03-26,1041372768063.0,3315,3158,33,3294.0,24869131900000.016,4.187411013180558,3.1226,1.0648110131805582
2019-03-27,1041258878106.0,3314,3159,29,3293.0,24740777699999.965,4.2086748069605004,3.1226,1.0860748069605006
2019-03-28,1041262829751.0,3315,3162,59,3294.0,24825432699999.96,4.194339097062351,3.1226,1.0717390970623517
2019-03-29,1041212209515.0,3315,3161,93,3294.0,24989687499999.992,4.16656754717321,3.1226,1.0439675471732106
2019-03-30,1041008860697.0,3311,3157,0,3294.0,24989687499999.992,4.165753816237199,3.1226,1.0431538162371994
2019-03-31,1041008860697.0,3311,3157,0,3294.0,24989687499999.992,4.165753816237199,3.1226,1.0431538162371994
2019-04-01,1040632159203.0,3311,3161,131,3290.0,25242117500000.008,4.12260246868354,3.1226,1.0000024686835398
2019-04-02,1038938761788.0,3311,3160,27,3290.0,25239442500000.0,4.116330072615511,3.1226,0.9937300726155108
2019-04-03,1039295798598.0,3311,3159,12,3290.0,25302010799999.973,4.1075620701181625,2.9336,1.1739620701181623
2019-04-04,1038775199985.0,3311,3157,16,3290.0,25329511199999.992,4.101047161087737,2.9336,1.167447161087737
2019-04-05,1038590368911.0,3312,3158,13,3291.0,25479459200000.01,4.076186863930768,2.9336,1.1425868639307677
2019-04-06,1038590368911.0,3312,3158,0,3291.0,25479459200000.01,4.076186863930768,2.9336,1.1425868639307677
2019-04-07,1038590368911.0,3312,3158,0,3291.0,25479459200000.01,4.076186863930768,2.9336,1.1425868639307677
2019-04-08,1038192339587.0,3313,3159,10,3292.0,25501861900000.008,4.071045258020944,2.9336,1.1374452580209438
2019-04-09,1036441492542.0,3314,3159,16,3293.0,25336902299999.977,4.090640127471309,2.9336,1.1570401274713085
2019-04-10,1036975438460.0,3314,3159,12,3293.0,25470502999999.965,4.071279779830031,2.9336,1.137679779830031
2019-04-11,1036971598814.0,3315,3159,4,3294.0,25459171100000.0,4.07307682854608,2.9336,1.13947682854608
2019-04-12,1036920589538.0,3315,3159,10,3294.0,25567150499999.97,4.055675228797989,2.9336,1.1220752287979892
2019-04-13,1036921881404.0,3314,3158,0,3294.0,25567150499999.97,4.055680281633267,2.9336,1.1220802816332665
2019-04-14,1036921881404.0,3314,3158,0,3294.0,25567150499999.97,4.055680281633267,2.9336,1.1220802816332665
2019-04-15,1036855683040.0,3314,3160,33,3293.0,25562955900000.004,4.0560868120888935,2.9336,1.1224868120888931
2019-04-16,1037111544246.0,3314,3161,32,3293.0,25533717799999.94,4.061733400398129,2.9336,1.128133400398129
2019-04-17,1037811790246.0,3313,3159,9,3292.0,25417428099999.992,4.083071608043618,2.9336,1.1494716080436174
2019-04-18,1037564003666.0,3319,3160,20,3298.0,25498632500000.043,4.069096661030737,2.9336,1.1354966610307369
2019-04-19,1036980964599.0,3318,3159,11,3298.0,25498632500000.043,4.066810110695145,2.9336,1.1332101106951449
2019-04-20,1036980964599.0,3318,3159,0,3298.0,25498632500000.043,4.066810110695145,2.9336,1.1332101106951449
2019-04-21,1036980964599.0,3318,3159,0,3298.0,25498632500000.043,4.066810110695145,2.9336,1.1332101106951449
2019-04-22,1036528520816.0,3318,3159,11,3297.0,25544076900000.04,4.057803790968068,2.9336,1.1242037909680676
2019-04-23,1036079683387.0,3318,3159,24,3297.0,25810406300000.035,4.014193621535507,2.9336,1.080593621535507
2019-04-24,1037002854387.0,3316,3157,47,3295.0,25737694000000.027,4.029121079716772,2.9336,1.0955210797167716
2019-04-25,1039222916905.0,3314,3155,77,3293.0,25696966999999.96,4.044146209570186,2.9336,1.1105462095701857
2019-04-26,1043986925905.0,3315,3155,76,3294.0,25820022700000.05,4.043323036679585,2.9336,1.1097230366795845
2019-04-27,1043986925905.0,3315,3155,0,3294.0,25820022700000.05,4.043323036679585,2.9336,1.1097230366795845
2019-04-28,1043986925905.0,3315,3155,0,3294.0,25820022700000.05,4.043323036679585,2.9336,1.1097230366795845
2019-04-29,1042826973294.0,3315,3155,51,3294.0,25833099900000.0,4.036786050960922,2.9336,1.1031860509609217
2019-04-30,1041977217069.0,3315,3154,112,3294.0,25802873600000.02,4.038221607491808,2.9336,1.1046216074918078
2019-05-01,1031473156405.0,3314,3153,181,3293.0,25595894599999.94,4.029838271036647,2.9336,1.096238271036647
2019-05-02,1030715807522.0,3314,3151,243,3293.0,25538577399999.92,4.035917080964749,2.9336,1.102317080964749
2019-05-03,1030455417154.0,3314,3151,200,3293.0,25833797899999.98,3.988787948031446,2.9186,1.070187948031446
2019-05-04,1030455417154.0,3314,3151,0,3293.0,25833797899999.98,3.988787948031446,2.9186,1.070187948031446
2019-05-05,1030455417154.0,3314,3151,0,3293.0,25833797899999.98,3.988787948031446,2.9186,1.070187948031446
2019-05-06,1032408712139.0,3314,3151,91,3293.0,25741496200000.0,4.010678727132419,2.9186,1.0920787271324186
2019-05-07,1024464847255.0,3316,3151,256,3295.0,25297635599999.97,4.049646628853335,2.9186,1.1310466288533347
2019-05-08,1020688659251.0,3318,3153,322,3297.0,25311997700000.008,4.032430278116688,2.9186,1.1138302781166876
2019-05-09,1021492637404.0,3322,3153,429,3301.0,25240948799999.93,4.0469660847456055,2.9186,1.1283660847456054
2019-05-10,1020118535796.0,3326,3155,304,3305.0,25387991600000.016,4.018114358427625,2.9186,1.099514358427625
2019-05-11,1020182779796.0,3325,3154,0,3305.0,25387991600000.016,4.018367407195768,2.9186,1.0997674071957682
2019-05-12,1020182779796.0,3325,3154,0,3305.0,25387991600000.016,4.018367407195768,2.9186,1.0997674071957682
2019-05-13,1020873397629.0,3325,3153,77,3304.0,24718392699999.957,4.130015288692302,2.9186,1.2114152886923022
2019-05-14,1021305263184.0,3326,3155,128,3305.0,24957284900000.05,4.092213024278125,2.9186,1.1736130242781253
2019-05-15,1021898919107.0,3326,3154,228,3305.0,25155078100000.03,4.0623961294995885,2.9186,1.1437961294995884
2019-05-16,1020893428053.0,3326,3153,17,3305.0,25371491900000.01,4.023781621028756,2.9186,1.105181621028756
2019-05-17,1020688505053.0,3325,3150,13,3304.0,25185276400000.0,4.052719092068411,2.9186,1.1341190920684112
2019-05-18,1020823225053.0,3324,3149,0,3304.0,25185276400000.0,4.053254007778132,2.9186,1.1346540077781315
2019-05-19,1020823225053.0,3324,3149,0,3304.0,25185276400000.0,4.053254007778132,2.9186,1.1346540077781315
2019-05-20,1020464741757.0,3324,3149,40,3303.0,24964406800000.008,4.087678709661948,2.9186,1.1690787096619482
2019-05-21,1021415724265.0,3325,3149,9,3304.0,25200812400000.043,4.0531063366234905,2.9186,1.1345063366234904
2019-05-22,1021316110265.0,3325,3149,7,3304.0,25098708600000.004,4.069197848151438,2.9186,1.1505978481514378
2019-05-23,1021978450067.0,3327,3148,17,3306.0,24761137000000.02,4.127348635351435,2.9186,1.208748635351435
2019-05-24,1022947618919.0,3327,3149,16,3306.0,24791239600000.047,4.12624634921038,2.9186,1.2076463492103795
2019-05-25,1022947618919.0,3327,3149,0,3306.0,24791239600000.047,4.12624634921038,2.9186,1.2076463492103795
2019-05-26,1022947618919.0,3327,3149,0,3306.0,24791239600000.047,4.12624634921038,2.9186,1.2076463492103795
2019-05-27,1022947618919.0,3327,3149,0,3306.0,24791239600000.047,4.12624634921038,2.9186,1.2076463492103795
2019-05-28,1023057564919.0,3327,3149,7,3306.0,24607675499999.99,4.157473406697843,2.9186,1.2388734066978428
2019-05-29,1024325951077.0,3327,3149,19,3306.0,24407412700000.004,4.19678219755345,2.9186,1.2781821975534498
2019-05-30,1024530059340.0,3327,3149,27,3306.0,24469117599999.992,4.187033125134027,2.9186,1.268433125134027
2019-05-31,1024643240340.0,3327,3149,20,3306.0,24136448300000.043,4.245211340145676,2.9186,1.3266113401456754
2019-06-01,1024643240340.0,3327,3149,0,3306.0,24136448300000.043,4.245211340145676,2.9186,1.3266113401456754
2019-06-02,1024643240340.0,3327,3149,0,3306.0,24136448300000.043,4.245211340145676,2.9186,1.3266113401456754
2019-06-03,1023348568340.0,3328,3149,6,3307.0,24021799699999.96,4.260082846082518,2.5311,1.7289828460825185
2019-06-04,1023653197340.0,3328,3149,14,3307.0,24551769500000.008,4.169366274557114,2.5311,1.6382662745571142
2019-06-05,1024180932272.0,3327,3148,20,3306.0,24709403100000.023,4.144903574267235,2.5311,1.613803574267235
2019-06-06,1024746709833.0,3328,3149,30,3307.0,24842622799999.992,4.124953786413407,2.5311,1.593853786413407
2019-06-07,1023271995547.0,3329,3149,29,3308.0,25152675500000.074,4.068243139967344,2.5311,1.5371431399673443
2019-06-08,1023271995547.0,3328,3149,0,3308.0,25152675500000.074,4.068243139967344,2.5311,1.5371431399673443
2019-06-09,1023271995547.0,3328,3149,0,3308.0,25152675500000.074,4.068243139967344,2.5311,1.5371431399673443
2019-06-10,1022027676745.0,3328,3149,26,3307.0,25280307299999.99,4.042781856314699,2.5311,1.511681856314699
2019-06-11,1021590981351.0,3326,3147,16,3305.0,25256135200000.004,4.044922048687005,2.5311,1.513822048687005
2019-06-12,1021369793174.0,3327,3146,22,3306.0,25231534699999.99,4.047989174332707,2.5311,1.5168891743327069
2019-06-13,1021645236064.0,3326,3145,22,3305.0,25379533599999.95,4.025468915882686,2.5311,1.4943689158826865
2019-06-14,1021474932760.0,3327,3146,27,3306.0,25293361299999.992,4.038510028953725,2.5311,1.5074100289537251
2019-06-15,1021361570548.0,3325,3144,0,3306.0,25293361299999.992,4.038061839364942,2.5311,1.506961839364942
2019-06-16,1021361570548.0,3325,3144,0,3306.0,25293361299999.992,4.038061839364942,2.5311,1.506961839364942
2019-06-17,1021327837548.0,3325,3144,7,3304.0,25389557100000.03,4.022629593440205,2.5311,1.4915295934402049
2019-06-18,1021339523256.0,3324,3143,14,3303.0,25649720099999.992,3.981873951349669,2.5311,1.4507739513496691
2019-06-19,1021290369505.0,3323,3141,8,3302.0,25748562599999.945,3.9663976019577967,2.5311,1.4352976019577968
2019-06-20,1021274117619.0,3329,3140,6,3308.0,26003096599999.96,3.92750960906326,2.5311,1.3964096090632596
2019-06-21,1021061536894.0,3330,3141,6,3309.0,25933330400000.008,3.937255728998077,2.5311,1.4061557289980766
2019-06-22,1021072231652.0,3329,3140,0,3309.0,25933330400000.008,3.937296968429476,2.5311,1.4061969684294762
2019-06-23,1021072231652.0,3329,3140,0,3309.0,25933330400000.008,3.937296968429476,2.5311,1.4061969684294762
2019-06-24,1021744249021.0,3329,3140,5,3308.0,25838652000000.02,3.9543248967515767,2.5311,1.4232248967515768
2019-06-25,1021767643221.0,3329,3140,2,3308.0,25555520900000.035,3.998226634546896,2.5311,1.4671266345468963
2019-06-26,1020019265963.0,3329,3140,12,3308.0,25544891699999.99,3.993045959803386,2.5311,1.4619459598033862
2019-06-27,1019748359963.0,3333,3140,11,3312.0,25695057700000.02,3.968655653040231,2.5311,1.437555653040231
2019-06-28,1020068663149.0,3335,3140,22,3314.0,25842438000000.01,3.947261721781047,2.5311,1.4161617217810467
2019-06-29,1018993752149.0,3333,3138,0,3314.0,25842438000000.01,3.943102241936305,2.5311,1.412002241936305
2019-06-30,1018993752149.0,3333,3138,0,3314.0,25842438000000.01,3.943102241936305,2.5311,1.412002241936305
2019-07-01,1019008037066.0,3333,3138,11,3312.0,25997131200000.004,3.919694174047942,2.5311,1.3885941740479422
2019-07-02,1018811133456.0,3329,3134,6,3308.0,26050865299999.977,3.910853331447692,2.5311,1.3797533314476924
2019-07-03,1018531523456.0,3329,3134,8,3308.0,26263113599999.992,3.878182682254401,2.4666,1.411582682254401
2019-07-04,1018531523456.0,3329,3134,0,3308.0,26263113599999.992,3.878182682254401,2.4666,1.411582682254401
2019-07-05,1018525238360.0,3329,3135,1,3308.0,26216358299999.92,3.885075214126911,2.4666,1.4184752141269108
2019-07-06,1018525238360.0,3329,3135,0,3308.0,26216358299999.92,3.885075214126911,2.4666,1.4184752141269108
2019-07-07,1018525238360.0,3329,3135,0,3308.0,26216358299999.92,3.885075214126911,2.4666,1.4184752141269108
2019-07-08,1018560269360.0,3329,3135,7,3308.0,26075369599999.973,3.906216038295392,2.4666,1.4396160382953922
2019-07-09,1016555860179.0,3328,3134,11,3307.0,26074765900000.008,3.898619316766329,2.4666,1.4320193167663289
2019-07-10,1016476746793.0,3328,3134,10,3307.0,26225816499999.887,3.875863109135246,2.4666,1.409263109135246
2019-07-11,1016826547140.0,3328,3134,9,3307.0,26241077799999.94,3.8749420084414457,2.4666,1.4083420084414455
2019-07-12,1016749304140.0,3329,3133,6,3308.0,26382264399999.957,3.853912191631291,2.4666,1.387312191631291
2019-07-13,1016749304140.0,3329,3133,0,3308.0,26382264399999.957,3.853912191631291,2.4666,1.387312191631291
2019-07-14,1016749304140.0,3329,3133,0,3308.0,26382264399999.957,3.853912191631291,2.4666,1.387312191631291
2019-07-15,1016756656704.0,3329,3133,11,3308.0,26401086699999.97,3.851192446195789,2.4666,1.3845924461957888
2019-07-16,1015333742841.0,3328,3132,8,3307.0,26320002299999.965,3.857650661531293,2.4666,1.3910506615312923
2019-07-17,1015505805723.0,3328,3132,10,3307.0,26151974699999.96,3.88309417308744,2.4666,1.41649417308744
2019-07-18,1015579365890.0,3332,3131,15,3310.0,26203148300000.01,3.875791390647511,2.4666,1.4091913906475106
2019-07-19,1016079538506.0,3332,3130,18,3310.0,26057374800000.0,3.8993933437454342,2.4666,1.4327933437454343
2019-07-20,1016082398506.0,3331,3129,0,3310.0,26057374800000.0,3.899404319524928,2.4666,1.4328043195249278
2019-07-21,1016082398506.0,3331,3129,0,3310.0,26057374800000.0,3.899404319524928,2.4666,1.4328043195249278
2019-07-22,1016121176752.0,3331,3129,15,3309.0,26134474700000.016,3.888048979044524,2.4666,1.421448979044524
2019-07-23,1019325560952.0,3331,3127,18,3309.0,26298258000000.047,3.876019320184623,2.4666,1.4094193201846226
2019-07-24,1016500267952.0,3331,3127,46,3309.0,26453708199999.96,3.842562487901041,2.4666,1.3759624879010404
2019-07-25,1022800274468.0,3336,3127,85,3314.0,26302381000000.04,3.888622381631528,2.4666,1.4220223816315274
2019-07-26,1026420118110.0,3336,3127,75,3314.0,26507525099999.992,3.872183895847751,2.4666,1.405583895847751
2019-07-27,1022834118110.0,3334,3125,0,3314.0,26507525099999.992,3.8586556619350345,2.4666,1.3920556619350344
2019-07-28,1022834118110.0,3334,3125,0,3314.0,26507525099999.992,3.8586556619350345,2.4666,1.3920556619350344
2019-07-29,1024540113321.0,3335,3125,45,3313.0,26412061199999.98,3.879061560409381,2.4666,1.412461560409381
2019-07-30,1023386253321.0,3334,3124,100,3312.0,26369887700000.008,3.880889691164668,2.4666,1.4142896911646674
2019-07-31,1023117320312.0,3332,3122,180,3310.0,26002262099999.973,3.9347242804386666,2.4666,1.4681242804386665
2019-08-01,1028084188290.0,3331,3119,235,3309.0,25755496300000.027,3.991707930279716,2.4666,1.525107930279716
2019-08-02,1025040259681.0,3331,3119,181,3309.0,25508956200000.098,4.018354383630155,2.4666,1.5517543836301546
2019-08-03,1025040259681.0,3331,3119,0,3309.0,25508956200000.098,4.018354383630155,2.382,1.6363543836301546
2019-08-04,1025040259681.0,3331,3119,0,3309.0,25508956200000.098,4.018354383630155,2.382,1.6363543836301546
2019-08-05,1026915565888.0,3331,3122,112,3309.0,24752717699999.95,4.14869824935628,2.382,1.76669824935628
2019-08-06,1017421524160.0,3331,3128,264,3309.0,25082292000000.0,4.056333943325434,2.382,1.674333943325434
2019-08-07,1019815906203.0,3330,3134,324,3308.0,25142877300000.03,4.05608273880014,2.382,1.67408273880014
2019-08-08,1013969339571.0,3331,3141,398,3309.0,25645333799999.992,3.953816111260757,2.382,1.5718161112607565
2019-08-09,1014954612708.0,3331,3143,284,3309.0,25391609100000.004,3.997204780172832,2.382,1.615204780172832
2019-08-10,1014954612708.0,3331,3143,0,3309.0,25391609100000.004,3.997204780172832,2.382,1.615204780172832
2019-08-11,1014954612708.0,3331,3143,0,3309.0,25391609100000.004,3.997204780172832,2.382,1.615204780172832
2019-08-12,1015013135625.0,3331,3146,73,3309.0,25083972500000.008,4.046460885033261,2.382,1.6644608850332605
2019-08-13,1015456222950.0,3331,3149,129,3309.0,25454957900000.01,3.989227666135718,2.382,1.607227666135718
2019-08-14,1015478526857.0,3331,3160,258,3310.0,24715227599999.992,4.108716064815847,2.382,1.726716064815847
2019-08-15,1015404200301.0,3331,3160,14,3310.0,24734089199999.984,4.10528235784401,2.382,1.7232823578440102
2019-08-16,1015473678226.0,3330,3159,13,3309.0,25107152699999.992,4.044559294953428,2.382,1.6625592949534274
2019-08-17,1015473678226.0,3330,3159,0,3309.0,25107152699999.992,4.044559294953428,2.382,1.6625592949534274
2019-08-18,1015473678226.0,3330,3159,0,3309.0,25107152699999.992,4.044559294953428,2.382,1.6625592949534274
2019-08-19,1015504908590.0,3330,3159,37,3309.0,25411283199999.99,3.9962755937881975,2.382,1.6142755937881974
2019-08-20,1015597604590.0,3330,3159,6,3309.0,25233937799999.977,4.024728968738288,2.382,1.642728968738287
2019-08-21,1015733965522.0,3330,3160,15,3309.0,25449638700000.004,3.9911527919726417,2.382,1.6091527919726416
2019-08-22,1015667451522.0,3330,3160,11,3309.0,25427130399999.984,3.994424205737351,2.382,1.612424205737351
2019-08-23,1015746171950.0,3330,3160,17,3309.0,24763658900000.023,4.101761278701828,2.382,1.7197612787018275
2019-08-24,1015746171950.0,3330,3160,0,3309.0,24763658900000.023,4.101761278701828,2.382,1.7197612787018275
2019-08-25,1015746171950.0,3330,3160,0,3309.0,24763658900000.023,4.101761278701828,2.382,1.7197612787018275
2019-08-26,1015849793950.0,3330,3160,7,3309.0,25020913900000.023,4.060002756134336,2.382,1.6780027561343354
2019-08-27,1015191623941.0,3330,3160,21,3309.0,24908722100000.004,4.075647156306745,2.382,1.6936471563067452
2019-08-28,1015207971723.0,3330,3160,18,3309.0,25078826299999.973,4.048068117617614,2.382,1.666068117617614
2019-08-29,1017178782562.0,3330,3160,31,3309.0,25406916500000.016,4.003550696764006,2.382,1.621550696764006
2019-08-30,1017689956772.0,3328,3157,22,3307.0,25403962200000.035,4.006028464221218,2.382,1.6240284642212175
2019-08-31,1017689956772.0,3328,3157,0,3307.0,25403962200000.035,4.006028464221218,2.382,1.6240284642212175
2019-09-01,1017689956772.0,3328,3157,0,3307.0,25403962200000.035,4.006028464221218,2.382,1.6240284642212175
2019-09-02,1017689956772.0,3328,3157,0,3307.0,25403962200000.035,4.006028464221218,2.382,1.6240284642212175
2019-09-03,1016695778766.0,3328,3157,6,3307.0,25197280199999.93,4.034942544179839,1.9526,2.082342544179839
2019-09-04,1017147924766.0,3327,3156,17,3306.0,25477195699999.99,3.99238572699742,1.9526,2.03978572699742
2019-09-05,1015925499863.0,3326,3155,34,3305.0,25806022700000.023,3.936776742674876,1.9526,1.984176742674876
2019-09-06,1017601564836.0,3326,3155,32,3305.0,25798014699999.98,3.9444956391780055,1.9526,1.9918956391780056
2019-09-07,1017601564836.0,3326,3155,0,3305.0,25798014699999.98,3.9444956391780055,1.9526,1.9918956391780056
2019-09-08,1017601564836.0,3326,3155,0,3305.0,25798014699999.98,3.9444956391780055,1.9526,1.9918956391780056
2019-09-09,1017225210023.0,3327,3156,29,3306.0,25783121699999.973,3.9453143876794448,1.9526,1.9927143876794449
2019-09-10,1017662296536.0,3327,3157,16,3306.0,25829324699999.99,3.939949295445577,1.9526,1.9873492954455771
2019-09-11,1017691423827.0,3327,3156,18,3306.0,26053101300000.016,3.906219885718555,1.9526,1.9536198857185552
2019-09-12,1017558744092.0,3328,3155,28,3307.0,26095105599999.99,3.899423745163922,1.9526,1.9468237451639228
2019-09-13,1017105213319.0,3332,3155,23,3311.0,26051842499999.965,3.904158461417849,1.9526,1.9515584614178487
2019-09-14,1017105213319.0,3332,3155,0,3311.0,26051842499999.965,3.904158461417849,1.9526,1.9515584614178487
2019-09-15,1017105213319.0,3332,3155,0,3311.0,26051842499999.965,3.904158461417849,1.9526,1.9515584614178487
2019-09-16,1017106383315.0,3333,3155,13,3312.0,26034380400000.02,3.9067816006675513,1.9526,1.9541816006675516
2019-09-17,1016738588315.0,3334,3155,9,3313.0,26088330600000.0,3.897292639778952,1.9526,1.9446926397789523
2019-09-18,1016624651332.0,3334,3153,4,3313.0,26056238800000.027,3.901655412108055,1.9526,1.9490554121080552
2019-09-19,1016263849332.0,3335,3151,4,3314.0,26062039399999.914,3.899402628222576,1.9526,1.9468026282225763
2019-09-20,1015780054332.0,3334,3151,5,3313.0,25946967499999.965,3.914831489776218,1.9526,1.9622314897762188
2019-09-21,1015780054332.0,3334,3151,0,3313.0,25946967499999.965,3.914831489776218,1.9526,1.9622314897762188
2019-09-22,1015780054332.0,3334,3151,0,3313.0,25946967499999.965,3.914831489776218,1.9526,1.9622314897762188
2019-09-23,1015773629242.0,3334,3151,6,3313.0,25930599399999.95,3.9172778599248335,1.9526,1.9646778599248345
2019-09-24,1016031194135.0,3333,3150,6,3312.0,25645045599999.965,3.9619005167025376,1.9526,2.0093005167025377
2019-09-25,1015972808193.0,3328,3145,4,3307.0,25812449100000.043,3.9359798996872337,1.9526,1.9833798996872336
2019-09-26,1015803946742.0,3329,3145,14,3308.0,25717240299999.945,3.949894836663334,1.9526,1.9972948366633343
2019-09-27,1015825737283.0,3329,3145,12,3308.0,25525163799999.973,3.979703108831768,1.9526,2.0271031088317684
2019-09-28,1014880151283.0,3327,3143,0,3308.0,25525163799999.973,3.975998584122705,1.9526,2.0233985841227047
2019-09-29,1014880151283.0,3327,3143,0,3308.0,25525163799999.973,3.975998584122705,1.9526,2.0233985841227047
2019-09-30,1014848540755.0,3327,3144,16,3306.0,25686219400000.062,3.950945543800025,1.9526,1.9983455438000248
2019-10-01,1015101025755.0,3328,3144,9,3307.0,25367957799999.96,4.001508650235146,1.9526,2.048908650235146
2019-10-02,1015139557755.0,3329,3144,7,3308.0,24961488500000.023,4.0668230091927375,1.9526,2.1142230091927376
2019-10-03,1015302709861.0,3331,3143,11,3310.0,25189265800000.0,4.030695923900252,2.0321,1.998595923900252
2019-10-04,1014816243861.0,3331,3143,8,3310.0,25500662499999.965,3.979568153811696,2.0321,1.947468153811696
2019-10-05,1014784743861.0,3330,3142,0,3310.0,25500662499999.965,3.9794446276091904,2.0321,1.9473446276091904
2019-10-06,1014784743861.0,3330,3142,0,3310.0,25500662499999.965,3.9794446276091904,2.0321,1.9473446276091904
2019-10-07,1014792800861.0,3330,3142,3,3309.0,25399741000000.03,3.995287986838129,2.0321,1.963187986838129
2019-10-08,1015041563744.0,3328,3140,8,3307.0,25009033200000.0,4.058699733118832,2.0321,2.0265997331188323
2019-10-09,1014823453296.0,3327,3139,5,3306.0,25215223899999.99,4.0246458144518025,2.0321,1.992545814451803
2019-10-10,1015540506681.0,3327,3139,9,3306.0,25351311799999.99,4.005869655553685,2.0321,1.973769655553685
2019-10-11,1016445635520.0,3325,3136,6,3304.0,25659644000000.04,3.961261643068776,2.0321,1.929161643068776
2019-10-12,1016445635520.0,3325,3136,0,3304.0,25659644000000.04,3.961261643068776,2.0321,1.929161643068776
2019-10-13,1016445635520.0,3325,3136,0,3304.0,25659644000000.04,3.961261643068776,2.0321,1.929161643068776
2019-10-14,1016445635520.0,3325,3136,0,3304.0,25607018100000.008,3.969402573742078,2.0321,1.937302573742078
2019-10-15,1016349552755.0,3324,3135,21,3303.0,25860337799999.973,3.9301480151392334,2.0321,1.8980480151392345
2019-10-16,1017088283549.0,3324,3135,7,3303.0,25791110699999.92,3.9435613897349646,2.0321,1.9114613897349648
2019-10-17,1014039157573.0,3326,3136,12,3305.0,25890481100000.05,3.9166485692419135,2.0321,1.8845485692419135
2019-10-18,1014350860573.0,3326,3135,7,3305.0,25747875399999.95,3.9395516904396777,2.0321,1.9074516904396777
2019-10-19,1014350860573.0,3326,3135,0,3305.0,25747875399999.95,3.9395516904396777,2.0321,1.9074516904396777
2019-10-20,1014350860573.0,3326,3135,0,3305.0,25747875399999.95,3.9395516904396777,2.0321,1.9074516904396777
2019-10-21,1014694558705.0,3326,3135,9,3305.0,25906736400000.008,3.916720898526607,2.0321,1.8846208985266075
2019-10-22,1015790452205.0,3325,3134,20,3304.0,25825620500000.0,3.933266394141431,2.0321,1.9011663941414316
2019-10-23,1011163835202.0,3325,3134,44,3304.0,25884796700000.06,3.9064005289328687,2.0321,1.874300528932869
2019-10-24,1016981540794.0,3324,3133,55,3303.0,25943217800000.0,3.920028535527309,2.0321,1.8879285355273088
2019-10-25,1022909799794.0,3327,3133,70,3306.0,26072261400000.0,3.9233643146658537,2.0321,1.8912643146658537
2019-10-26,1022882392794.0,3326,3132,0,3306.0,26072261400000.0,3.9232591952840727,2.0321,1.891159195284073
2019-10-27,1022882392794.0,3326,3132,0,3306.0,26072261400000.0,3.9232591952840727,2.0321,1.891159195284073
2019-10-28,1024630266770.0,3326,3132,42,3305.0,26230117600000.05,3.906312134757634,2.0321,1.8742121347576344
2019-10-29,1030471805770.0,3324,3130,62,3303.0,26175803999999.957,3.936734114337049,2.0321,1.904634114337049
2019-10-30,1040032491770.0,3323,3128,182,3302.0,26258679700000.01,3.96071890762276,2.0321,1.92861890762276
2019-10-31,1048776769294.0,3323,3128,221,3302.0,26161938800000.062,4.00878840559782,2.0321,1.9766884055978204
2019-11-01,1049215892871.0,3322,3124,140,3301.0,26424031000000.03,3.970688245374064,2.0321,1.9385882453740644
2019-11-02,1049235906114.0,3321,3123,0,3301.0,26424031000000.03,3.9707639841703135,2.0321,1.9386639841703135
2019-11-03,1049235906114.0,3321,3123,0,3301.0,26424031000000.03,3.9707639841703135,2.1897,1.7810639841703133
2019-11-04,1050964001805.0,3322,3124,107,3301.0,26532549100000.004,3.9610366793027056,2.1897,1.7713366793027054
2019-11-05,1051998947350.0,3323,3128,236,3302.0,26503698300000.004,3.969253405476623,2.1897,1.7795534054766224
2019-11-06,1056817040852.0,3323,3132,283,3302.0,26459953900000.008,3.994024497722197,2.1897,1.804324497722196
2019-11-07,1052970367460.0,3325,3134,381,3304.0,26559763000000.03,3.9645322417221824,2.1897,1.7748322417221822
2019-11-08,1052352173630.0,3327,3134,262,3306.0,26649417399999.98,3.948874971015317,2.1897,1.7591749710153168
2019-11-09,1052352173630.0,3327,3134,0,3306.0,26649417399999.98,3.948874971015317,2.1897,1.7591749710153168
2019-11-10,1052352173630.0,3327,3134,0,3306.0,26649417399999.98,3.948874971015317,2.1897,1.7591749710153168
2019-11-11,1052352173630.0,3328,3134,0,3307.0,26604025599999.992,3.9556125432009823,2.1897,1.765912543200982
2019-11-12,1051442941820.0,3327,3143,362,3306.0,26646875800000.01,3.9458394661786182,2.1897,1.7561394661786185
2019-11-13,1051987524611.0,3327,3143,119,3306.0,26670084299999.977,3.9444476919444944,2.1897,1.7547476919444942
2019-11-14,1052677014496.0,3328,3152,244,3307.0,26685695000000.047,3.9447239972427104,2.1897,1.7550239972427102
2019-11-15,1045572106659.0,3328,3152,19,3307.0,26906147900000.0,3.8859970239701247,2.1897,1.6962970239701245
2019-11-16,1045749363508.0,3326,3150,0,3307.0,26906147900000.0,3.886655820798488,2.1897,1.6969558207984878
2019-11-17,1045749363508.0,3326,3150,0,3307.0,26906147900000.0,3.886655820798488,2.1897,1.6969558207984878
2019-11-18,1045863363674.0,3326,3150,19,3305.0,26910618800000.023,3.886433721375441,2.1897,1.6967337213754408
2019-11-19,1045943943517.0,3327,3151,47,3306.0,26898070099999.9,3.888546425927427,2.1897,1.6988464259274267
2019-11-20,1043918592517.0,3328,3150,9,3307.0,26808995500000.035,3.893911625733976,2.1897,1.704211625733976
2019-11-21,1036153235517.0,3326,3148,7,3305.0,26681201499999.992,3.8834579301722982,2.1897,1.6937579301722985
2019-11-22,1036511416517.0,3328,3147,16,3307.0,26729717699999.984,3.87774920839138,2.1897,1.68804920839138
2019-11-23,1036511416517.0,3328,3147,0,3307.0,26729717699999.984,3.87774920839138,2.1897,1.68804920839138
2019-11-24,1036511416517.0,3328,3147,0,3307.0,26729717699999.984,3.87774920839138,2.1897,1.68804920839138
2019-11-25,1036880220007.0,3328,3147,17,3307.0,26979468199999.96,3.843219637691011,2.1897,1.6535196376910108
2019-11-26,1036666482007.0,3329,3147,25,3308.0,27045416400000.08,3.833057944735496,2.1897,1.643357944735496
2019-11-27,1037150227007.0,3328,3146,18,3307.0,27160463800000.0,3.818602784710179,2.1897,1.628902784710179
2019-11-28,1037150227007.0,3328,3146,0,3307.0,27160463800000.0,3.818602784710179,2.1897,1.628902784710179
2019-11-29,1037166561007.0,3328,3147,4,3307.0,27027137100000.004,3.837500646737016,2.1897,1.6478006467370152
2019-11-30,1037166561007.0,3328,3147,0,3307.0,27027137100000.004,3.837500646737016,2.1897,1.6478006467370152
2019-12-01,1037166561007.0,3328,3147,0,3307.0,27027137100000.004,3.837500646737016,2.1897,1.6478006467370152
2019-12-02,1037166561007.0,3328,3147,1,3307.0,26774604100000.01,3.8736952267652742,2.1897,1.6839952267652745
2019-12-03,1037078052007.0,3328,3147,9,3307.0,26626265699999.94,3.894943675886936,2.1636,1.7313436758869352
2019-12-04,1032889233007.0,3327,3146,18,3306.0,26774818099999.99,3.8576890761659386,2.1636,1.6940890761659384
2019-12-05,1031885723292.0,3326,3144,31,3305.0,26772024799999.977,3.854343222078596,2.1636,1.6907432220785958
2019-12-06,1032664928292.0,3325,3143,35,3304.0,27008109500000.04,3.823536513327593,2.1636,1.659936513327593
2019-12-07,1032664928292.0,3325,3143,0,3304.0,27008109500000.04,3.823536513327593,2.1636,1.659936513327593
2019-12-08,1032664928292.0,3325,3143,0,3304.0,27008109500000.04,3.823536513327593,2.1636,1.659936513327593
2019-12-09,1033540738533.0,3325,3143,20,3304.0,26928513299999.99,3.838090603141468,2.1636,1.674490603141468
2019-12-10,1033530163414.0,3324,3142,35,3303.0,26904128699999.99,3.8415299560100618,2.1636,1.6779299560100616
2019-12-11,1033344409180.0,3325,3142,25,3304.0,26984951699999.97,3.829335774501317,2.1636,1.6657357745013166
2019-12-12,1033059864577.0,3325,3141,20,3304.0,27167515200000.09,3.802555577762212,2.1636,1.638955577762212
2019-12-13,1032721068552.0,3325,3140,19,3304.0,27155010199999.973,3.80305903384268,2.1636,1.639459033842679
2019-12-14,1032721068552.0,3325,3140,0,3304.0,27155010199999.973,3.80305903384268,2.1636,1.639459033842679
2019-12-15,1032721068552.0,3325,3140,0,3304.0,27155010199999.973,3.80305903384268,2.1636,1.639459033842679
2019-12-16,1032721384804.0,3325,3140,9,3304.0,27364513600000.0,3.7739438745368377,2.1636,1.6103438745368377
2019-12-17,1032628100263.0,3322,3137,9,3301.0,27365541700000.02,3.773461207468074,2.1636,1.6098612074680738
2019-12-18,1032783924493.0,3321,3136,9,3300.0,27390681699999.93,3.770566705147038,2.1636,1.606966705147038
2019-12-19,1033237572395.0,3319,3134,15,3298.0,27535223499999.973,3.752421230192669,2.1636,1.5888212301926692
2019-12-20,1031361110154.0,3319,3134,26,3298.0,27686139599999.992,3.72518930069254,2.1636,1.56158930069254
2019-12-21,1031745013154.0,3318,3133,0,3298.0,27686139599999.992,3.726575925933712,2.1636,1.5629759259337122
2019-12-22,1031745013154.0,3318,3133,0,3298.0,27686139599999.992,3.726575925933712,2.1636,1.5629759259337122
2019-12-23,1031722086587.0,3318,3133,14,3297.0,27744772500000.043,3.718617936358996,2.1636,1.555017936358996
2019-12-24,1031646396587.0,3317,3132,1,3296.0,27743273600000.02,3.718546021140776,2.1636,1.5549460211407755
2019-12-25,1031646396587.0,3317,3132,0,3296.0,27743273600000.02,3.718546021140776,2.1636,1.5549460211407755
2019-12-26,1031430894587.0,3317,3132,6,3296.0,27883443999999.98,3.699079979456629,2.1636,1.5354799794566292
2019-12-27,1031608189579.0,3315,3130,7,3294.0,27852357800000.004,3.703845099889532,2.1636,1.5402450998895318
2019-12-28,1031416008579.0,3312,3127,0,3294.0,27852357800000.004,3.703155100854693,2.1636,1.5395551008546926
2019-12-29,1031416008579.0,3312,3127,0,3294.0,27852357800000.004,3.703155100854693,2.1636,1.5395551008546926
2019-12-30,1031416008579.0,3312,3127,0,3291.0,27668439799999.99,3.7277707598785543,2.1636,1.5641707598785546
2019-12-31,1031415564579.0,3310,3125,2,3290.0,27752547899999.96,3.7164716129685575,2.1636,1.5528716129685574
2020-01-01,1031384020579.0,3308,3123,0,3290.0,27752547899999.96,3.716357951332467,2.1636,1.5527579513324667
2020-01-02,1031357903579.0,3309,3123,4,3289.0,27979116400000.05,3.686170388064857,2.1636,1.522570388064857
2020-01-03,1031545685579.0,3309,3123,5,3289.0,27825868899999.992,3.707146358254424,2.2444,1.462746358254424
2020-01-04,1031765521579.0,3307,3121,0,3289.0,27825868899999.992,3.707936400070513,2.2444,1.4635364000705129
2020-01-05,1031765521579.0,3307,3121,0,3289.0,27825868899999.992,3.707936400070513,2.2444,1.4635364000705129
2020-01-06,1031814853579.0,3308,3121,8,3288.0,27947122400000.008,3.6920253856940906,2.2444,1.4476253856940904
2020-01-07,1031754030863.0,3308,3121,6,3288.0,27899622400000.004,3.69809317155131,2.2444,1.45369317155131
2020-01-08,1032571125654.0,3308,3121,11,3288.0,28011121000000.06,3.686289904834576,2.2444,1.4418899048345757
2020-01-09,1032640044079.0,3307,3120,19,3287.0,28169828299999.977,3.6657661987914953,2.2444,1.4213661987914952
2020-01-10,1032635005674.0,3307,3120,7,3287.0,28098628700000.023,3.675037015859778,2.2444,1.430637015859778
2020-01-11,1032725918674.0,3306,3119,0,3287.0,28098628700000.023,3.675360565457058,2.2444,1.430960565457058
2020-01-12,1032725918674.0,3306,3119,0,3287.0,28098628700000.023,3.675360565457058,2.2444,1.430960565457058
2020-01-13,1032727769987.0,3306,3119,6,3286.0,28308668099999.992,3.648097347211472,2.2444,1.4036973472114722
2020-01-14,1032747511654.0,3306,3119,14,3286.0,28300378100000.04,3.649235738140186,2.2444,1.4048357381401857
2020-01-15,1033042185654.0,3304,3117,0,3284.0,28362160100000.04,3.642325485829264,2.2444,1.3979254858292631
2020-01-16,1033128622654.0,3303,3116,5,3283.0,28604603099999.977,3.611756538072716,2.2444,1.3673565380727162
2020-01-17,1033289574654.0,3302,3115,1,3282.0,28659808299999.93,3.6053610821046655,2.2444,1.3609610821046654
2020-01-18,1033289574654.0,3302,3115,0,3282.0,28659808299999.93,3.6053610821046655,2.2444,1.3609610821046654
2020-01-19,1033289574654.0,3302,3115,0,3282.0,28659808299999.93,3.6053610821046655,2.2444,1.3609610821046654
2020-01-20,1033289574654.0,3302,3115,0,3282.0,28659808299999.93,3.6053610821046655,2.2444,1.3609610821046654
2020-01-21,1033540537108.0,3302,3115,8,3282.0,28578910199999.95,3.6164448884688474,2.2444,1.3720448884688463
2020-01-22,1033591815150.0,3302,3115,5,3282.0,28570209000000.027,3.61772577564973,2.2444,1.3733257756497297
2020-01-23,1034130325150.0,3302,3115,5,3282.0,28598874999999.96,3.61598253480251,2.2444,1.37158253480251
2020-01-24,1035699996150.0,3301,3113,12,3281.0,28309397600000.008,3.6585024195287,2.2444,1.4141024195287
2020-01-25,1035699996150.0,3301,3113,0,3281.0,28309397600000.008,3.6585024195287,2.2444,1.4141024195287
2020-01-26,1035699996150.0,3301,3113,0,3281.0,28309397600000.008,3.6585024195287,2.2444,1.4141024195287
2020-01-27,1036197817537.0,3301,3113,10,3281.0,27865166099999.973,3.718613461044472,2.2444,1.4742134610444722
2020-01-28,1034971533885.0,3300,3112,18,3280.0,28147139000000.03,3.677004380036631,2.2444,1.432604380036631
2020-01-29,1041765763362.0,3301,3112,27,3281.0,28087561699999.883,3.7089932351159,2.2444,1.4645932351158994
2020-01-30,1043410279936.0,3302,3112,22,3282.0,28115349600000.035,3.711176616263732,2.2444,1.4667766162637317
2020-01-31,1041348927195.0,3304,3111,31,3284.0,27649867500000.008,3.766198616304399,2.2444,1.5217986163043986
2020-02-01,1041266895195.0,3303,3110,0,3284.0,27649867500000.008,3.765901934955022,2.2444,1.5215019349550216
2020-02-02,1041266895195.0,3303,3110,0,3284.0,27649867500000.008,3.765901934955022,2.2444,1.5215019349550216
2020-02-03,1041328991195.0,3303,3110,10,3283.0,27870665900000.05,3.736290316604879,2.0069,1.7293903166048787
2020-02-04,1043096110195.0,3302,3108,49,3282.0,28338589300000.04,3.680832871221993,2.0069,1.673932871221993
2020-02-05,1042012383632.0,3301,3107,57,3281.0,28574981000000.04,3.6465899439513136,2.0069,1.6396899439513135
2020-02-06,1044506560277.0,3304,3106,79,3284.0,28677321499999.977,3.6422737746863874,2.0069,1.6353737746863874
2020-02-07,1045370686389.0,3305,3106,60,3285.0,28510712499999.965,3.666589133431868,2.0069,1.6596891334318684
2020-02-08,1045243907389.0,3303,3104,0,3285.0,28510712499999.965,3.666144461977235,2.0069,1.6592444619772353
2020-02-09,1045243907389.0,3303,3104,0,3285.0,28510712499999.965,3.666144461977235,2.0069,1.6592444619772353
2020-02-10,1044149711353.0,3303,3104,49,3283.0,28738019800000.016,3.6333391048502217,2.0069,1.6264391048502218
2020-02-11,1045460145877.0,3303,3103,35,3283.0,28831475400000.0,3.626106993737129,2.0069,1.6192069937371292
2020-02-12,1045333513918.0,3303,3103,40,3283.0,29061206200000.023,3.597006630502485,2.0069,1.590106630502485
2020-02-13,1043996681498.0,3307,3106,84,3287.0,29015312599999.992,3.598088691617268,2.0069,1.5911886916172675
2020-02-14,1049444332621.0,3309,3107,87,3289.0,29054002599999.934,3.612047355640432,2.0069,1.605147355640432
2020-02-15,1049444332621.0,3309,3107,0,3289.0,29054002599999.934,3.612047355640432,2.0069,1.605147355640432
2020-02-16,1049444332621.0,3309,3107,0,3289.0,29054002599999.934,3.612047355640432,2.0069,1.605147355640432
2020-02-17,1049444332621.0,3309,3107,0,3289.0,29054002599999.934,3.612047355640432,2.0069,1.605147355640432
2020-02-18,1049278566621.0,3309,3107,57,3289.0,29025788400000.008,3.6149873077039305,2.0069,1.6080873077039306
2020-02-19,1050697618429.0,3309,3108,85,3289.0,29180540699999.99,3.6006790594836384,2.0069,1.5937790594836383
2020-02-20,1055847917405.0,3309,3107,120,3289.0,29083037800000.01,3.630459529936036,2.0069,1.6235595299360357
2020-02-21,1051969016104.0,3310,3107,113,3290.0,28761345999999.957,3.6575792249222334,2.0069,1.6506792249222335
2020-02-22,1051969016104.0,3310,3107,0,3290.0,28761345999999.957,3.6575792249222334,2.0069,1.6506792249222335
2020-02-23,1051969016104.0,3310,3107,0,3290.0,28761345999999.957,3.6575792249222334,2.0069,1.6506792249222335
2020-02-24,1054334538652.0,3310,3107,77,3290.0,27829365700000.08,3.788568341864856,2.0069,1.7816683418648562
2020-02-25,1057204228106.0,3310,3108,122,3290.0,27000965199999.992,3.91543124579117,2.0069,1.90853124579117
2020-02-26,1056915182187.0,3309,3110,135,3289.0,26864845500000.023,3.9341941578893462,2.0069,1.9272941578893468
2020-02-27,1057282512273.0,3309,3111,212,3289.0,25717676199999.945,4.111112155121552,2.0069,2.104212155121552
2020-02-28,1056773908636.0,3310,3114,177,3290.0,25591676000000.016,4.129365769697926,2.0069,2.122465769697926
2020-02-29,1056818969636.0,3309,3113,0,3290.0,25591676000000.016,4.129541846481642,2.0069,2.122641846481642
2020-03-01,1056818969636.0,3309,3113,0,3290.0,25591676000000.016,4.129541846481642,2.0069,2.122641846481642
2020-03-02,1051273977477.0,3309,3118,152,3289.0,26643866800000.03,3.9456509273533777,2.0069,1.9387509273533776
2020-03-03,1051767692993.0,3307,3119,39,3288.0,25956075799999.992,4.052105954294525,1.6145,2.437605954294525
2020-03-04,1052168773918.0,3306,3122,51,3287.0,26999530000000.0,3.89698922136052,1.6145,2.28248922136052
2020-03-05,1053149779545.0,3305,3122,61,3286.0,26137698799999.934,4.0292368031458174,1.6145,2.4147368031458174
2020-03-06,1053409783394.0,3306,3122,55,3287.0,25695156699999.98,4.099643351830584,1.6145,2.485143351830584
2020-03-07,1053236783394.0,3305,3121,0,3287.0,25695156699999.98,4.098970073196716,1.6145,2.484470073196716
2020-03-08,1053236783394.0,3305,3121,0,3287.0,25695156699999.98,4.098970073196716,1.6145,2.484470073196716
2020-03-09,1053247223904.0,3305,3121,41,3286.0,23738624700000.03,4.436850227064749,1.6145,2.822350227064749
2020-03-10,1052926212278.0,3305,3125,66,3286.0,24839110699999.92,4.23898514320806,1.6145,2.62448514320806
2020-03-11,1054515711211.0,3306,3130,72,3287.0,23584128400000.016,4.471293970783331,1.6145,2.856793970783331
2020-03-12,1055469311106.0,3307,3138,111,3288.0,21318831499999.96,4.95087787107845,1.6145,3.336377871078449
2020-03-13,1056025665665.0,3306,3139,105,3287.0,23122456500000.0,4.567099804750417,1.6145,2.952599804750417
2020-03-14,1056025665665.0,3306,3139,0,3287.0,23122456500000.0,4.567099804750417,1.6145,2.952599804750417
2020-03-15,1056025665665.0,3306,3139,0,3287.0,23122456500000.0,4.567099804750417,1.6145,2.952599804750417
2020-03-16,1056356744434.0,3306,3145,138,3287.0,20344369300000.062,5.192378927342793,1.6145,3.5778789273427933
2020-03-17,1056284155738.0,3306,3147,28,3287.0,21471022900000.01,4.919580034251649,1.6145,3.3050800342516493
2020-03-18,1056349958917.0,3306,3150,23,3287.0,20324754600000.0,5.197356522656367,1.6145,3.582856522656367
2020-03-19,1056372982828.0,3307,3153,35,3288.0,20655031300000.01,5.114361568786388,1.6145,3.4998615687863874
2020-03-20,1057302999673.0,3307,3155,35,3288.0,19868860599999.984,5.321407306431054,1.6145,3.7069073064310536
2020-03-21,1057306784673.0,3306,3154,0,3288.0,19868860599999.984,5.32142635634074,1.6145,3.70692635634074
2020-03-22,1057306784673.0,3306,3154,0,3288.0,19868860599999.984,5.32142635634074,1.6145,3.70692635634074
2020-03-23,1058180759311.0,3307,3160,21,3288.0,19473046599999.98,5.434079119961646,1.6145,3.8195791199616456
2020-03-24,1057902904382.0,3306,3164,27,3287.0,21142302500000.02,5.003726081310203,1.6145,3.3892260813102038
2020-03-25,1058304719177.0,3306,3168,38,3287.0,21356804000000.0,4.955351555302938,1.6145,3.340851555302938
2020-03-26,1057263503598.0,3306,3170,52,3287.0,22631020300000.098,4.671744753805887,1.6145,3.057244753805888
2020-03-27,1058555089298.0,3306,3175,66,3287.0,21854853899999.957,4.843569735773902,1.6145,3.2290697357739018
2020-03-28,1058815433298.0,3304,3173,0,3287.0,21854853899999.957,4.844760976864743,1.6145,3.230260976864743
2020-03-29,1058815433298.0,3304,3173,0,3287.0,21854853899999.957,4.844760976864743,1.6145,3.230260976864743
2020-03-30,1058734319160.0,3304,3178,145,3285.0,22543828400000.008,4.696337730995148,1.6145,3.081837730995148
2020-03-31,1058760617973.0,3304,3178,31,3285.0,22297483000000.023,4.748341406843988,1.6145,3.133841406843988
2020-04-01,1061073439312.0,3302,3175,17,3283.0,21289000200000.043,4.98413936466588,1.6145,3.3696393646658795
2020-04-02,1061772993059.0,3302,3176,8,3283.0,21680784700000.0,4.897299649209653,1.6145,3.2827996492096534
2020-04-03,1059282932774.0,3301,3174,10,3282.0,21307696200000.023,4.971363036300465,1.2094,3.761963036300465
2020-04-04,1059282888884.0,3300,3173,0,3282.0,21307696200000.023,4.9713628303185535,1.2094,3.7619628303185535
2020-04-05,1059282888884.0,3300,3173,0,3282.0,21307696200000.023,4.9713628303185535,1.2094,3.7619628303185535
2020-04-06,1059288082084.0,3300,3173,12,3280.0,22769532399999.984,4.6522171095792935,1.2094,3.442817109579293
2020-04-07,1060689816854.0,3299,3172,14,3279.0,22741271700000.0,4.664162281012632,1.2094,3.454762281012632
2020-04-08,1060819765145.0,3300,3172,9,3280.0,23501806299999.99,4.5137797137958735,1.2094,3.304379713795873
2020-04-09,1060782113063.0,3301,3172,11,3281.0,23791027199999.957,4.4587486876691145,1.2094,3.2493486876691144
2020-04-10,1060736084349.0,3301,3172,5,3281.0,23791027199999.957,4.458555216770977,1.2094,3.2491552167709767
2020-04-11,1060736084349.0,3301,3172,0,3281.0,23791027199999.957,4.458555216770977,1.2094,3.2491552167709767
2020-04-12,1060736084349.0,3301,3172,0,3281.0,23791027199999.957,4.458555216770977,1.2094,3.2491552167709767
2020-04-13,1060781019203.0,3301,3172,12,3281.0,23666713900000.008,4.482164375186027,1.2094,3.272764375186027
2020-04-14,1060915625389.0,3301,3172,31,3281.0,24470118000000.023,4.335555821140703,1.2094,3.1261558211407032
2020-04-15,1061027254018.0,3301,3172,9,3281.0,24021226799999.957,4.417040240500964,1.2094,3.207640240500964
2020-04-16,1061044325018.0,3301,3172,6,3281.0,24236706999999.99,4.377840294137321,1.2094,3.1684402941373206
2020-04-17,1060461283443.0,3296,3167,5,3276.0,24794831300000.02,4.27694494313014,1.2094,3.06754494313014
2020-04-18,1060461283443.0,3296,3167,0,3276.0,24794831300000.02,4.27694494313014,1.2094,3.06754494313014
2020-04-19,1060461283443.0,3296,3167,0,3276.0,24794831300000.02,4.27694494313014,1.2094,3.06754494313014
2020-04-20,1061024259177.0,3296,3167,10,3276.0,24425253000000.01,4.343964253623082,1.2094,3.134564253623082
2020-04-21,1061875295959.0,3295,3166,11,3275.0,23676068600000.023,4.485015286528604,1.2094,3.275615286528604
2020-04-22,1062137611505.0,3296,3166,16,3276.0,24235681199999.98,4.382536652219211,1.2094,3.173136652219211
2020-04-23,1062213788264.0,3296,3167,32,3276.0,24286244100000.0,4.373726064393794,1.2094,3.164326064393794
2020-04-24,1063799058264.0,3298,3166,24,3278.0,24626691199999.973,4.319699506623128,1.2094,3.1102995066231283
2020-04-25,1063412059264.0,3297,3165,0,3278.0,24626691199999.973,4.318128045005093,1.2094,3.1087280450050927
2020-04-26,1063412059264.0,3297,3165,0,3278.0,24626691199999.973,4.318128045005093,1.2094,3.1087280450050927
2020-04-27,1064926319268.0,3297,3165,21,3277.0,24988294900000.008,4.261700622350186,1.2094,3.052300622350186
2020-04-28,1058559012096.0,3299,3165,50,3279.0,24836407500000.0,4.262126123095701,1.2094,3.052726123095701
2020-04-29,1048418871369.0,3299,3164,96,3279.0,25540957599999.99,4.104853419313457,1.2094,2.895453419313457
2020-04-30,1050017174569.0,3300,3165,127,3280.0,25318729999999.99,4.147195276259909,1.2094,2.937795276259909
2020-05-01,1055474244558.0,3302,3166,149,3282.0,24560228799999.984,4.297493533765453,1.2094,3.0880935337654534
2020-05-02,1055474244558.0,3302,3166,0,3282.0,24560228799999.984,4.297493533765453,1.2094,3.0880935337654534
2020-05-03,1055474244558.0,3302,3166,0,3282.0,24560228799999.984,4.297493533765453,1.2486,3.0488935337654537
2020-05-04,1054161602928.0,3302,3167,84,3282.0,24730464399999.95,4.2626033457261,1.2486,3.0140033457261
2020-05-05,1056255976879.0,3304,3167,154,3284.0,25001477399999.97,4.224774240257504,1.2486,2.976174240257504
2020-05-06,1054384571703.0,3305,3166,270,3285.0,24952696600000.01,4.225533571000898,1.2486,2.976933571000898
2020-05-07,1056191561605.0,3305,3166,446,3285.0,25285575500000.06,4.177051701295063,1.2486,2.928451701295063
2020-05-08,1059110134863.0,3305,3166,313,3285.0,25757316999999.98,4.111880654584485,1.2486,2.863280654584485
2020-05-09,1059137424863.0,3302,3163,0,3285.0,25757316999999.98,4.111986605060616,1.2486,2.863386605060616
2020-05-10,1059137424863.0,3302,3163,0,3285.0,25757316999999.98,4.111986605060616,1.2486,2.863386605060616
2020-05-11,1057627819402.0,3302,3163,384,3282.0,25848454900000.008,4.0916481216910165,1.2486,2.843048121691017
2020-05-12,1057350887182.0,3302,3163,107,3282.0,25327698500000.04,4.174682066678891,1.2486,2.926082066678891
2020-05-13,1056746569563.0,3302,3163,94,3282.0,24862601900000.008,4.250345856050568,1.2486,3.001745856050568
2020-05-14,1056711854914.0,3302,3161,172,3282.0,25087756099999.93,4.212062054102969,1.2486,2.963462054102969
2020-05-15,1054252717451.0,3303,3162,167,3283.0,25279276700000.01,4.170422793192495,1.2486,2.9218227931924954
2020-05-16,1054254656451.0,3302,3161,0,3283.0,25279276700000.01,4.170430463506891,1.2486,2.9218304635068915
2020-05-17,1054254656451.0,3302,3161,0,3283.0,25279276700000.01,4.170430463506891,1.2486,2.9218304635068915
2020-05-18,1054418480457.0,3302,3161,27,3282.0,26035779800000.062,4.049882463889165,1.2486,2.801282463889165
2020-05-19,1054339466816.0,3301,3160,15,3281.0,25833432200000.004,4.081298445570077,1.2486,2.832698445570077
2020-05-20,1054308082266.0,3302,3160,27,3282.0,26269152700000.016,4.013483397452706,1.2486,2.7648833974527065
2020-05-21,1046293834760.0,3303,3160,24,3283.0,26095113200000.023,4.009539359882903,1.2486,2.7609393598829035
2020-05-22,1046417388379.0,3303,3159,28,3283.0,26186298900000.047,3.996049202581271,1.2486,2.7474492025812705
2020-05-23,1046417388379.0,3303,3159,0,3283.0,26186298900000.047,3.996049202581271,1.2486,2.7474492025812705
2020-05-24,1046417388379.0,3303,3159,0,3283.0,26186298900000.047,3.996049202581271,1.2486,2.7474492025812705
2020-05-25,1046417388379.0,3303,3159,0,3283.0,26186298900000.047,3.996049202581271,1.2486,2.7474492025812705
2020-05-26,1046363672179.0,3303,3159,7,3283.0,26419255900000.008,3.9606099283780343,1.2486,2.712009928378035
2020-05-27,1048558616179.0,3304,3160,23,3284.0,26748047100000.08,3.9201314857075937,1.2486,2.671531485707594
2020-05-28,1052287844762.0,3304,3160,37,3284.0,26651077000000.004,3.948387694658643,1.2486,2.699787694658643
2020-05-29,1053055394203.0,3303,3161,31,3283.0,26847204399999.973,3.9224024167037705,1.2486,2.6738024167037704
2020-05-30,1053085685203.0,3302,3160,0,3283.0,26847204399999.973,3.922515244093725,1.2486,2.673915244093725
2020-05-31,1053085685203.0,3302,3160,0,3283.0,26847204399999.973,3.922515244093725,1.2486,2.673915244093725
2020-06-01,1052207876438.0,3302,3160,20,3282.0,26996232200000.023,3.897610113303141,1.2486,2.6490101133031416
2020-06-02,1051492771226.0,3301,3159,14,3281.0,27215131600000.04,3.863632874095668,1.2486,2.615032874095668
2020-06-03,1055732039065.0,3303,3160,17,3283.0,27560336300000.0,3.830621032969762,1.5305,2.300121032969762
2020-06-04,1054534481593.0,3304,3161,29,3284.0,27416971599999.984,3.846283597540002,1.5305,2.315783597540002
2020-06-05,1053212733693.0,3307,3160,29,3287.0,28077831600000.008,3.7510472628270897,1.5305,2.2205472628270897
2020-06-06,1053212733693.0,3307,3160,0,3287.0,28077831600000.008,3.7510472628270897,1.5305,2.2205472628270897
2020-06-07,1053212733693.0,3307,3160,0,3287.0,28077831600000.008,3.7510472628270897,1.5305,2.2205472628270897
2020-06-08,1052398773608.0,3307,3160,32,3287.0,28482210599999.934,3.694933614485677,1.5305,2.1644336144856764
2020-06-09,1051666914668.0,3309,3160,37,3289.0,28275868300000.0,3.719309000558615,1.5305,2.188809000558615
2020-06-10,1049436111668.0,3308,3159,15,3288.0,28194193300000.03,3.7221710885695,1.5305,2.1916710885695
2020-06-11,1049261471693.0,3308,3158,28,3288.0,26574872800000.035,3.948321708215283,1.5305,2.417821708215283
2020-06-12,1050045692910.0,3312,3158,21,3292.0,26903312900000.0,3.903034904337005,1.5305,2.372534904337005
2020-06-13,1050033167910.0,3311,3157,0,3292.0,26903312900000.0,3.902988348732323,1.5305,2.372488348732323
2020-06-14,1050033167910.0,3311,3157,0,3292.0,26903312900000.0,3.902988348732323,1.5305,2.372488348732323
2020-06-15,1050017834577.0,3311,3157,19,3291.0,27211384200000.004,3.858744659439264,1.5305,2.3282446594392643
2020-06-16,1049879490577.0,3312,3157,9,3292.0,27767068800000.008,3.781023838486688,1.5305,2.2505238384866884
2020-06-17,1049311036924.0,3312,3156,9,3292.0,27675371500000.043,3.791497566433746,1.5305,2.260997566433746
2020-06-18,1049293170362.0,3313,3157,11,3293.0,27720389200000.004,3.785275750608869,1.5305,2.2547757506088693
2020-06-19,1049371363687.0,3315,3157,12,3295.0,27619258399999.977,3.7994190448176575,1.5305,2.2689190448176584
2020-06-20,1049195242687.0,3313,3155,0,3295.0,27619258399999.977,3.798781370201457,1.5305,2.2682813702014566
2020-06-21,1049195242687.0,3313,3155,0,3295.0,27619258399999.977,3.798781370201457,1.5305,2.2682813702014566
2020-06-22,1048336327053.0,3314,3156,15,3294.0,27822336400000.008,3.767966543072205,1.5305,2.237466543072205
2020-06-23,1048307119090.0,3314,3156,8,3294.0,27942294299999.99,3.751685913242996,1.5305,2.221185913242996
2020-06-24,1048462100077.0,3314,3156,17,3294.0,27235143700000.004,3.8496661211925223,1.5305,2.3191661211925227
2020-06-25,1049082375683.0,3313,3155,23,3293.0,27503283099999.97,3.814389619845062,1.5305,2.2838896198450622
2020-06-26,1052647444856.0,3318,3157,26,3298.0,26888320600000.01,3.914887286995528,1.5305,2.384387286995528
2020-06-27,1052674827856.0,3317,3156,0,3298.0,26888320600000.01,3.914989126751187,1.5305,2.384489126751187
2020-06-28,1052674827856.0,3317,3156,0,3298.0,26888320600000.01,3.914989126751187,1.5305,2.384489126751187
2020-06-29,1052979246623.0,3317,3156,47,3297.0,27293643699999.97,3.857965093253567,1.5305,2.3274650932535668
2020-06-30,1052523345651.0,3317,3155,3,3297.0,27720697500000.008,3.796886227884416,1.5305,2.266386227884416
2020-07-01,1054651830511.0,3314,3149,9,3294.0,27848658299999.98,3.787083094451989,1.5305,2.2565830944519893
2020-07-02,1055408172596.0,3315,3148,15,3295.0,27981785500000.074,3.771768504894004,1.5305,2.241268504894004
2020-07-03,1055460196596.0,3314,3147,0,3295.0,27981785500000.074,3.7719544258388975,1.4272,2.3447544258388984
2020-07-04,1055460196596.0,3314,3147,0,3295.0,27981785500000.074,3.7719544258388975,1.4272,2.3447544258388984
2020-07-05,1055460196596.0,3314,3147,0,3295.0,27981785500000.074,3.7719544258388975,1.4272,2.3447544258388984
2020-07-06,1056248026843.0,3314,3147,22,3294.0,28444811299999.95,3.7133240776429473,1.4272,2.2861240776429472
2020-07-07,1055980031507.0,3313,3146,7,3293.0,28183786399999.96,3.746764244235833,1.4272,2.319564244235833
2020-07-08,1055530103507.0,3313,3145,6,3293.0,28430980399999.977,3.712605364488243,1.4272,2.285405364488243
2020-07-09,1055966769490.0,3312,3144,17,3292.0,28336378900000.047,3.726540971295377,1.4272,2.299340971295377
2020-07-10,1051961267984.0,3313,3143,12,3293.0,28569972299999.984,3.682052110299038,1.4272,2.254852110299038
2020-07-11,1051961267984.0,3313,3143,0,3293.0,28569972299999.984,3.682052110299038,1.4272,2.254852110299038
2020-07-12,1051961267984.0,3313,3143,0,3293.0,28569972299999.984,3.682052110299038,1.4272,2.254852110299038
2020-07-13,1052445826000.0,3313,3143,11,3293.0,28157727599999.92,3.737680259397079,1.4272,2.310480259397079
2020-07-14,1052403774000.0,3315,3143,6,3295.0,28553636000000.035,3.6857084470783295,1.4272,2.258508447078329
2020-07-15,1050143309621.0,3316,3142,10,3296.0,28859042999999.96,3.638870871847697,1.4272,2.2116708718476965
2020-07-16,1050063321621.0,3316,3141,9,3296.0,28730332699999.99,3.654894402322743,1.4272,2.2276944023227427
2020-07-17,1050318616621.0,3320,3141,10,3300.0,28847536899999.97,3.6409299700765834,1.4272,2.2137299700765825
2020-07-18,1050318616621.0,3320,3141,0,3300.0,28847536899999.97,3.6409299700765834,1.4272,2.2137299700765825
2020-07-19,1050318616621.0,3320,3141,0,3300.0,28847536899999.97,3.6409299700765834,1.4272,2.2137299700765825
2020-07-20,1052083758771.0,3320,3141,17,3300.0,29180184200000.02,3.605473329297898,1.4272,2.178273329297898
2020-07-21,1051935138571.0,3319,3140,6,3299.0,29163211699999.93,3.607062038955752,1.4272,2.1798620389557524
2020-07-22,1048325879895.0,3321,3139,16,3301.0,29322291099999.957,3.5751840683929426,1.4272,2.1479840683929425
2020-07-23,1049566969613.0,3322,3139,43,3302.0,28915935400000.027,3.6297181989589,1.4272,2.2025181989589
2020-07-24,1050363417613.0,3326,3138,35,3306.0,28694057800000.04,3.660560750710548,1.4272,2.233360750710548
2020-07-25,1050349212613.0,3325,3137,0,3306.0,28694057800000.04,3.660511245687247,1.4272,2.2333112456872466
2020-07-26,1050349212613.0,3325,3137,0,3306.0,28694057800000.04,3.660511245687247,1.4272,2.2333112456872466
2020-07-27,1054942213647.0,3325,3137,30,3305.0,29023805800000.02,3.634748044127967,1.4272,2.2075480441279667
2020-07-28,1062958966450.0,3325,3137,66,3305.0,28784735300000.0,3.6927870114893846,1.4272,2.265587011489385
2020-07-29,1060739690946.0,3326,3136,124,3306.0,29168651600000.004,3.636574310983919,1.4272,2.209374310983919
2020-07-30,1078796400497.0,3327,3137,143,3307.0,29123805100000.047,3.704173945653132,1.4272,2.276973945653132
2020-07-31,1098135258036.0,3333,3137,197,3313.0,29315386799999.97,3.745934739077027,1.4272,2.3187347390770268
2020-08-01,1098136215797.0,3332,3136,0,3313.0,29315386799999.97,3.745938006170197,1.4272,2.318738006170197
2020-08-02,1098136215797.0,3332,3136,0,3313.0,29315386799999.97,3.745938006170197,1.4272,2.318738006170197
2020-08-03,1104783999609.0,3332,3136,104,3312.0,29622836999999.977,3.729500991444543,1.2318,2.4977009914445425
2020-08-04,1113790001379.0,3334,3136,189,3314.0,29801717700000.08,3.737334916701789,1.2318,2.505534916701788
2020-08-05,1108939111822.0,3339,3137,289,3319.0,30003053100000.004,3.696087555242836,1.2318,2.4642875552428354
2020-08-06,1126531883795.0,3341,3140,453,3321.0,30214650600000.04,3.728429293155548,1.2318,2.4966292931555483
2020-08-07,1135802232133.0,3344,3142,291,3324.0,30145898699999.95,3.767684100036474,1.2318,2.5358841000364736
2020-08-08,1135802232133.0,3344,3142,0,3324.0,30145898699999.95,3.767684100036474,1.2318,2.5358841000364736
2020-08-09,1135802232133.0,3344,3142,0,3324.0,30145898699999.95,3.767684100036474,1.2318,2.5358841000364736
2020-08-10,1134947267091.0,3345,3147,324,3325.0,30251483700000.098,3.751707778521277,1.2318,2.5199077785212776
2020-08-11,1135248425855.0,3345,3149,111,3325.0,29922949400000.008,3.793905509378028,1.2318,2.5621055093780285
2020-08-12,1135895382291.0,3349,3155,108,3329.0,30397747399999.99,3.7367748581626814,1.2318,2.504974858162682
2020-08-13,1135391892813.0,3351,3155,177,3331.0,30406786200000.02,3.734008209039202,1.2318,2.5022082090392024
2020-08-14,1134970304662.0,3354,3157,218,3334.0,30398326499999.98,3.733660485099404,1.2318,2.501860485099404
2020-08-15,1135024565662.0,3353,3156,0,3334.0,30398326499999.98,3.733838985057288,1.2318,2.502038985057288
2020-08-16,1135024565662.0,3353,3156,0,3334.0,30398326499999.98,3.733838985057288,1.2318,2.502038985057288
2020-08-17,1135173505167.0,3353,3156,20,3333.0,30602085400000.008,3.709464535926691,1.2318,2.477664535926692
2020-08-18,1135821210747.0,3354,3155,15,3334.0,30699900199999.98,3.699755384699917,1.2318,2.467955384699917
2020-08-19,1136260166439.0,3358,3156,30,3338.0,30546641000000.008,3.719754870720482,1.2318,2.4879548707204817
2020-08-20,1136283427705.0,3358,3156,13,3338.0,30691842800000.04,3.702232658721289,1.2318,2.470432658721289
2020-08-21,1136797152803.0,3358,3152,10,3338.0,30786347800000.02,3.6925365755888695,1.2318,2.4607365755888697
2020-08-22,1136797152803.0,3358,3152,0,3338.0,30786347800000.02,3.6925365755888695,1.2318,2.4607365755888697
2020-08-23,1136797152803.0,3358,3152,0,3338.0,30786347800000.02,3.6925365755888695,1.2318,2.4607365755888697
2020-08-24,1136580426269.0,3358,3152,9,3338.0,31008489600000.01,3.665384676682219,1.2318,2.43358467668222
2020-08-25,1142240850545.0,3358,3152,15,3338.0,31128486400000.09,3.669439097896507,1.2318,2.437639097896507
2020-08-26,1149408598545.0,3359,3151,16,3339.0,31503212299999.992,3.648544115436128,1.2318,2.416744115436128
2020-08-27,1151534646903.0,3360,3151,28,3340.0,31511582600000.03,3.654321845780602,1.2318,2.4225218457806017
2020-08-28,1155517105903.0,3361,3151,20,3341.0,31748624699999.96,3.639581609665761,1.2318,2.4077816096657614
2020-08-29,1155246684903.0,3359,3149,0,3341.0,31748624699999.96,3.6387298530855774,1.2318,2.406929853085577
2020-08-30,1155246684903.0,3359,3149,0,3341.0,31748624699999.96,3.6387298530855774,1.2318,2.406929853085577
2020-08-31,1158105020005.0,3360,3150,23,3340.0,31769514899999.99,3.645334288705178,1.2318,2.4135342887051783
2020-09-01,1158322879005.0,3360,3150,10,3340.0,32104251000000.02,3.6080046813893873,1.2318,2.376204681389387
2020-09-02,1163750226704.0,3361,3149,11,3340.0,32494544199999.98,3.5813711358474776,1.2318,2.3495711358474773
2020-09-03,1165730525843.0,3361,3148,32,3340.0,31219113699999.96,3.734028252836023,1.3616,2.3724282528360234
2020-09-04,1165577741430.0,3362,3147,37,3341.0,30911024200000.023,3.770750958908696,1.3616,2.409150958908696
2020-09-05,1165781236430.0,3359,3144,0,3341.0,30911024200000.023,3.771409283908487,1.3616,2.409809283908487
2020-09-06,1165781236430.0,3359,3144,0,3341.0,30911024200000.023,3.771409283908487,1.3616,2.409809283908487
2020-09-07,1165781236430.0,3359,3144,0,3341.0,30911024200000.023,3.771409283908487,1.3616,2.409809283908487
2020-09-08,1166280803152.0,3359,3144,22,3338.0,30003248900000.02,3.887181708351589,1.3616,2.525581708351589
2020-09-09,1169857009971.0,3360,3145,44,3339.0,30655490899999.96,3.8161418252512855,1.3616,2.454541825251286
2020-09-10,1170294990137.0,3361,3144,31,3340.0,30154491900000.0,3.880997212680609,1.3616,2.519397212680609
2020-09-11,1171248175909.0,3363,3145,29,3342.0,30117565099999.965,3.888920541949792,1.3616,2.527320541949792
2020-09-12,1171248175909.0,3363,3145,0,3342.0,30117565099999.965,3.888920541949792,1.3616,2.527320541949792
2020-09-13,1171248175909.0,3363,3145,0,3342.0,30117565099999.965,3.888920541949792,1.3616,2.527320541949792
2020-09-14,1171273850948.0,3363,3145,25,3342.0,30596836099999.992,3.828088130158008,1.3616,2.466488130158008
2020-09-15,1173195840948.0,3364,3144,16,3343.0,30845676700000.0,3.80343687174806,1.3616,2.44183687174806
2020-09-16,1173185231948.0,3369,3144,12,3348.0,30762040100000.047,3.813743263236947,1.3616,2.4521432632369478
2020-09-17,1172700419973.0,3376,3145,5,3355.0,30498663100000.035,3.8450879506682334,1.3616,2.483487950668233
2020-09-18,1172691747609.0,3381,3146,15,3360.0,30227980400000.023,3.8794908958224648,1.3616,2.5178908958224646
2020-09-19,1172511628609.0,3380,3145,0,3360.0,30227980400000.023,3.87889502736676,1.3616,2.5172950273667603
2020-09-20,1172511628609.0,3380,3145,0,3360.0,30227980400000.023,3.87889502736676,1.3616,2.5172950273667603
2020-09-21,1172511831033.0,3381,3145,12,3360.0,29930734199999.98,3.917417538768564,1.3616,2.555817538768564
2020-09-22,1172576580608.0,3381,3143,7,3360.0,30303301100000.008,3.869468137278284,1.3616,2.507868137278284
2020-09-23,1172994722898.0,3388,3143,11,3367.0,29566060900000.008,3.967368960191784,1.3616,2.605768960191784
2020-09-24,1173095720991.0,3390,3143,16,3369.0,29629180599999.973,3.959258059910712,1.3616,2.597658059910712
2020-09-25,1173313458678.0,3397,3144,19,3376.0,30170303199999.957,3.888968072014609,1.3616,2.527368072014609
2020-09-26,1173422219678.0,3395,3142,0,3376.0,30170303199999.957,3.889328562259865,1.3616,2.527728562259865
2020-09-27,1173422219678.0,3395,3142,0,3376.0,30170303199999.957,3.889328562259865,1.3616,2.527728562259865
2020-09-28,1173579193546.0,3395,3142,19,3374.0,30665678299999.98,3.827012016707945,1.3616,2.465412016707945
2020-09-29,1173482017546.0,3395,3142,8,3374.0,30549911800000.023,3.841196089954011,1.3616,2.4795960899540117
2020-09-30,1173491751397.0,3397,3140,9,3377.0,30780494499999.99,3.812452562765034,1.3616,2.450852562765034
2020-10-01,1175779562105.0,3399,3137,11,3379.0,31034532799999.973,3.7886169245151353,1.3616,2.427016924515136
2020-10-02,1175776933907.0,3410,3138,2,3390.0,30691647399999.95,3.830934581592391,1.3616,2.469334581592391
2020-10-03,1176452014907.0,3406,3134,0,3390.0,30691647399999.95,3.833134140942209,1.4868,2.3463341409422096
2020-10-04,1176452014907.0,3406,3134,0,3390.0,30691647399999.95,3.833134140942209,1.4868,2.3463341409422096
2020-10-05,1176395370629.0,3407,3134,10,3387.0,31281652900000.008,3.7606560445819657,1.4868,2.273856044581966
2020-10-06,1176569584816.0,3408,3134,13,3388.0,30869120799999.992,3.811477471091435,1.4868,2.3246774710914355
2020-10-07,1178937724169.0,3413,3135,10,3393.0,31423908399999.99,3.751722125593392,1.4868,2.264922125593392
2020-10-08,1176590037032.0,3414,3134,16,3394.0,31647859300000.0,3.717755522984141,1.4868,2.230955522984141
2020-10-09,1176653031280.0,3420,3134,11,3400.0,31953809600000.02,3.682356019546412,1.4868,2.1955560195464123
2020-10-10,1176557322280.0,3419,3133,0,3400.0,31953809600000.02,3.6820564965749782,1.4868,2.195256496574979
2020-10-11,1176557322280.0,3419,3133,0,3400.0,31953809600000.02,3.6820564965749782,1.4868,2.195256496574979
2020-10-12,1176557322280.0,3419,3133,0,3399.0,32461093100000.01,3.624515411897819,1.4868,2.137715411897819
2020-10-13,1176850325226.0,3418,3132,19,3398.0,32363255599999.92,3.636378057175444,1.4868,2.149578057175444
2020-10-14,1172841386067.0,3420,3132,10,3400.0,32159036599999.902,3.6470041085341576,1.4868,2.160204108534158
2020-10-15,1171954791436.0,3420,3129,15,3400.0,32120353300000.043,3.6486360548095167,1.4868,2.161836054809517
2020-10-16,1172049595436.0,3425,3128,3,3405.0,32075184400000.043,3.654069703293735,1.4868,2.167269703293736
2020-10-17,1172049595436.0,3425,3128,0,3405.0,32075184400000.043,3.654069703293735,1.4868,2.167269703293736
2020-10-18,1172049595436.0,3425,3128,0,3405.0,32075184400000.043,3.654069703293735,1.4868,2.167269703293736
2020-10-19,1171814669482.0,3425,3128,16,3405.0,31589713499999.92,3.709481789007055,1.4868,2.222681789007055
2020-10-20,1172632128235.0,3429,3128,11,3409.0,31680227699999.945,3.701463699501762,1.4868,2.214663699501762
2020-10-21,1170522162771.0,3434,3128,25,3414.0,31564279500000.04,3.708375991192825,1.4868,2.221575991192825
2020-10-22,1169078247197.0,3439,3128,51,3419.0,31748665400000.02,3.682290995441337,1.4868,2.195490995441337
2020-10-23,1168852966868.0,3441,3127,31,3421.0,31849744900000.08,3.6698974215897,1.4868,2.1830974215897
2020-10-24,1168852966868.0,3441,3127,0,3421.0,31849744900000.08,3.6698974215897,1.4868,2.1830974215897
2020-10-25,1168852966868.0,3441,3127,0,3421.0,31849744900000.08,3.6698974215897,1.4868,2.1830974215897
2020-10-26,1169686394747.0,3441,3127,34,3421.0,31267336999999.984,3.740921060041028,1.4868,2.2541210600410286
2020-10-27,1173059585747.0,3442,3126,53,3422.0,31253368700000.0,3.75338606537797,1.4868,2.26658606537797
2020-10-28,1169116969142.0,3446,3126,122,3426.0,30184974599999.98,3.873175262310808,1.4868,2.386375262310808
2020-10-29,1177744163386.0,3449,3126,197,3429.0,30549899300000.0,3.855149085175544,1.4868,2.368349085175544
2020-10-30,1181820760229.0,3452,3123,173,3432.0,30026925600000.074,3.935870012043448,1.4868,2.449070012043448
2020-10-31,1181807665229.0,3451,3122,0,3432.0,30026925600000.074,3.9358264011850657,1.4868,2.449026401185065
2020-11-01,1181807665229.0,3451,3122,0,3432.0,30026925600000.074,3.9358264011850657,1.4868,2.449026401185065
2020-11-02,1187850368587.0,3453,3124,103,3433.0,30344422500000.016,3.914559153620404,1.4868,2.4277591536204044
2020-11-03,1188253329458.0,3453,3124,125,3433.0,30936051400000.016,3.840998691442565,1.68,2.1609986914425656
2020-11-04,1189718115608.0,3453,3127,171,3433.0,31764723300000.05,3.745406828738212,1.68,2.065406828738212
2020-11-05,1193329388820.0,3453,3130,493,3433.0,32425831900000.11,3.680181259497605,1.68,2.0001812594976043
2020-11-06,1200444858479.0,3453,3130,327,3433.0,32484265699999.973,3.695465581907862,1.68,2.015465581907862
2020-11-07,1200444858479.0,3453,3130,0,3433.0,32484265699999.973,3.695465581907862,1.68,2.015465581907862
2020-11-08,1200444858479.0,3453,3130,0,3433.0,32484265699999.973,3.695465581907862,1.68,2.015465581907862
2020-11-09,1202404142459.0,3453,3132,322,3433.0,32475461300000.062,3.702500578364372,1.68,2.0225005783643724
2020-11-10,1202002188345.0,3456,3140,135,3436.0,32385927100000.004,3.711495380797667,1.68,2.031495380797667
2020-11-11,1202002670345.0,3457,3139,0,3437.0,32736292100000.016,3.671774025821939,1.68,1.991774025821939
2020-11-12,1203027995843.0,3456,3145,263,3436.0,32475923500000.008,3.704368856032685,1.68,2.0243688560326847
2020-11-13,1202832944771.0,3459,3150,153,3439.0,32910062300000.047,3.654909352058559,1.68,1.9749093520585592
2020-11-14,1202855673771.0,3458,3149,0,3439.0,32910062300000.047,3.654978416042069,1.68,1.9749784160420687
2020-11-15,1202855673771.0,3458,3149,0,3439.0,32910062300000.047,3.654978416042069,1.68,1.9749784160420687
2020-11-16,1203144634219.0,3459,3157,234,3439.0,33277550700000.02,3.615484339774439,1.68,1.9354843397744392
2020-11-17,1204043663991.0,3461,3155,16,3441.0,33217454799999.98,3.624731850289146,1.68,1.944731850289146
2020-11-18,1202947133629.0,3462,3156,20,3442.0,32910967099999.984,3.65515583292902,1.68,1.97515583292902
2020-11-19,1204358641729.0,3467,3158,28,3447.0,33146770299999.98,3.6334117346238126,1.68,1.953411734623813
2020-11-20,1203833708027.0,3474,3158,39,3453.0,33016211600000.027,3.646189704051325,1.68,1.9661897040513243
2020-11-21,1203833708027.0,3474,3158,0,3453.0,33016211600000.027,3.646189704051325,1.68,1.9661897040513243
2020-11-22,1203833708027.0,3474,3158,0,3453.0,33016211600000.027,3.646189704051325,1.68,1.9661897040513243
2020-11-23,1203830548314.0,3474,3158,26,3453.0,33238925500000.03,3.62174929004248,1.68,1.94174929004248
2020-11-24,1205689814739.0,3479,3158,23,3458.0,33679084900000.02,3.579936385798295,1.68,1.8999363857982952
2020-11-25,1207318587829.0,3482,3159,21,3461.0,33705000500000.0,3.5820162288055744,1.68,1.9020162288055744
2020-11-26,1207318587829.0,3482,3159,0,3461.0,33705000500000.0,3.5820162288055744,1.68,1.9020162288055744
2020-11-27,1207253366829.0,3482,3159,6,3461.0,33906275800000.027,3.560560215902565,1.68,1.880560215902565
2020-11-28,1207253366829.0,3482,3159,0,3461.0,33906275800000.027,3.560560215902565,1.68,1.880560215902565
2020-11-29,1207253366829.0,3482,3159,0,3461.0,33906275800000.027,3.560560215902565,1.68,1.880560215902565
2020-11-30,1207013185124.0,3483,3159,21,3462.0,33777310500000.05,3.573443732661895,1.68,1.893443732661895
2020-12-01,1210404702667.0,3481,3157,9,3460.0,34073389800000.004,3.5523460089286445,1.68,1.8723460089286448
2020-12-02,1210866220088.0,3481,3155,11,3460.0,34056857199999.902,3.555425601890251,1.68,1.875425601890251
2020-12-03,1212528472088.0,3483,3155,32,3462.0,34164180200000.03,3.5491221068082264,1.6529,1.8962221068082263
2020-12-04,1215149614321.0,3489,3155,37,3468.0,34535877800000.02,3.518513765186531,1.6529,1.865613765186531
2020-12-05,1215149614321.0,3489,3155,0,3468.0,34535877800000.02,3.518513765186531,1.6529,1.865613765186531
2020-12-06,1215149614321.0,3489,3155,0,3468.0,34535877800000.02,3.518513765186531,1.6529,1.865613765186531
2020-12-07,1217189152321.0,3489,3155,27,3468.0,34559791100000.008,3.521980641604629,1.6529,1.8690806416046293
2020-12-08,1217953792137.0,3492,3155,24,3471.0,34748140799999.99,3.5050905288636343,1.6529,1.8521905288636344
2020-12-09,1218847469400.0,3499,3156,42,3478.0,34426526300000.0,3.540431174434233,1.6529,1.887531174434233
2020-12-10,1220071422650.0,3504,3157,46,3483.0,34612474600000.008,3.524947108664689,1.6529,1.8720471086646888
2020-12-11,1221317253150.0,3513,3157,26,3492.0,34575070599999.94,3.532363728998436,1.6529,1.879463728998436
2020-12-12,1221387431085.0,3510,3154,0,3492.0,34575070599999.94,3.532566701642547,1.6529,1.8796667016425468
2020-12-13,1221387431085.0,3510,3154,0,3492.0,34575070599999.94,3.532566701642547,1.6529,1.8796667016425468
2020-12-14,1221392584827.0,3510,3154,15,3489.0,34473773700000.01,3.5429616596543347,1.6529,1.8900616596543347
2020-12-15,1221055015023.0,3513,3152,19,3492.0,34888949899999.992,3.4998330947845475,1.6529,1.8469330947845477
2020-12-16,1221422691513.0,3517,3152,5,3496.0,34975992600000.023,3.492174490890644,1.6529,1.8392744908906435
2020-12-17,1224008546141.0,3519,3152,18,3498.0,35297600300000.01,3.467682039962926,1.6529,1.8147820399629255
2020-12-18,1225193927003.0,3524,3151,17,3503.0,35266402999999.98,3.474110832916532,1.6529,1.821210832916532
2020-12-19,1225242324020.0,3520,3147,0,3503.0,35266402999999.98,3.474248065559736,1.6529,1.821348065559736
2020-12-20,1225242324020.0,3520,3147,0,3503.0,35266402999999.98,3.474248065559736,1.6529,1.821348065559736
2020-12-21,1225212686399.0,3521,3147,13,3500.0,35171152600000.047,3.4835727459184787,1.6529,1.8306727459184784
2020-12-22,1225542953505.0,3521,3147,15,3500.0,35250541499999.98,3.476664191116045,1.6529,1.8237641911160447
2020-12-23,1225416039195.0,3527,3147,12,3506.0,35221104700000.03,3.4792095524334843,1.6529,1.8263095524334845
2020-12-24,1224782439195.0,3527,3146,0,3506.0,35278717300000.016,3.4717317774901058,1.6529,1.8188317774901055
2020-12-25,1224782439195.0,3527,3146,0,3506.0,35278717300000.016,3.4717317774901058,1.6529,1.8188317774901055
2020-12-26,1224782439195.0,3527,3146,0,3506.0,35278717300000.016,3.4717317774901058,1.6529,1.8188317774901055
2020-12-27,1224782439195.0,3527,3146,0,3506.0,35278717300000.016,3.4717317774901058,1.6529,1.8188317774901055
2020-12-28,1224776533016.0,3527,3146,7,3506.0,35415013799999.945,3.458353962341254,1.6529,1.805453962341254
2020-12-29,1224777446794.0,3526,3145,11,3505.0,35252916200000.09,3.474258526147113,1.6529,1.8213585261471128
2020-12-30,1224750604794.0,3525,3144,6,3504.0,35313780600000.01,3.468194523454676,1.6529,1.815294523454676
2020-12-31,1224754062721.0,3523,3142,6,3503.0,35400899999999.99,3.459669281631258,1.6529,1.8067692816312584
2021-01-01,1224579155721.0,3521,3140,0,3503.0,35400899999999.99,3.4591752066218664,1.6529,1.8062752066218664
2021-01-02,1224579155721.0,3521,3140,0,3503.0,35400899999999.99,3.4591752066218664,1.6529,1.8062752066218664
2021-01-03,1224579155721.0,3521,3140,0,3503.0,35400899999999.99,3.4591752066218664,1.6449,1.8142752066218664
2021-01-04,1224595055721.0,3521,3140,10,3501.0,34868847499999.984,3.5120032450771435,1.6449,1.8671032450771436
2021-01-05,1226341193712.0,3521,3137,8,3501.0,35214645799999.984,3.482474878994809,1.6449,1.8375748789948088
2021-01-06,1226315801712.0,3524,3137,11,3504.0,35312101799999.98,3.472791873612011,1.6449,1.827891873612011
2021-01-07,1226456738671.0,3528,3134,33,3508.0,35948399700000.125,3.4117144265284103,1.6449,1.7668144265284105
2021-01-08,1225644852097.0,3542,3134,18,3522.0,36153410400000.01,3.390122366151658,1.6449,1.7452223661516586
2021-01-09,1225644852097.0,3542,3134,0,3522.0,36153410400000.01,3.390122366151658,1.6449,1.7452223661516586
2021-01-10,1225644852097.0,3542,3134,0,3522.0,36153410400000.01,3.390122366151658,1.6449,1.7452223661516586
2021-01-11,1225504597843.0,3542,3134,20,3522.0,35919298199999.98,3.4118277896726856,1.6449,1.7669277896726856
2021-01-12,1225507653843.0,3546,3134,6,3526.0,36068622199999.88,3.3977113044340355,1.6449,1.7528113044340354
2021-01-13,1225415618462.0,3553,3133,15,3533.0,36096089799999.92,3.3948708163453287,1.6449,1.7499708163453287
2021-01-14,1225486273883.0,3556,3132,16,3536.0,36095195399999.97,3.3951506850216444,1.6449,1.7502506850216444
2021-01-15,1225882170883.0,3565,3132,15,3545.0,35822064499999.88,3.4221427156522592,1.6449,1.7772427156522592
2021-01-16,1225223170883.0,3564,3131,0,3545.0,35822064499999.88,3.4203030673539323,1.6449,1.7754030673539325
2021-01-17,1225223170883.0,3564,3131,0,3545.0,35822064499999.88,3.4203030673539323,1.6449,1.7754030673539325
2021-01-18,1225223170883.0,3564,3131,0,3545.0,35822064499999.88,3.4203030673539323,1.6449,1.7754030673539325
2021-01-19,1225221460400.0,3564,3131,20,3544.0,36149545300000.11,3.3893136144094083,1.6449,1.7444136144094082
2021-01-20,1226286562120.0,3567,3130,10,3547.0,36677250999999.94,3.343452763458205,1.6449,1.6985527634582052
2021-01-21,1226621596120.0,3568,3129,10,3548.0,36721815200000.02,3.3403076330496844,1.6449,1.6954076330496843
2021-01-22,1226959292120.0,3571,3128,11,3551.0,36720460799999.94,3.3413504770615576,1.6449,1.6964504770615576
2021-01-23,1226806165120.0,3570,3127,0,3551.0,36720460799999.94,3.340933469767357,1.6449,1.6960334697673571
2021-01-24,1226806165120.0,3570,3127,0,3551.0,36720460799999.94,3.340933469767357,1.6449,1.6960334697673571
2021-01-25,1226806165120.0,3570,3127,9,3550.0,36875357700000.01,3.326899701151915,1.6449,1.6819997011519148
2021-01-26,1225954053610.0,3577,3127,16,3557.0,36815669899999.98,3.3299789381531824,1.6449,1.6850789381531823
2021-01-27,1225664488610.0,3581,3127,21,3561.0,35938691399999.984,3.410431601329815,1.6449,1.7655316013298148
2021-01-28,1237674367052.0,3585,3127,30,3565.0,36160314599999.95,3.4227422541616983,1.6449,1.7778422541616985
2021-01-29,1238617861007.0,3593,3126,34,3573.0,35537672800000.07,3.485365707478171,1.6449,1.840465707478171
2021-01-30,1238617861007.0,3593,3126,0,3573.0,35537672800000.07,3.485365707478171,1.6449,1.840465707478171
2021-01-31,1238617861007.0,3593,3126,0,3573.0,35537672800000.07,3.485365707478171,1.6449,1.840465707478171
2021-02-01,1238219645007.0,3593,3125,26,3573.0,36177806700000.0,3.42259456266872,1.6449,1.7776945626687202
2021-02-02,1239441832886.0,3597,3124,32,3577.0,36670930499999.97,3.379902871256569,1.6449,1.7350028712565695
2021-02-03,1249963643710.0,3602,3124,47,3582.0,36743077999999.93,3.4019023765782563,1.9252,1.4767023765782563
2021-02-04,1251313507748.0,3608,3124,73,3588.0,37124956500000.03,3.37054538433735,1.9252,1.4453453843373498
2021-02-05,1256259541759.0,3621,3124,79,3601.0,37386820700000.016,3.3601668134327336,1.9252,1.4349668134327336
2021-02-06,1256236817759.0,3620,3123,0,3601.0,37386820700000.016,3.360106032656046,1.9252,1.434906032656046
2021-02-07,1256236817759.0,3620,3123,0,3601.0,37386820700000.016,3.360106032656046,1.9252,1.434906032656046
2021-02-08,1255759202680.0,3620,3123,41,3600.0,37741132299999.99,3.3272960458581693,1.9252,1.4020960458581693
2021-02-09,1257967460140.0,3626,3123,71,3606.0,37748109199999.99,3.332531050694323,1.9252,1.4073310506943228
2021-02-10,1260936949032.0,3632,3123,41,3612.0,37729830499999.984,3.3420159389054254,1.9252,1.4168159389054251
2021-02-11,1259699385771.0,3635,3120,78,3615.0,37826723400000.0,3.330183723422896,1.9252,1.404983723422896
2021-02-12,1255679807822.0,3646,3122,88,3626.0,37994453599999.984,3.304902923573036,1.9252,1.379702923573036
2021-02-13,1255679807822.0,3646,3122,0,3626.0,37994453599999.984,3.304902923573036,1.9252,1.379702923573036
2021-02-14,1255679807822.0,3646,3122,0,3626.0,37994453599999.984,3.304902923573036,1.9252,1.379702923573036
2021-02-15,1255679807822.0,3646,3122,0,3626.0,37994453599999.984,3.304902923573036,1.9252,1.379702923573036
2021-02-16,1256608144659.0,3647,3123,101,3627.0,37870738000000.125,3.31815066466092,1.9252,1.3929506646609202
2021-02-17,1254060662511.0,3657,3127,59,3637.0,37783602800000.02,3.319060570134406,1.9252,1.3938605701344058
2021-02-18,1258826510139.0,3660,3127,83,3640.0,37535901700000.016,3.353659971192325,1.9252,1.4284599711923252
2021-02-19,1255779954239.0,3665,3127,96,3645.0,37594609199999.94,3.3403192132105,1.9252,1.4151192132105
2021-02-20,1255833204111.0,3664,3126,0,3645.0,37594609199999.94,3.340460855518089,1.9252,1.415260855518089
2021-02-21,1255833204111.0,3664,3126,0,3645.0,37594609199999.94,3.340460855518089,1.9252,1.415260855518089
2021-02-22,1257563387360.0,3664,3126,93,3644.0,37118707600000.016,3.3879503589182063,1.9252,1.4627503589182065
2021-02-23,1261220217316.0,3670,3126,102,3650.0,37034095800000.016,3.40556503425149,1.9252,1.4803650342514898
2021-02-24,1263918924458.0,3673,3128,152,3653.0,37432021099999.98,3.3765714148360555,1.9252,1.4513714148360557
2021-02-25,1267367208746.0,3676,3129,238,3656.0,36373728300000.016,3.484292834358691,1.9252,1.559092834358691
2021-02-26,1268747059559.0,3688,3133,241,3668.0,36386486399999.99,3.486863352541234,1.9252,1.561663352541234
2021-02-27,1268670581559.0,3687,3132,0,3668.0,36386486399999.99,3.4866531701148262,1.9252,1.5614531701148262
2021-02-28,1268670581559.0,3687,3132,0,3668.0,36386486399999.99,3.4866531701148262,1.9252,1.5614531701148262
2021-03-01,1265986154070.0,3687,3135,206,3667.0,37325394399999.95,3.391755598086866,1.9252,1.466555598086866
2021-03-02,1266473540497.0,3701,3134,56,3681.0,36906168599999.99,3.4316039527793203,1.9252,1.5064039527793205
2021-03-03,1265984990614.0,3705,3135,59,3685.0,36212676899999.97,3.49597185016168,2.2759,1.2200718501616796
2021-03-04,1267108401137.0,3712,3137,69,3692.0,35605840099999.97,3.5587094633304304,2.2759,1.2828094633304303
2021-03-05,1266776714889.0,3723,3137,70,3703.0,36247395600000.016,3.494807541121656,2.2759,1.218907541121656
2021-03-06,1266776714889.0,3723,3137,0,3703.0,36247395600000.016,3.494807541121656,2.2759,1.218907541121656
2021-03-07,1266776714889.0,3723,3137,0,3703.0,36247395600000.016,3.494807541121656,2.2759,1.218907541121656
2021-03-08,1267378308067.0,3724,3142,57,3704.0,35902793199999.9,3.530027039976944,2.2759,1.254127039976944
2021-03-09,1267208009358.0,3727,3145,65,3707.0,36657534700000.06,3.4568827929336936,2.2759,1.1809827929336936
2021-03-10,1267416168463.0,3736,3148,66,3716.0,36876890200000.01,3.43688462229117,2.2759,1.1609846222911706
2021-03-11,1268301461059.0,3740,3147,114,3720.0,37499582600000.05,3.382174875351809,2.2759,1.1062748753518088
2021-03-12,1268867211228.0,3750,3151,88,3730.0,37516138599999.95,3.3821903281592034,2.2759,1.1062903281592034
2021-03-13,1268974250228.0,3749,3150,0,3730.0,37516138599999.95,3.3824756427038083,2.2759,1.1065756427038085
2021-03-14,1268974250228.0,3749,3150,0,3730.0,37516138599999.95,3.3824756427038083,2.2759,1.1065756427038085
2021-03-15,1268683805615.0,3749,3153,75,3729.0,37853233800000.04,3.3515863197267937,2.2759,1.0756863197267936
2021-03-16,1267426642383.0,3753,3156,118,3733.0,37712874000000.08,3.360726743824926,2.2759,1.0848267438249266
2021-03-17,1267639016945.0,3759,3155,41,3739.0,37866294899999.92,3.347671115678663,2.2759,1.0717711156786631
2021-03-18,1268733791500.0,3766,3158,55,3746.0,37037048300000.02,3.4255801953310607,2.2759,1.1496801953310607
2021-03-19,1269360411183.0,3775,3161,42,3755.0,37207956900000.0,3.4115294602026376,2.2759,1.1356294602026376
2021-03-20,1269304683183.0,3773,3159,0,3755.0,37207956900000.0,3.411379685787047,2.2759,1.1354796857870468
2021-03-21,1269304683183.0,3773,3159,0,3755.0,37207956900000.0,3.411379685787047,2.2759,1.1354796857870468
2021-03-22,1268476391286.0,3773,3159,41,3753.0,37513810300000.0,3.381358441443097,2.2759,1.1054584414430968
2021-03-23,1268346105625.0,3781,3160,44,3761.0,37070245399999.98,3.4214667098615994,2.2759,1.1455667098615994
2021-03-24,1266523702081.0,3789,3165,48,3769.0,36627574700000.03,3.4578421106352937,2.2759,1.1819421106352936
2021-03-25,1266192977407.0,3795,3173,87,3775.0,36848070899999.92,3.436253096785598,2.2759,1.160353096785598
2021-03-26,1268914514076.0,3799,3172,52,3779.0,37432329400000.04,3.3898892599400954,2.2759,1.1139892599400951
2021-03-27,1269057700076.0,3798,3171,0,3779.0,37432329400000.04,3.390271779548933,2.2759,1.1143717795489332
2021-03-28,1269057700076.0,3798,3171,0,3779.0,37432329400000.04,3.390271779548933,2.2759,1.1143717795489332
2021-03-29,1267946553261.0,3798,3175,86,3778.0,37267304900000.12,3.402302787022831,2.2759,1.126402787022831
2021-03-30,1267867890372.0,3797,3181,117,3777.0,37227078800000.02,3.4057678744645394,2.2759,1.1298678744645394
2021-03-31,1266355329834.0,3799,3186,256,3779.0,37544281500000.05,3.372964614688387,2.2759,1.097064614688387
2021-04-01,1266364559179.0,3798,3182,14,3778.0,38047153199999.984,3.328408179508685,2.2759,1.0525081795086848
2021-04-02,1266642731377.0,3797,3181,17,3778.0,38047153199999.984,3.329139304375079,2.2759,1.053239304375079
2021-04-03,1266642731377.0,3797,3181,0,3778.0,38047153199999.984,3.329139304375079,2.3564,0.9727393043750792
2021-04-04,1266642731377.0,3797,3181,0,3778.0,38047153199999.984,3.329139304375079,2.3564,0.9727393043750792
2021-04-05,1266654627377.0,3797,3181,8,3777.0,38541730000000.03,3.286449848974083,2.3564,0.9300498489740834
2021-04-06,1266476655697.0,3795,3179,17,3775.0,38551022500000.086,3.2851960170368946,2.3564,0.9287960170368948
2021-04-07,1263201894505.0,3796,3178,21,3776.0,38484742999999.98,3.282344628116656,2.3564,0.9259446281166565
2021-04-08,1263186267505.0,3796,3178,17,3776.0,38728737199999.95,3.261625239629557,2.3564,0.9052252396295573
2021-04-09,1262940094062.0,3797,3177,14,3777.0,38958430400000.055,3.241763287419296,2.3564,0.8853632874192958
2021-04-10,1262940094062.0,3797,3177,0,3777.0,38958430400000.055,3.241763287419296,2.3564,0.8853632874192958
2021-04-11,1262940094062.0,3797,3177,0,3777.0,38958430400000.055,3.241763287419296,2.3564,0.8853632874192958
2021-04-12,1262917372290.0,3798,3178,17,3778.0,38914902999999.91,3.2453309013516054,2.3564,0.8889309013516056
2021-04-13,1262888492626.0,3798,3178,16,3778.0,39138390400000.0,3.2267256770631016,2.3564,0.8703256770631018
2021-04-14,1262886536567.0,3801,3178,23,3781.0,38943729899999.96,3.2428494646246024,2.3564,0.8864494646246026
2021-04-15,1262186568603.0,3803,3176,42,3783.0,39428265299999.99,3.201222673631041,2.3564,0.8448226736310414
2021-04-16,1262393853278.0,3805,3175,12,3785.0,39513609300000.12,3.194833060410901,2.3564,0.8384330604109014
2021-04-17,1262393853278.0,3805,3175,0,3785.0,39513609300000.12,3.194833060410901,2.3564,0.8384330604109014
2021-04-18,1262393853278.0,3805,3175,0,3785.0,39513609300000.12,3.194833060410901,2.3564,0.8384330604109014
2021-04-19,1262409694186.0,3805,3175,9,3785.0,39214833199999.99,3.219214749040422,2.3564,0.8628147490404223
2021-04-20,1262786331386.0,3806,3175,14,3786.0,38902530100000.016,3.246026230530439,2.3564,0.889626230530439
2021-04-21,1262992058385.0,3807,3173,15,3787.0,39354321199999.984,3.2092843171311016,2.3564,0.8528843171311018
2021-04-22,1268660858189.0,3808,3171,35,3788.0,39064944699999.99,3.2475685500944795,2.3564,0.8911685500944797
2021-04-23,1268410749208.0,3813,3170,24,3793.0,39525773499999.94,3.2090725541601404,2.3564,0.8526725541601405
2021-04-24,1268616832208.0,3810,3167,0,3793.0,39525773499999.94,3.2095939430711,2.3564,0.8531939430711
2021-04-25,1268616832208.0,3810,3167,0,3793.0,39525773499999.94,3.2095939430711,2.3564,0.8531939430711
2021-04-26,1267775686751.0,3810,3167,29,3790.0,39709932000000.05,3.1925909285138,2.3564,0.8361909285138003
2021-04-27,1277398310354.0,3810,3167,46,3790.0,39670845599999.88,3.219992644558108,2.3564,0.8635926445581079
2021-04-28,1298731578930.0,3811,3167,116,3791.0,39618262500000.1,3.278113417846117,2.3564,0.9217134178461172
2021-04-29,1322599676791.0,3814,3165,169,3794.0,39721052800000.03,3.329719590894124,2.3564,0.973319590894124
2021-04-30,1327656955791.0,3815,3165,159,3795.0,39409564899999.945,3.368869864866237,2.3564,1.0124698648662371
2021-05-01,1326739333791.0,3813,3163,0,3795.0,39409564899999.945,3.366541440276093,2.3564,1.010141440276093
2021-05-02,1326739333791.0,3813,3163,0,3795.0,39409564899999.945,3.366541440276093,2.3564,1.010141440276093
2021-05-03,1328967720787.0,3813,3163,70,3793.0,39451677399999.984,3.36859623815894,2.2837,1.0848962381589398
2021-05-04,1332671477158.0,3815,3163,183,3795.0,39054243199999.99,3.412360266036343,2.2837,1.1286602660363427
2021-05-05,1352154892967.0,3817,3163,274,3797.0,39001726899999.96,3.4669103151096663,2.2837,1.1832103151096662
2021-05-06,1365985705748.0,3815,3161,451,3795.0,39124082399999.91,3.4914191514636093,2.2837,1.2077191514636092
2021-05-07,1379704791110.0,3819,3163,336,3799.0,39489086000000.0,3.493888896567522,2.2837,1.210188896567522
2021-05-08,1379704791110.0,3819,3163,0,3799.0,39489086000000.0,3.493888896567522,2.2837,1.210188896567522
2021-05-09,1379704791110.0,3819,3163,0,3799.0,39489086000000.0,3.493888896567522,2.2837,1.210188896567522
2021-05-10,1381386799155.0,3819,3163,256,3799.0,38921866300000.01,3.549127856582252,2.2837,1.2654278565822517
2021-05-11,1381870633933.0,3818,3162,121,3798.0,38718886099999.945,3.568983442250943,2.2837,1.2852834422509432
2021-05-12,1381641578743.0,3819,3163,134,3799.0,37780775699999.98,3.656996324569908,2.2837,1.3732963245699077
2021-05-13,1382054304267.0,3820,3163,255,3800.0,38114322600000.02,3.62607599975291,2.2837,1.34237599975291
2021-05-14,1381735547793.0,3824,3163,177,3804.0,38877422800000.01,3.55408215946094,2.2837,1.2703821594609397
2021-05-15,1381400047793.0,3822,3161,0,3804.0,38877422800000.01,3.553219190735553,2.2837,1.2695191907355534
2021-05-16,1381400047793.0,3822,3161,0,3804.0,38877422800000.01,3.553219190735553,2.2837,1.2695191907355534
2021-05-17,1380891545990.0,3824,3164,259,3804.0,38791693700000.01,3.559760903118287,2.2837,1.276060903118287
2021-05-18,1381099908798.0,3824,3164,34,3804.0,38561389499999.97,3.5815615741699376,2.2837,1.2978615741699375
2021-05-19,1381356741154.0,3829,3165,21,3809.0,38454637200000.06,3.59217208049488,2.2837,1.3084720804948793
2021-05-20,1381388473654.0,3830,3165,29,3810.0,38951832300000.05,3.5464017790351763,2.2837,1.2627017790351762
2021-05-21,1383953912427.0,3831,3165,35,3811.0,38877284600000.01,3.559800862293247,2.2837,1.276100862293247
2021-05-22,1383953912427.0,3831,3165,0,3811.0,38877284600000.01,3.559800862293247,2.2837,1.276100862293247
2021-05-23,1383953912427.0,3831,3165,0,3811.0,38877284600000.01,3.559800862293247,2.2837,1.276100862293247
2021-05-24,1384142014404.0,3831,3165,120,3811.0,39309620800000.0,3.521127872095881,2.2837,1.2374278720958811
2021-05-25,1385025014458.0,3830,3163,40,3810.0,39238528499999.98,3.529757785024993,2.2837,1.2460577850249934
2021-05-26,1386484443458.0,3835,3162,35,3815.0,39447736800000.125,3.5147376147013727,2.2837,1.2310376147013726
2021-05-27,1387279152522.0,3838,3161,51,3818.0,39540850899999.88,3.508470659952349,2.2837,1.2247706599523491
2021-05-28,1390485810608.0,3840,3162,49,3820.0,39551037099999.98,3.515674714400854,2.2837,1.2319747144008542
2021-05-29,1390485810608.0,3840,3162,0,3820.0,39551037099999.98,3.515674714400854,2.2837,1.2319747144008542
2021-05-30,1390485810608.0,3840,3162,0,3820.0,39551037099999.98,3.515674714400854,2.2837,1.2319747144008542
2021-05-31,1390485810608.0,3840,3162,0,3820.0,39551037099999.98,3.515674714400854,2.2837,1.2319747144008542
2021-06-01,1390503245670.0,3840,3162,27,3820.0,39591356899999.84,3.512138392180253,2.2837,1.2284383921802529
2021-06-02,1392689163459.0,3838,3161,26,3818.0,39656428799999.945,3.5118874936590405,2.2837,1.2281874936590405
2021-06-03,1395577363459.0,3838,3161,35,3818.0,39385425399999.98,3.5433852733224533,2.296,1.2473852733224535
2021-06-04,1393190909217.0,3837,3160,51,3817.0,39773372999999.945,3.5028231304823,2.296,1.2068231304823
2021-06-05,1392811355217.0,3836,3159,0,3817.0,39773372999999.945,3.5018688387756347,2.296,1.2058688387756349
2021-06-06,1392811355217.0,3836,3159,0,3817.0,39773372999999.945,3.5018688387756347,2.296,1.2058688387756349
2021-06-07,1396657437231.0,3836,3159,26,3816.0,39895621600000.086,3.500778735155732,2.296,1.204778735155732
2021-06-08,1396956176380.0,3835,3158,32,3815.0,40005169899999.945,3.4919391165490388,2.296,1.195939116549039
2021-06-09,1399870078419.0,3839,3158,48,3819.0,39937753500000.016,3.505129747518221,2.296,1.209129747518221
2021-06-10,1400461445075.0,3843,3158,31,3823.0,40185132199999.92,3.485023859334232,2.296,1.189023859334232
2021-06-11,1401390549043.0,3848,3158,31,3828.0,40318910300000.18,3.475764941601097,2.296,1.1797649416010971
2021-06-12,1401395612043.0,3847,3157,0,3828.0,40318910300000.18,3.475777498984128,2.296,1.179777498984128
2021-06-13,1401395612043.0,3847,3157,0,3828.0,40318910300000.18,3.475777498984128,2.296,1.179777498984128
2021-06-14,1401362808031.0,3847,3157,38,3827.0,40430548799999.92,3.466098902004028,2.296,1.1700989020040278
2021-06-15,1401343570573.0,3849,3156,21,3829.0,40236550600000.04,3.482762686354627,2.296,1.1867626863546272
2021-06-16,1401308842573.0,3850,3154,10,3830.0,40048888200000.04,3.4989956164950384,2.296,1.2029956164950386
2021-06-17,1401139987573.0,3855,3153,10,3835.0,40174571300000.016,3.487628970848532,2.296,1.191628970848532
2021-06-18,1401139987573.0,3862,3153,0,3842.0,39744321900000.09,3.5253840563650343,2.296,1.2293840563650344
2021-06-19,1401141705219.0,3861,3152,0,3842.0,39744321900000.09,3.525388378104387,2.296,1.229388378104387
2021-06-20,1401141705219.0,3861,3152,0,3842.0,39744321900000.09,3.525388378104387,2.296,1.229388378104387
2021-06-21,1402648359711.0,3862,3153,31,3842.0,40235159500000.01,3.4861260080527328,2.296,1.190126008052733
2021-06-22,1402560846768.0,3862,3153,19,3842.0,40483691900000.01,3.4645082524402864,2.296,1.1685082524402866
2021-06-23,1402523417009.0,3865,3154,17,3845.0,40503608400000.02,3.46271226790006,2.296,1.1667122679000603
2021-06-24,1402234609083.0,3872,3154,19,3852.0,40779647700000.05,3.438564794376579,2.296,1.142564794376579
2021-06-25,1400033253859.0,3877,3154,37,3857.0,40885803700000.055,3.424252740955654,2.296,1.128252740955654
2021-06-26,1400033253859.0,3877,3154,0,3857.0,40885803700000.055,3.424252740955654,2.296,1.128252740955654
2021-06-27,1400033253859.0,3877,3154,0,3857.0,40885803700000.055,3.424252740955654,2.296,1.128252740955654
2021-06-28,1400321917312.0,3877,3154,20,3857.0,41032684599999.93,3.4126987570099234,2.296,1.1166987570099236
2021-06-29,1400260227546.0,3878,3154,19,3858.0,41058087499999.92,3.4104370485985323,2.296,1.1144370485985324
2021-06-30,1400826821835.0,3892,3154,19,3872.0,41109843199999.984,3.4075216853052863,2.296,1.1115216853052865
2021-07-01,1402484640662.0,3901,3154,16,3881.0,41263225000000.04,3.3988730659370385,2.296,1.1028730659370387
2021-07-02,1401293223560.0,3900,3153,20,3880.0,41518182399999.94,3.375131430512724,2.296,1.0791314305127244
2021-07-03,1401293223560.0,3900,3153,0,3880.0,41518182399999.94,3.375131430512724,2.0404,1.3347314305127242
2021-07-04,1401293223560.0,3900,3153,0,3880.0,41518182399999.94,3.375131430512724,2.0404,1.3347314305127242
2021-07-05,1401293223560.0,3900,3153,0,3880.0,41518182399999.94,3.375131430512724,2.0404,1.3347314305127242
2021-07-06,1401514027736.0,3900,3153,19,3880.0,41466567300000.09,3.379865079249029,2.0404,1.3394650792490288
2021-07-07,1400636043050.0,3900,3153,15,3880.0,41488330100000.01,3.3759759423289,2.0404,1.3355759423289002
2021-07-08,1400904194468.0,3903,3153,17,3883.0,41182751799999.91,3.4016769964070326,2.0404,1.3612769964070326
2021-07-09,1400354589016.0,3904,3152,27,3884.0,41638009400000.05,3.363164111817503,2.0404,1.322764111817503
2021-07-10,1400359947057.0,3903,3151,0,3884.0,41638009400000.05,3.363176979966286,2.0404,1.322776979966286
2021-07-11,1400359947057.0,3903,3151,0,3884.0,41638009400000.05,3.363176979966286,2.0404,1.322776979966286
2021-07-12,1400328779702.0,3903,3151,18,3883.0,41696527200000.04,3.358382277222355,2.0404,1.317982277222355
2021-07-13,1401010502134.0,3906,3152,18,3886.0,41453857399999.945,3.379686692640578,2.0404,1.3392866926405786
2021-07-14,1402625110357.0,3906,3151,18,3886.0,41325828099999.97,3.3940641357819548,2.0404,1.3536641357819548
2021-07-15,1402846737399.0,3914,3154,21,3894.0,41116012199999.98,3.411923147058024,2.0404,1.3715231470580234
2021-07-16,1402754415803.0,3918,3153,19,3898.0,40830483099999.94,3.4355567441302264,2.0404,1.3951567441302264
2021-07-17,1402691915803.0,3917,3152,0,3898.0,40830483099999.94,3.4354036722210672,2.0404,1.3950036722210672
2021-07-18,1402691915803.0,3917,3152,0,3898.0,40830483099999.94,3.4354036722210672,2.0404,1.3950036722210672
2021-07-19,1402964778648.0,3917,3152,24,3897.0,40338741400000.06,3.477958731374792,2.0404,1.437558731374792
2021-07-20,1405283185748.0,3922,3152,18,3902.0,41025089299999.91,3.425423831430888,2.0404,1.3850238314308876
2021-07-21,1401163133267.0,3925,3151,15,3905.0,41356592400000.0,3.388004310691226,2.0404,1.347604310691226
2021-07-22,1404350526373.0,3927,3149,41,3907.0,41402381700000.06,3.3919558941049948,2.0404,1.3515558941049948
2021-07-23,1401238280312.0,3931,3146,39,3911.0,41850518400000.016,3.3481981439732884,2.0404,1.3077981439732884
2021-07-24,1401238280312.0,3931,3146,0,3911.0,41850518400000.016,3.3481981439732884,2.0404,1.3077981439732884
2021-07-25,1401238280312.0,3931,3146,0,3911.0,41850518400000.016,3.3481981439732884,2.0404,1.3077981439732884
2021-07-26,1401493463930.0,3931,3146,50,3911.0,41915112100000.04,3.343647180487914,2.0404,1.3032471804879149
2021-07-27,1408533778930.0,3933,3145,63,3913.0,41605996400000.086,3.3854105196480697,2.0404,1.3450105196480695
2021-07-28,1423412811575.0,3940,3145,97,3920.0,41766954000000.05,3.4079880749144373,2.0404,1.3675880749144371
2021-07-29,1417841974230.0,3946,3147,184,3926.0,41898268600000.0,3.384010894975264,2.0404,1.3436108949752636
2021-07-30,1401833960004.0,3953,3147,147,3933.0,41686657299999.93,3.362788121665976,2.0404,1.3223881216659756
2021-07-31,1401833960004.0,3953,3147,0,3933.0,41686657299999.93,3.362788121665976,2.0404,1.3223881216659756
2021-08-01,1401833960004.0,3953,3147,0,3933.0,41686657299999.93,3.362788121665976,2.0404,1.3223881216659756
2021-08-02,1397872283357.0,3954,3147,63,3934.0,41646255700000.08,3.3565377243673726,2.0404,1.3161377243673726
2021-08-03,1399848463544.0,3958,3150,186,3938.0,41931709399999.984,3.338400660441476,1.8408,1.4976006604414762
2021-08-04,1422317045655.0,3958,3151,267,3938.0,41757421699999.984,3.406141921006106,1.8408,1.565341921006106
2021-08-05,1431443331127.0,3961,3156,471,3941.0,42048393500000.05,3.404275911580304,1.8408,1.563475911580304
2021-08-06,1434734589009.0,3963,3161,309,3943.0,41978690100000.04,3.4177688384064147,1.8408,1.5769688384064149
2021-08-07,1434734589009.0,3963,3161,0,3943.0,41978690100000.04,3.4177688384064147,1.8408,1.5769688384064149
2021-08-08,1434734589009.0,3963,3161,0,3943.0,41978690100000.04,3.4177688384064147,1.8408,1.5769688384064149
2021-08-09,1434332828893.0,3963,3161,277,3943.0,41977765700000.016,3.416887023343883,1.8408,1.5760870233438828
2021-08-10,1433537775876.0,3968,3174,145,3948.0,41954674900000.04,3.4168725637676167,1.8408,1.5760725637676167
2021-08-11,1430782762358.0,3971,3184,156,3951.0,41996769499999.98,3.406887671105276,1.8408,1.5660876711052756
2021-08-12,1437371134104.0,3972,3201,315,3952.0,42137950300000.02,3.411108333154969,1.8408,1.570308333154969
2021-08-13,1436485389163.0,3977,3214,223,3957.0,42180314900000.01,3.4055824205404392,1.8408,1.5647824205404393
2021-08-14,1436488605150.0,3976,3213,0,3957.0,42180314900000.01,3.40559004491927,1.8408,1.5647900449192702
2021-08-15,1436488605150.0,3976,3213,0,3957.0,42180314900000.01,3.40559004491927,1.8408,1.5647900449192702
2021-08-16,1435936500093.0,3976,3230,389,3956.0,42148841799999.99,3.4068231504596174,1.8408,1.5660231504596174
2021-08-17,1436260156016.0,3976,3230,30,3956.0,41816024900000.1,3.434712312924791,1.8408,1.5939123129247912
2021-08-18,1436047425298.0,3977,3231,27,3957.0,41417595800000.016,3.4672399437004486,1.8408,1.6264399437004486
2021-08-19,1436613920068.0,3977,3231,25,3957.0,41387406000000.05,3.471137862730509,1.8408,1.630337862730509
2021-08-20,1437788794333.0,3977,3232,37,3957.0,41779500600000.06,3.4413738165482,1.8408,1.6005738165481995
2021-08-21,1437788794333.0,3977,3232,0,3957.0,41779500600000.06,3.4413738165482,1.8408,1.6005738165481995
2021-08-22,1437788794333.0,3977,3232,0,3957.0,41779500600000.06,3.4413738165482,1.8408,1.6005738165481995
2021-08-23,1437735472580.0,3978,3235,49,3958.0,42252327600000.12,3.4027367348633266,1.8408,1.5619367348633266
2021-08-24,1431472367416.0,3978,3235,14,3958.0,42406375599999.92,3.375606491152248,1.8408,1.5348064911522477
2021-08-25,1430898191333.0,3977,3234,19,3957.0,42485851500000.08,3.367940480922213,1.8408,1.527140480922213
2021-08-26,1425692854333.0,3980,3234,25,3960.0,42213173299999.945,3.377364796057637,1.8408,1.5365647960576372
2021-08-27,1420751520628.0,3972,3225,27,3955.0,42651527899999.984,3.3310682889463394,1.8408,1.4902682889463394
2021-08-28,1420838319628.0,3965,3218,0,3955.0,42651527899999.984,3.331271796310023,1.8408,1.490471796310023
2021-08-29,1420838319628.0,3965,3218,0,3955.0,42651527899999.984,3.331271796310023,1.8408,1.490471796310023
2021-08-30,1420560386243.0,3966,3218,15,3946.0,42897025299999.98,3.3115591962573703,1.8408,1.4707591962573705
2021-08-31,1418862082488.0,3966,3217,20,3946.0,42830794000000.12,3.3127148716598533,1.8408,1.4719148716598534
2021-09-01,1419172453810.0,3967,3218,19,3947.0,42920031599999.96,3.306550347017921,1.8408,1.4657503470179212
2021-09-02,1416007010971.0,3967,3218,40,3947.0,43095750199999.98,3.285723080349117,1.8408,1.444923080349117
2021-09-03,1414560287870.0,3969,3219,46,3949.0,43127829699999.88,3.279924581667516,1.942,1.3379245816675165
2021-09-04,1414491587870.0,3968,3218,0,3949.0,43127829699999.88,3.2797652877719554,1.942,1.3377652877719557
2021-09-05,1414491587870.0,3968,3218,0,3949.0,43127829699999.88,3.2797652877719554,1.942,1.3377652877719557
2021-09-06,1414491587870.0,3968,3218,0,3949.0,43127829699999.88,3.2797652877719554,1.942,1.3377652877719557
2021-09-07,1414278655870.0,3968,3218,11,3948.0,42966981899999.984,3.291547586845984,1.942,1.349547586845984
2021-09-08,1412394174870.0,3968,3217,35,3948.0,42800757599999.95,3.2999279780739244,1.942,1.3579279780739244
2021-09-09,1413261573645.0,3968,3218,48,3948.0,42631570199999.97,3.315058692454638,1.942,1.3730586924546382
2021-09-10,1413144947633.0,3972,3219,32,3952.0,42315663599999.98,3.3395315762766407,1.942,1.3975315762766407
2021-09-11,1413144947633.0,3972,3219,0,3952.0,42315663599999.98,3.3395315762766407,1.942,1.3975315762766407
2021-09-12,1413144947633.0,3972,3219,0,3952.0,42315663599999.98,3.3395315762766407,1.942,1.3975315762766407
2021-09-13,1411791793808.0,3972,3221,38,3952.0,42335850099999.92,3.3347429908062782,1.942,1.3927429908062785
2021-09-14,1411722995631.0,3972,3222,31,3952.0,42099748699999.92,3.3532812884248946,1.942,1.4112812884248946
2021-09-15,1411425487631.0,3981,3220,7,3961.0,42494434300000.016,3.321436114825512,1.942,1.3794361148255117
2021-09-16,1411456846154.0,3983,3221,7,3963.0,42518602299999.984,3.319621929702991,1.942,1.3776219297029912
2021-09-17,1411410776822.0,3983,3221,11,3963.0,42198750900000.0,3.344674301300231,1.942,1.402674301300231
2021-09-18,1411410776822.0,3983,3221,0,3963.0,42198750900000.0,3.344674301300231,1.942,1.402674301300231
2021-09-19,1411410776822.0,3983,3221,0,3963.0,42198750900000.0,3.344674301300231,1.942,1.402674301300231
2021-09-20,1411400695702.0,3983,3221,11,3963.0,41436399500000.04,3.40618565496261,1.942,1.4641856549626102
2021-09-21,1410552091285.0,3982,3220,16,3962.0,41473379500000.016,3.401102365639144,1.942,1.4591023656391438
2021-09-22,1410207414285.0,3986,3219,11,3966.0,41894779500000.02,3.366069546409713,1.942,1.4240695464097126
2021-09-23,1410076341199.0,3993,3219,21,3973.0,42368161799999.92,3.3281508597311924,1.942,1.3861508597311925
2021-09-24,1409984353573.0,3997,3219,22,3977.0,42369886399999.96,3.3277982864098528,1.942,1.3857982864098528
2021-09-25,1409984353573.0,3997,3219,0,3977.0,42369886399999.96,3.3277982864098528,1.942,1.3857982864098528
2021-09-26,1409984353573.0,3997,3219,0,3977.0,42369886399999.96,3.3277982864098528,1.942,1.3857982864098528
2021-09-27,1409957679297.0,3997,3219,19,3977.0,42240934099999.97,3.33789417620147,1.942,1.3958941762014705
2021-09-28,1410138311094.0,4000,3219,25,3980.0,41306552199999.984,3.413836875724526,1.942,1.4718368757245262
2021-09-29,1410138926912.0,4003,3219,11,3983.0,41310393199999.984,3.413520951216704,1.942,1.4715209512167038
2021-09-30,1410654158490.0,4005,3218,13,3985.0,40926756700000.15,3.4467772973810917,1.942,1.5047772973810911
2021-10-01,1407926079490.0,4007,3215,16,3987.0,41350743699999.97,3.4048385917905537,1.942,1.4628385917905538
2021-10-02,1407926079490.0,4007,3215,0,3987.0,41350743699999.97,3.4048385917905537,1.942,1.4628385917905538
2021-10-03,1407926079490.0,4007,3215,0,3987.0,41350743699999.97,3.4048385917905537,2.0287,1.3761385917905535
2021-10-04,1407923168135.0,4007,3215,16,3987.0,40728988100000.07,3.456808611788216,2.0287,1.428108611788216
2021-10-05,1407379224009.0,4005,3212,11,3985.0,41100794299999.984,3.4242141739070977,2.0287,1.3955141739070975
2021-10-06,1405412321009.0,4008,3211,11,3988.0,41231980300000.016,3.4085491668926693,2.0287,1.3798491668926691
2021-10-07,1404998767298.0,4011,3211,20,3991.0,41662408099999.99,3.372341713723457,2.0287,1.3436417137234566
2021-10-08,1406598572061.0,4016,3211,21,3996.0,41490306600000.05,3.3901860153065204,2.0287,1.3614860153065202
2021-10-09,1406605373137.0,4015,3210,0,3996.0,41490306600000.05,3.3902024072702286,2.0287,1.3615024072702284
2021-10-10,1406605373137.0,4015,3210,0,3996.0,41490306600000.05,3.3902024072702286,2.0287,1.3615024072702284
2021-10-11,1406605373137.0,4015,3210,0,3995.0,41246501800000.02,3.410241624750342,2.0287,1.381541624750342
2021-10-12,1406550943026.0,4016,3211,26,3996.0,41261452600000.0,3.4088740322874624,2.0287,1.3801740322874625
2021-10-13,1408562990172.0,4019,3212,19,3999.0,41507044999999.92,3.3935516011125406,2.0287,1.3648516011125404
2021-10-14,1407618713765.0,4023,3212,16,4003.0,42188488199999.945,3.33649953772224,2.0287,1.3077995377222398
2021-10-15,1407302771036.0,4027,3210,15,4007.0,42384127299999.94,3.32035330366706,2.0287,1.2916533036670597
2021-10-16,1407327566036.0,4026,3209,0,4007.0,42384127299999.94,3.3204118043407305,2.0287,1.2917118043407303
2021-10-17,1407327566036.0,4026,3209,0,4007.0,42384127299999.94,3.3204118043407305,2.0287,1.2917118043407303
2021-10-18,1407259505036.0,4027,3209,14,4007.0,42589337000000.03,3.3042531397847283,2.0287,1.2755531397847282
2021-10-19,1406918870671.0,4031,3210,10,4011.0,42857923100000.04,3.282750933563084,2.0287,1.254050933563084
2021-10-20,1411708734020.0,4037,3209,27,4017.0,43003270800000.016,3.282793861391584,2.0287,1.254093861391584
2021-10-21,1412556278458.0,4044,3208,28,4024.0,43229071299999.98,3.2676072744084155,2.0287,1.2389072744084153
2021-10-22,1414715347458.0,4045,3207,34,4025.0,43022635599999.98,3.288304697581105,2.0287,1.2596046975811048
2021-10-23,1414715347458.0,4045,3207,0,4025.0,43022635599999.98,3.288304697581105,2.0287,1.2596046975811048
2021-10-24,1414715347458.0,4045,3207,0,4025.0,43022635599999.98,3.288304697581105,2.0287,1.2596046975811048
2021-10-25,1414986780828.0,4045,3207,35,4025.0,43307336300000.01,3.267314274482404,2.0287,1.2386142744824036
2021-10-26,1429011047828.0,4045,3208,56,4025.0,43312243400000.05,3.299323552997946,2.0287,1.2706235529979455
2021-10-27,1437809948182.0,4055,3208,91,4035.0,43102180299999.95,3.335817209650532,2.0287,1.307117209650532
2021-10-28,1433865727471.0,4059,3209,165,4039.0,43602541300000.016,3.288491185881864,2.0287,1.2597911858818636
2021-10-29,1427255320006.0,4067,3207,125,4047.0,43706186899999.92,3.265568152334063,2.0287,1.236868152334063
2021-10-30,1426645672006.0,4066,3206,0,4047.0,43706186899999.92,3.2641732743013607,2.0287,1.2354732743013606
2021-10-31,1426645672006.0,4066,3206,0,4047.0,43706186899999.92,3.2641732743013607,2.0287,1.2354732743013606
2021-11-01,1425418007275.0,4068,3207,68,4048.0,43928648399999.94,3.2448483146934293,2.0287,1.216148314693429
2021-11-02,1417514971019.0,4066,3206,178,4046.0,43990228600000.18,3.2223405427336065,2.0287,1.1936405427336063
2021-11-03,1437032158668.0,4075,3209,247,4055.0,44365318900000.0,3.2390889872945325,2.0203,1.2187889872945323
2021-11-04,1450592198827.0,4087,3215,441,4067.0,44612452800000.055,3.25154101104927,2.0203,1.2312410110492698
2021-11-05,1450463041568.0,4092,3220,287,4072.0,44790555800000.016,3.23832338237696,2.0203,1.2180233823769595
2021-11-06,1450463041568.0,4092,3220,0,4072.0,44790555800000.016,3.23832338237696,2.0203,1.2180233823769595
2021-11-07,1450463041568.0,4092,3220,0,4072.0,44790555800000.016,3.23832338237696,2.0203,1.2180233823769595
2021-11-08,1455042261756.0,4093,3228,194,4073.0,44867640899999.93,3.242965826973092,2.0203,1.2226658269730917
2021-11-09,1451063205271.0,4101,3240,324,4081.0,44794484299999.98,3.239379195779693,2.0203,1.2190791957796927
2021-11-10,1445875890779.0,4106,3261,315,4086.0,44330631500000.01,3.261572961754447,2.0203,1.241272961754447
2021-11-11,1445875890779.0,4115,3261,0,4095.0,44451242700000.06,3.252723215270195,2.0203,1.2324232152701948
2021-11-12,1452054630763.0,4117,3315,417,4097.0,44815262400000.055,3.2400895431619703,2.0203,1.21978954316197
2021-11-13,1452054630763.0,4117,3315,0,4097.0,44815262400000.055,3.2400895431619703,2.0203,1.21978954316197
2021-11-14,1452054630763.0,4117,3315,0,4097.0,44815262400000.055,3.2400895431619703,2.0203,1.21978954316197
2021-11-15,1450611281420.0,4118,3373,490,4098.0,44791581900000.05,3.238580152535311,2.0203,1.2182801525353106
2021-11-16,1450408154482.0,4118,3379,38,4098.0,45028651299999.79,3.2210783858898453,2.0203,1.200778385889845
2021-11-17,1449786007554.0,4123,3384,41,4103.0,44890888599999.92,3.2295774326775133,2.0203,1.209277432677513
2021-11-18,1449511296139.0,4124,3387,37,4104.0,44975251000000.03,3.222908741830032,2.0203,1.2026087418300315
2021-11-19,1449403577751.0,4126,3394,66,4106.0,44926720099999.91,3.2261504390368416,2.0203,1.2058504390368414
2021-11-20,1450231674751.0,4124,3392,0,4106.0,44926720099999.91,3.2279936561649936,2.0203,1.2076936561649934
2021-11-21,1450231674751.0,4124,3392,0,4106.0,44926720099999.91,3.2279936561649936,2.0203,1.2076936561649934
2021-11-22,1450449655450.0,4125,3421,88,4105.0,44535926100000.02,3.2568081153026687,2.0203,1.2365081153026685
2021-11-23,1449056640811.0,4124,3421,46,4104.0,44417615200000.11,3.262346783559412,2.0203,1.2420467835594118
2021-11-24,1450457842755.0,4125,3419,37,4105.0,44580910500000.03,3.253540195763833,2.0203,1.2332401957638326
2021-11-25,1450457842755.0,4125,3419,0,4105.0,44580910500000.03,3.253540195763833,2.0203,1.2332401957638326
2021-11-26,1450457842755.0,4125,3419,4,4105.0,43648906300000.04,3.32301073659433,2.0203,1.3027107365943298
2021-11-27,1450457842755.0,4125,3419,0,4105.0,43648906300000.04,3.32301073659433,2.0203,1.3027107365943298
2021-11-28,1450457842755.0,4125,3419,0,4105.0,43648906300000.04,3.32301073659433,2.0203,1.3027107365943298
2021-11-29,1450427777712.0,4125,3419,17,4105.0,44174077400000.0,3.283436492806073,2.0203,1.2631364928060729
2021-11-30,1446843799693.0,4123,3417,14,4103.0,43328370199999.945,3.339252764446242,2.0203,1.3189527644462418
2021-12-01,1446335319693.0,4124,3417,13,4104.0,42568319599999.97,3.397680089991152,2.0203,1.3773800899911517
2021-12-02,1445470830419.0,4124,3416,39,4104.0,43142387299999.984,3.350465565031448,2.0203,1.3301655650314474
2021-12-03,1443651007203.0,4125,3415,40,4105.0,42659508800000.01,3.384124777364993,1.6727,1.711424777364993
2021-12-04,1443651007203.0,4125,3415,0,4105.0,42659508800000.01,3.384124777364993,1.6727,1.711424777364993
2021-12-05,1443651007203.0,4125,3415,0,4105.0,42659508800000.01,3.384124777364993,1.6727,1.711424777364993
2021-12-06,1443463653203.0,4125,3415,20,4105.0,43143831399999.96,3.34570112658794,1.6727,1.6730011265879396
2021-12-07,1443169270337.0,4127,3415,26,4107.0,44132572400000.02,3.270077386961924,1.6727,1.597377386961924
2021-12-08,1441212058637.0,4127,3413,49,4107.0,44383383899999.94,3.247188321386649,1.6727,1.5744883213866487
2021-12-09,1442262031771.0,4132,3413,51,4112.0,43858669499999.94,3.288430880856981,1.6727,1.615730880856981
2021-12-10,1440210076912.0,4139,3414,34,4119.0,44178140300000.016,3.2600061187093456,1.6727,1.5873061187093456
2021-12-11,1439859186912.0,4137,3412,0,4119.0,44178140300000.016,3.2592118571183937,1.6727,1.5865118571183936
2021-12-12,1439859186912.0,4137,3412,0,4119.0,44178140300000.016,3.2592118571183937,1.6727,1.5865118571183936
2021-12-13,1439808004017.0,4139,3412,21,4119.0,43721761599999.98,3.2931152618905477,1.6727,1.6204152618905472
2021-12-14,1439228836458.0,4140,3411,30,4120.0,43260991599999.98,3.326851242258628,1.6727,1.6541512422586278
2021-12-15,1439113402871.0,4145,3411,19,4125.0,44033356400000.0,3.2682346305788315,1.6727,1.5955346305788314
2021-12-16,1438251228871.0,4148,3410,18,4128.0,43367487800000.016,3.316427355681413,1.6727,1.6437273556814131
2021-12-17,1438224890288.0,4149,3410,44,4129.0,43200041300000.016,3.329221100277049,1.6727,1.6565211002770488
2021-12-18,1438224890288.0,4149,3410,0,4129.0,43200041300000.016,3.329221100277049,1.6727,1.6565211002770488
2021-12-19,1438224890288.0,4149,3410,0,4129.0,43200041300000.016,3.329221100277049,1.6727,1.6565211002770488
2021-12-20,1438208750349.0,4150,3411,20,4130.0,42701408999999.945,3.3680592374574854,1.6727,1.6953592374574853
2021-12-21,1438549426355.0,4152,3411,24,4132.0,43582896299999.99,3.3007201183988326,1.6727,1.6280201183988323
2021-12-22,1438731876754.0,4153,3410,22,4133.0,44019106000000.016,3.268425934761145,1.6727,1.5957259347611454
2021-12-23,1438689313497.0,4151,3411,23,4131.0,44335154400000.02,3.245030569910453,1.6727,1.5723305699104528
2021-12-24,1438689313497.0,4151,3411,0,4131.0,44335154400000.02,3.245030569910453,1.6727,1.5723305699104528
2021-12-25,1438689313497.0,4151,3411,0,4131.0,44335154400000.02,3.245030569910453,1.6727,1.5723305699104528
2021-12-26,1438689313497.0,4151,3411,0,4131.0,44335154400000.02,3.245030569910453,1.6727,1.5723305699104528
2021-12-27,1438404974483.0,4152,3411,5,4132.0,44916599499999.94,3.2023906317373867,1.6727,1.5296906317373866
2021-12-28,1438244691788.0,4152,3410,5,4132.0,44763010799999.92,3.213020451671679,1.6727,1.5403204516716789
2021-12-29,1438207614404.0,4151,3409,11,4131.0,44797908299999.99,3.2104347479188,1.6727,1.5377347479188
2021-12-30,1438220262404.0,4153,3409,5,4133.0,44735226100000.03,3.2149614247819773,1.6727,1.5422614247819773
2021-12-31,1438216613404.0,4152,3408,0,4132.0,44586507500000.08,3.2256767664612385,1.6727,1.5529767664612384
2022-01-01,1438216613404.0,4152,3408,0,4132.0,44586507500000.08,3.2256767664612385,1.6727,1.5529767664612384
2022-01-02,1438216613404.0,4152,3408,0,4132.0,44586507500000.08,3.2256767664612385,1.6727,1.5529767664612384
2022-01-03,1438216613404.0,4152,3408,11,4132.0,44855668200000.06,3.2063207864641687,2.024,1.1823207864641687
2022-01-04,1437992450356.0,4151,3407,10,4131.0,44575734500000.03,3.225953462092697,2.024,1.2019534620926977
2022-01-05,1437547476356.0,4152,3407,11,4132.0,43453098100000.125,3.3082738382605585,2.024,1.2842738382605583
2022-01-06,1437667468656.0,4153,3407,27,4133.0,43376780999999.96,3.314371042553852,2.024,1.290371042553852
2022-01-07,1437313402656.0,4159,3407,13,4139.0,43076203800000.03,3.3366761131722544,2.024,1.3126761131722544
2022-01-08,1437313402656.0,4159,3407,0,4139.0,43076203800000.03,3.3366761131722544,2.024,1.3126761131722544
2022-01-09,1437313402656.0,4159,3407,0,4139.0,43076203800000.03,3.3366761131722544,2.024,1.3126761131722544
2022-01-10,1436997998029.0,4159,3407,17,4139.0,43042707500000.01,3.3385399792264456,2.024,1.3145399792264456
2022-01-11,1437010352029.0,4160,3406,7,4140.0,43527370600000.0,3.3013948056605105,2.024,1.2773948056605104
2022-01-12,1437228376725.0,4165,3406,12,4145.0,43585353599999.83,3.297503078476816,2.024,1.2735030784768155
2022-01-13,1437237592820.0,4167,3406,13,4147.0,42817971099999.96,3.3566223618194773,2.024,1.3326223618194772
2022-01-14,1437242479108.0,4169,3405,17,4149.0,42896492199999.92,3.350489528157742,2.024,1.326489528157742
2022-01-15,1437337058108.0,4168,3404,0,4149.0,42896492199999.92,3.350710010055327,2.024,1.326710010055327
2022-01-16,1437337058108.0,4168,3404,0,4149.0,42896492199999.92,3.350710010055327,2.024,1.326710010055327
2022-01-17,1437337058108.0,4168,3404,0,4149.0,42896492199999.92,3.350710010055327,2.024,1.326710010055327
2022-01-18,1437309146566.0,4169,3404,14,4149.0,42010690900000.016,3.421293760646054,2.024,1.397293760646054
2022-01-19,1436946825829.0,4169,3404,5,4149.0,41601268499999.945,3.45409377559966,2.024,1.43009377559966
2022-01-20,1436946604155.0,4172,3405,8,4152.0,41078507800000.06,3.498049664196901,2.024,1.4740496641969014
2022-01-21,1437387634911.0,4174,3405,11,4154.0,40236777699999.89,3.572322927118997,2.024,1.5483229271189969
2022-01-22,1437387634911.0,4174,3405,0,4154.0,40236777699999.89,3.572322927118997,2.024,1.5483229271189969
2022-01-23,1437387634911.0,4174,3405,0,4154.0,40236777699999.89,3.572322927118997,2.024,1.5483229271189969
2022-01-24,1437361077413.0,4174,3405,6,4154.0,40507298099999.95,3.548400275586393,2.024,1.5244002755863928
2022-01-25,1440174778822.0,4173,3403,13,4153.0,39850955199999.98,3.613902782490898,2.024,1.5899027824908971
2022-01-26,1440284789822.0,4173,3403,10,4153.0,39681458899999.945,3.6296165255708415,2.024,1.6056165255708423
2022-01-27,1433650951822.0,4174,3403,26,4154.0,39331209399999.98,3.6450721289592503,2.024,1.621072128959251
2022-01-28,1443279129552.0,4174,3403,32,4154.0,40297796300000.055,3.5815336372425857,2.024,1.5575336372425856
2022-01-29,1443279129552.0,4174,3403,0,4154.0,40297796300000.055,3.5815336372425857,2.024,1.5575336372425856
2022-01-30,1443279129552.0,4174,3403,0,4154.0,40297796300000.055,3.5815336372425857,2.024,1.5575336372425856
2022-01-31,1446476721972.0,4174,3403,22,4154.0,41301391200000.016,3.502246970247335,2.024,1.4782469702473349
2022-02-01,1447220776972.0,4175,3402,14,4155.0,41639408699999.945,3.4756035740056075,2.024,1.4516035740056077
2022-02-02,1450319065939.0,4171,3398,34,4151.0,41880607999999.984,3.4629847444884287,2.024,1.4389847444884287
2022-02-03,1454763192218.0,4170,3396,69,4150.0,40718798500000.05,3.572706577326928,2.1517,1.4210065773269278
2022-02-04,1439981410057.0,4173,3397,76,4153.0,41047497700000.07,3.508085731757036,2.1517,1.3563857317570358
2022-02-05,1439981410057.0,4173,3397,0,4153.0,41047497700000.07,3.508085731757036,2.1517,1.3563857317570358
2022-02-06,1439981410057.0,4173,3397,0,4153.0,41047497700000.07,3.508085731757036,2.1517,1.3563857317570358
2022-02-07,1441210676200.0,4175,3398,32,4155.0,40949736900000.016,3.5194626029453184,2.1517,1.3677626029453185
2022-02-08,1439433285790.0,4175,3398,50,4155.0,41334926799999.99,3.4823656341638918,2.1517,1.3306656341638914
2022-02-09,1433300624191.0,4176,3400,79,4156.0,42081799700000.016,3.4059869929731152,2.1517,1.2542869929731153
2022-02-10,1434157431330.0,4178,3401,54,4158.0,41334441900000.07,3.469642664583788,2.1517,1.317942664583788
2022-02-11,1434283359812.0,4183,3404,77,4163.0,40513277900000.0,3.5402797160779724,2.1517,1.3885797160779725
2022-02-12,1433225490812.0,4182,3403,0,4163.0,40513277900000.0,3.537668549924962,2.1517,1.385968549924962
2022-02-13,1433225490812.0,4182,3403,0,4163.0,40513277900000.0,3.537668549924962,2.1517,1.385968549924962
2022-02-14,1429301489062.0,4182,3405,79,4162.0,40345455099999.98,3.5426579908922653,2.1517,1.3909579908922654
2022-02-15,1426170989319.0,4183,3405,57,4163.0,41115819600000.02,3.468667299335556,2.1517,1.316967299335556
2022-02-16,1422583115662.0,4185,3404,61,4165.0,41094480100000.03,3.461737713192286,2.1517,1.310037713192286
2022-02-17,1428204041301.0,4185,3409,104,4165.0,40162664500000.08,3.556049029817226,2.1517,1.404349029817226
2022-02-18,1435295024726.0,4186,3410,88,4166.0,39752724900000.02,3.61055758652157,2.1517,1.45885758652157
2022-02-19,1435295024726.0,4186,3410,0,4166.0,39752724900000.02,3.61055758652157,2.1517,1.45885758652157
2022-02-20,1435295024726.0,4186,3410,0,4166.0,39752724900000.02,3.61055758652157,2.1517,1.45885758652157
2022-02-21,1435295024726.0,4186,3410,0,4166.0,39752724900000.02,3.61055758652157,2.1517,1.45885758652157
2022-02-22,1436095194099.0,4186,3412,118,4166.0,39246932200000.06,3.6591272581019663,2.1517,1.5074272581019663
2022-02-23,1448647693521.0,4185,3414,140,4165.0,38472669300000.06,3.7653942912689913,2.1517,1.613694291268991
2022-02-24,1460644501294.0,4184,3419,232,4164.0,39363647900000.06,3.7106431421311377,2.1517,1.5589431421311375
2022-02-25,1460217654082.0,4183,3430,203,4163.0,40168090600000.13,3.635267776661496,2.1517,1.4835677766614954
2022-02-26,1460217654082.0,4183,3430,0,4163.0,40168090600000.13,3.635267776661496,2.1517,1.4835677766614954
2022-02-27,1460217654082.0,4183,3430,0,4163.0,40168090600000.13,3.635267776661496,2.1517,1.4835677766614954
2022-02-28,1457347813405.0,4183,3435,196,4163.0,40235875200000.01,3.62201096946687,2.1517,1.47031096946687
2022-03-01,1456383375541.0,4184,3445,252,4164.0,39745729900000.01,3.664251176680491,2.1517,1.5125511766804909
2022-03-02,1455191306851.0,4186,3445,45,4166.0,40431900700000.04,3.599116741130596,2.1517,1.447416741130596
2022-03-03,1453060278513.0,4185,3457,74,4165.0,40041476400000.01,3.628887866165194,2.2199,1.408987866165194
2022-03-04,1452168532789.0,4183,3463,46,4163.0,39647877000000.0,3.662664038200583,2.2199,1.4427640382005826
2022-03-05,1452354520249.0,4181,3461,0,4163.0,39647877000000.0,3.6631331363568345,2.2199,1.4432331363568345
2022-03-06,1452354520249.0,4181,3461,0,4163.0,39647877000000.0,3.6631331363568345,2.2199,1.4432331363568345
2022-03-07,1451400814155.0,4181,3468,43,4161.0,38433947499999.97,3.776351138937787,2.2199,1.556451138937787
2022-03-08,1451479472904.0,4181,3476,61,4161.0,38252865300000.0,3.7944333359624176,2.2199,1.5745333359624176
2022-03-09,1449470767159.0,4181,3484,73,4161.0,39260724700000.016,3.691910371585677,2.2199,1.4720103715856765
2022-03-10,1450436339397.0,4182,3504,116,4162.0,39103187500000.02,3.7092534704415057,2.2199,1.4893534704415057
2022-03-11,1450581982204.0,4184,3511,102,4164.0,38452633899999.945,3.772386531378809,2.2199,1.552486531378809
2022-03-12,1451034986204.0,4183,3510,0,4164.0,38452633899999.945,3.7735646145269706,2.2199,1.5536646145269706
2022-03-13,1451034986204.0,4183,3510,0,4164.0,38452633899999.945,3.7735646145269706,2.2199,1.5536646145269706
2022-03-14,1450641256091.0,4183,3517,72,4163.0,37888796000000.016,3.8286813233416006,2.2199,1.6087813233416006
2022-03-15,1450344732303.0,4183,3525,92,4163.0,38724411799999.95,3.745298288308673,2.2199,1.525398288308673
2022-03-16,1450018252540.0,4183,3536,79,4163.0,39714608899999.92,3.651095384550049,2.2199,1.431195384550049
2022-03-17,1447362283537.0,4184,3544,81,4164.0,40311742199999.984,3.590423545467605,2.2199,1.3705235454676048
2022-03-18,1443939147987.0,4183,3553,51,4163.0,40896824900000.016,3.53068765489176,2.2199,1.31078765489176
2022-03-19,1443939147987.0,4183,3553,0,4163.0,40896824900000.016,3.53068765489176,2.2199,1.31078765489176
2022-03-20,1443939147987.0,4183,3553,0,4163.0,40896824900000.016,3.53068765489176,2.2199,1.31078765489176
2022-03-21,1447327084641.0,4183,3561,33,4163.0,40813081000000.01,3.546233337887428,2.2199,1.3263333378874278
2022-03-22,1447152419666.0,4183,3570,35,4163.0,41329837699999.945,3.501471334512407,2.2199,1.2815713345124071
2022-03-23,1448483289771.0,4182,3580,65,4162.0,40845597599999.99,3.546240904481221,2.2199,1.3263409044812215
2022-03-24,1444653253966.0,4182,3593,84,4162.0,41449021900000.04,3.4853735691311902,2.2199,1.2654735691311902
2022-03-25,1445666549439.0,4182,3611,72,4162.0,41501583000000.01,3.4834009812083546,2.2199,1.2635009812083546
2022-03-26,1445688612439.0,4181,3610,0,4162.0,41501583000000.01,3.4834541430359414,2.2199,1.2635541430359414
2022-03-27,1445688612439.0,4181,3610,0,4162.0,41501583000000.01,3.4834541430359414,2.2199,1.2635541430359414
2022-03-28,1442380281499.0,4181,3631,93,4161.0,41854468900000.16,3.446179868976893,2.2199,1.226279868976893
2022-03-29,1441179861371.0,4180,3658,119,4160.0,42519606500000.08,3.3894477865664103,2.2199,1.1695477865664103
2022-03-30,1441485725404.0,4180,3691,140,4160.0,42163951699999.86,3.418763344717532,2.2199,1.198863344717532
2022-03-31,1439727873781.0,4180,3746,349,4160.0,41541111900000.02,3.4657904132339783,2.2199,1.2458904132339783
2022-04-01,1439748150308.0,4183,3751,54,4163.0,41729567100000.11,3.450187122377304,2.2199,1.230287122377304
2022-04-02,1439748150308.0,4183,3751,0,4163.0,41729567100000.11,3.450187122377304,2.2199,1.230287122377304
2022-04-03,1439748150308.0,4183,3751,0,4163.0,41729567100000.11,3.450187122377304,2.4317,1.0184871223773038
2022-04-04,1439494545471.0,4184,3755,10,4164.0,42195186300000.18,3.4115136623321267,2.4317,0.9798136623321264
2022-04-05,1436882575364.0,4184,3754,17,4164.0,41489972400000.12,3.4632044618183357,2.4317,1.031504461818335
2022-04-06,1436837515433.0,4183,3753,19,4163.0,40960197200000.13,3.507887201854085,2.4317,1.076187201854085
2022-04-07,1435403845810.0,4182,3756,29,4162.0,41119277100000.016,3.4908294771796937,2.4317,1.0591294771796935
2022-04-08,1435108045549.0,4182,3757,22,4162.0,40890525400000.04,3.5096346439926123,2.4317,1.077934643992612
2022-04-09,1435108045549.0,4182,3757,0,4162.0,40890525400000.04,3.5096346439926123,2.4317,1.077934643992612
2022-04-10,1435108045549.0,4182,3757,0,4162.0,40890525400000.04,3.5096346439926123,2.4317,1.077934643992612
2022-04-11,1435054156438.0,4182,3761,17,4162.0,40176295000000.04,3.5718927204163515,2.4317,1.1401927204163511
2022-04-12,1435003769076.0,4183,3763,12,4163.0,40105940300000.016,3.578032975519089,2.4317,1.1463329755190887
2022-04-13,1434745982761.0,4184,3765,27,4164.0,40745223700000.04,3.5212617638935644,2.4317,1.0895617638935642
2022-04-14,1434348000373.0,4185,3770,42,4165.0,40211452900000.0,3.5670136165932966,2.4317,1.1353136165932964
2022-04-15,1433820877243.0,4185,3783,75,4165.0,40211452900000.0,3.5657027384926945,2.4317,1.1340027384926945
2022-04-16,1433820877243.0,4185,3783,0,4165.0,40211452900000.0,3.5657027384926945,2.4317,1.1340027384926945
2022-04-17,1433820877243.0,4185,3783,0,4165.0,40211452900000.0,3.5657027384926945,2.4317,1.1340027384926945
2022-04-18,1433740281291.0,4185,3785,17,4165.0,40090020999999.98,3.576302145840734,2.4317,1.1446021458407336
2022-04-19,1433840473846.0,4184,3785,7,4164.0,40818545599999.97,3.5127181842706348,2.4317,1.0810181842706346
2022-04-20,1431950948846.0,4185,3785,11,4165.0,40674213999999.92,3.5205374806898613,2.4317,1.088837480689861
2022-04-21,1432322416102.0,4185,3786,32,4165.0,39969809599999.96,3.5835107308141927,2.4317,1.1518107308141925
2022-04-22,1431897043935.0,4185,3785,30,4165.0,38897778600000.11,3.681179479835375,2.4317,1.249479479835375
2022-04-23,1431883299081.0,4183,3783,0,4165.0,38897778600000.11,3.681144144002599,2.4317,1.2494441440025987
2022-04-24,1431883299081.0,4183,3783,0,4165.0,38897778600000.11,3.681144144002599,2.4317,1.2494441440025987
2022-04-25,1433407118588.0,4183,3783,20,4163.0,39187994700000.04,3.657771033096518,2.4317,1.2260710330965177
2022-04-26,1434697696686.0,4184,3783,50,4164.0,38038008400000.05,3.771747673009079,2.4317,1.340047673009079
2022-04-27,1429697453681.0,4185,3783,79,4165.0,38047250900000.02,3.757689241303369,2.4317,1.3259892413033685
2022-04-28,1421663602139.0,4185,3783,146,4165.0,39013309700000.06,3.644047667504092,2.4317,1.2123476675040918
2022-04-29,1415180645986.0,4185,3784,128,4165.0,37604073600000.07,3.763370588621541,2.4317,1.3316705886215403
2022-04-30,1415135658986.0,4183,3783,0,4165.0,37604073600000.07,3.763250955306069,2.4317,1.331550955306069
2022-05-01,1415135658986.0,4183,3783,0,4165.0,37604073600000.07,3.763250955306069,2.4317,1.331550955306069
2022-05-02,1414523558578.0,4183,3783,67,4163.0,37905942800000.016,3.731667000188687,2.4317,1.2999670001886865
2022-05-03,1408228921581.0,4182,3783,166,4162.0,38027610899999.98,3.7031748465192194,3.0088,0.6943748465192194
2022-05-04,1413837693093.0,4182,3783,266,4162.0,39200396899999.9,3.6066922911512753,3.0088,0.5978922911512754
2022-05-05,1412212028444.0,4183,3783,445,4163.0,37651615300000.086,3.7507342439143554,3.0088,0.7419342439143555
2022-05-06,1411806073534.0,4183,3784,276,4163.0,37316440399999.94,3.78333532995286,3.0088,0.7745353299528603
2022-05-07,1411802808534.0,4182,3783,0,4163.0,37316440399999.94,3.783326580458093,3.0088,0.7745265804580934
2022-05-08,1411802808534.0,4182,3783,0,4163.0,37316440399999.94,3.783326580458093,3.0088,0.7745265804580934
2022-05-09,1411114108236.0,4184,3783,242,4164.0,35892048499999.96,3.931550767396298,3.0088,0.9227507673962982
2022-05-10,1409948638871.0,4185,3786,395,4165.0,36010486199999.984,3.915383510903556,3.0088,0.9065835109035564
2022-05-11,1412877958588.0,4186,3786,162,4166.0,35252602799999.96,4.007868487339044,3.0088,0.999068487339044
2022-05-12,1411194208759.0,4186,3786,330,4166.0,35373960000000.08,3.989358863861996,3.0088,0.9805588638619956
2022-05-13,1409987258356.0,4187,3789,311,4167.0,36418439100000.0,3.871630122544159,3.0088,0.862830122544159
2022-05-14,1409946090356.0,4186,3788,0,4167.0,36418439100000.0,3.871517080906413,3.0088,0.8627170809064135
2022-05-15,1409946090356.0,4186,3788,0,4167.0,36418439100000.0,3.871517080906413,3.0088,0.8627170809064135
2022-05-16,1408297698376.0,4187,3801,518,4167.0,36202690600000.086,3.890036002948346,3.0088,0.8812360029483459
2022-05-17,1408115880691.0,4188,3802,35,4168.0,36936714100000.0,3.812239163664534,3.0088,0.8034391636645339
2022-05-18,1408128087806.0,4188,3802,18,4168.0,35337874600000.02,3.9847560266287183,3.0088,0.9759560266287184
2022-05-19,1408205104265.0,4188,3802,21,4168.0,35231123200000.016,3.997048564903544,3.0088,0.988248564903544
2022-05-20,1409129831368.0,4188,3803,25,4168.0,35211841800000.086,4.001863462217408,3.0088,0.9930634622174076
2022-05-21,1409155331368.0,4187,3802,0,4168.0,35211841800000.086,4.001935881036466,3.0088,0.9931358810364656
2022-05-22,1409155331368.0,4187,3802,0,4168.0,35211841800000.086,4.001935881036466,3.0088,0.9931358810364656
2022-05-23,1409171038984.0,4187,3802,60,4167.0,35749018800000.055,3.941845360477412,3.0088,0.9330453604774118
2022-05-24,1406650763516.0,4185,3800,25,4165.0,35232336200000.164,3.992499264116336,3.0088,0.983699264116336
2022-05-25,1406129093191.0,4184,3799,16,4164.0,35685197700000.12,3.94037075263561,3.0088,0.93157075263561
2022-05-26,1402416872248.0,4184,3799,33,4164.0,36429979699999.99,3.849622985784975,3.0088,0.8408229857849752
2022-05-27,1398149291778.0,4183,3799,25,4163.0,37410163900000.03,3.737351420098961,3.0088,0.7285514200989613
2022-05-28,1398200212778.0,4181,3798,0,4163.0,37410163900000.03,3.737487535514376,3.0088,0.7286875355143763
2022-05-29,1398200212778.0,4181,3798,0,4163.0,37410163900000.03,3.737487535514376,3.0088,0.7286875355143763
2022-05-30,1398200212778.0,4181,3798,0,4163.0,37410163900000.03,3.737487535514376,3.0088,0.7286875355143763
2022-05-31,1397756127808.0,4181,3798,15,4161.0,37118038300000.02,3.765705818046961,3.0088,0.7569058180469606
2022-06-01,1397596407760.0,4180,3797,16,4160.0,36886597100000.04,3.7889003530770218,3.0088,0.7801003530770219
2022-06-02,1393013673186.0,4180,3797,21,4160.0,37682966999999.984,3.696666648318856,3.0088,0.687866648318856
2022-06-03,1383327733144.0,4179,3796,30,4159.0,37048851800000.0,3.733793804492478,3.0862,0.647593804492478
2022-06-04,1383379022144.0,4178,3795,0,4159.0,37048851800000.0,3.733932240631544,3.0862,0.6477322406315436
2022-06-05,1383379022144.0,4178,3795,0,4159.0,37048851800000.0,3.733932240631544,3.0862,0.6477322406315436
2022-06-06,1380589050144.0,4178,3795,11,4158.0,37157426199999.97,3.7155131324569535,3.0862,0.6293131324569545
2022-06-07,1379695205144.0,4177,3794,20,4157.0,37558036700000.04,3.673501935589723,3.0862,0.5873019355897231
2022-06-08,1376210841445.0,4176,3792,29,4156.0,37183540799999.85,3.7011290797916847,3.0862,0.6149290797916849
2022-06-09,1375936343407.0,4176,3792,40,4156.0,36288961700000.0,3.7916112199126384,3.0862,0.7054112199126386
2022-06-10,1375524393895.0,4177,3792,14,4157.0,35223410400000.05,3.905142569315202,3.0862,0.8189425693152024
2022-06-11,1375760690895.0,4175,3790,0,4157.0,35223410400000.05,3.905813421448248,3.0862,0.8196134214482482
2022-06-12,1375760690895.0,4175,3790,0,4157.0,35223410400000.05,3.905813421448248,3.0862,0.8196134214482482
2022-06-13,1375765068467.0,4175,3790,7,4155.0,33712995699999.96,4.08081524617227,3.0862,0.9946152461722706
2022-06-14,1375788436286.0,4175,3791,23,4155.0,33651547800000.004,4.0883362764253,3.0862,1.0021362764252997
2022-06-15,1375748638017.0,4177,3792,5,4157.0,34199173299999.99,4.022754076388742,3.0862,0.9365540763887426
2022-06-16,1375381655626.0,4178,3791,11,4158.0,32957789499999.98,4.173161114540163,3.0862,1.0869611145401628
2022-06-17,1375348909516.0,4177,3790,4,4157.0,33130162699999.973,4.151349698973863,3.0862,1.0651496989738636
2022-06-18,1375348909516.0,4177,3790,0,4157.0,33130162699999.973,4.151349698973863,3.0862,1.0651496989738636
2022-06-19,1375348909516.0,4177,3790,0,4157.0,33130162699999.973,4.151349698973863,3.0862,1.0651496989738636
2022-06-20,1375348909516.0,4177,3790,0,4157.0,33130162699999.973,4.151349698973863,3.0862,1.0651496989738636
2022-06-21,1373716369082.0,4177,3790,9,4157.0,33932579099999.95,4.048370048836052,3.0862,0.962170048836052
2022-06-22,1373894859315.0,4174,3787,6,4154.0,33857234699999.98,4.057906298280765,3.0862,0.9717062982807656
2022-06-23,1373851733522.0,4172,3785,10,4152.0,34295217299999.92,4.0059572199357465,3.0862,0.9197572199357468
2022-06-24,1372949345088.0,4170,3783,17,4150.0,35331501399999.984,3.88590716693404,3.0862,0.7997071669340401
2022-06-25,1372956624088.0,4168,3781,0,4150.0,35331501399999.984,3.885927768945592,3.0862,0.7997277689455924
2022-06-26,1372956624088.0,4168,3781,0,4150.0,35331501399999.984,3.885927768945592,3.0862,0.7997277689455924
2022-06-27,1373642053652.0,4168,3781,8,4148.0,35230017100000.016,3.8990672350596154,3.0862,0.8128672350596147
2022-06-28,1373497087409.0,4167,3780,9,4147.0,34449231599999.95,3.987018065764352,3.0862,0.9008180657643524
2022-06-29,1374008318015.0,4167,3780,25,4147.0,34377538600000.008,3.996819941073384,3.0862,0.9106199410733842
2022-06-30,1373930728929.0,4168,3780,12,4148.0,34024756499999.95,4.038032510031342,3.0862,0.951832510031342
2022-07-01,1373303385589.0,4167,3778,14,4147.0,34386218000000.04,3.993761063193976,3.0862,0.9075610631939766
2022-07-02,1373199391589.0,4166,3777,0,4147.0,34386218000000.04,3.9934586338893054,3.0862,0.9072586338893056
2022-07-03,1373199391589.0,4166,3777,0,4147.0,34386218000000.04,3.9934586338893054,3.1031,0.8903586338893055
2022-07-04,1373199391589.0,4166,3777,0,4147.0,34386218000000.04,3.9934586338893054,3.1031,0.8903586338893055
2022-07-05,1373199391589.0,4166,3777,1,4146.0,34605046699999.867,3.968205572712044,3.1031,0.8651055727120442
2022-07-06,1372550582589.0,4163,3774,2,4143.0,34658910700000.047,3.9601665339961136,3.1031,0.8570665339961137
2022-07-07,1373159464935.0,4160,3772,15,4140.0,35294904300000.02,3.890531769865145,3.1031,0.7874317698651452
2022-07-08,1373006813367.0,4157,3769,9,4137.0,35273009200000.02,3.892513977421011,3.1031,0.7894139774210109
2022-07-09,1373251258363.0,4152,3764,0,4137.0,35273009200000.02,3.8932069860458607,3.1031,0.7901069860458607
2022-07-10,1373251258363.0,4152,3764,0,4137.0,35273009200000.02,3.8932069860458607,3.1031,0.7901069860458607
2022-07-11,1373126355789.0,4152,3764,12,4132.0,34743961899999.977,3.952129465664078,3.1031,0.8490294656640782
2022-07-12,1372181355789.0,4152,3764,3,4132.0,34416998700000.02,3.986929155995811,3.1031,0.8838291559958109
2022-07-13,1372667156882.0,4150,3762,6,4130.0,34309960200000.062,4.000783296979742,3.1031,0.8976832969797424
2022-07-14,1372645838794.0,4150,3762,13,4130.0,34200308699999.965,4.013548096406514,3.1031,0.910448096406514
2022-07-15,1372595886694.0,4150,3762,9,4130.0,34814260099999.973,3.942625472296053,3.1031,0.8395254722960526
2022-07-16,1372595886694.0,4150,3762,0,4130.0,34814260099999.973,3.942625472296053,3.1031,0.8395254722960526
2022-07-17,1372595886694.0,4150,3762,0,4130.0,34814260099999.973,3.942625472296053,3.1031,0.8395254722960526
2022-07-18,1372589059313.0,4150,3762,8,4130.0,34571357300000.07,3.9703071169641264,3.1031,0.8672071169641264
2022-07-19,1372801404375.0,4150,3762,10,4130.0,35540082699999.984,3.862684890080463,3.1031,0.7595848900804629
2022-07-20,1372174709224.0,4149,3761,9,4129.0,35885605999999.97,3.8237467948123856,3.1031,0.7206467948123856
2022-07-21,1367822689654.0,4144,3756,31,4124.0,36227635599999.97,3.775633344545403,3.1031,0.6725333445454029
2022-07-22,1365308683275.0,4144,3755,22,4124.0,35754693200000.03,3.818543975857689,3.1031,0.7154439758576889
2022-07-23,1365476877275.0,4143,3754,0,4124.0,35754693200000.03,3.819014386830199,3.1031,0.7159143868301987
2022-07-24,1365476877275.0,4143,3754,0,4124.0,35754693200000.03,3.819014386830199,3.1031,0.7159143868301987
2022-07-25,1365865612938.0,4143,3754,22,4123.0,35764244999999.95,3.8190813560806376,3.1031,0.7159813560806376
2022-07-26,1358624874411.0,4142,3753,41,4122.0,35291789600000.02,3.8496910749207207,3.1031,0.7465910749207207
2022-07-27,1347573273400.0,4141,3752,91,4121.0,36292099499999.95,3.7131312102789806,3.1031,0.6100312102789807
2022-07-28,1342166561942.0,4143,3753,135,4123.0,36722834000000.13,3.6548556191006254,3.1031,0.5517556191006263
2022-07-29,1323011003925.0,4143,3752,104,4123.0,37225425199999.97,3.554052094279372,3.1031,0.4509520942793719
2022-07-30,1323011003925.0,4143,3752,0,4123.0,37225425199999.97,3.554052094279372,3.1031,0.4509520942793719
2022-07-31,1323011003925.0,4143,3752,0,4123.0,37225425199999.97,3.554052094279372,3.1031,0.4509520942793719
2022-08-01,1321706574594.0,4143,3752,55,4123.0,37162268900000.05,3.5565820218097564,3.1031,0.4534820218097564
2022-08-02,1333223370989.0,4144,3753,154,4124.0,36997834700000.09,3.603517291753824,3.1031,0.5004172917538243
2022-08-03,1336568581157.0,4141,3754,256,4121.0,37592390899999.93,3.555423183144764,2.9453,0.610123183144764
2022-08-04,1340194091905.0,4141,3762,454,4121.0,37545458300000.055,3.569523858775212,2.9453,0.6242238587752116
2022-08-05,1340941467371.0,4142,3769,291,4122.0,37504783099999.92,3.575387874649521,2.9453,0.6300878746495209
2022-08-06,1340941467371.0,4142,3769,0,4122.0,37504783099999.92,3.575387874649521,2.9453,0.6300878746495209
2022-08-07,1340941467371.0,4142,3769,0,4122.0,37504783099999.92,3.575387874649521,2.9453,0.6300878746495209
2022-08-08,1338388819208.0,4142,3772,228,4122.0,37539970499999.92,3.56523673668844,2.9453,0.6199367366884396
2022-08-09,1338091890658.0,4142,3789,400,4122.0,37251127200000.09,3.592084297137716,2.9453,0.646784297137716
2022-08-10,1333020866951.0,4142,3805,179,4122.0,38130133000000.055,3.4959774909544583,2.9453,0.5506774909544583
2022-08-11,1327303969350.0,4142,3829,345,4122.0,38057339000000.04,3.487642605149032,2.9453,0.5423426051490319
2022-08-12,1327348514906.0,4143,3842,337,4123.0,38735397500000.01,3.426706838121384,2.9453,0.4814068381213841
2022-08-13,1327377165940.0,4141,3840,0,4123.0,38735397500000.01,3.426780804146904,2.9453,0.4814808041469041
2022-08-14,1327377165940.0,4141,3840,0,4123.0,38735397500000.01,3.426780804146904,2.9453,0.4814808041469041
2022-08-15,1326170138636.0,4142,3859,448,4122.0,38876759500000.086,3.4112157383796275,2.9453,0.4659157383796275
2022-08-16,1326718448095.0,4141,3862,36,4121.0,38917152099999.93,3.409084109458776,2.9453,0.4637841094587758
2022-08-17,1327506391762.0,4138,3860,16,4118.0,38525338799999.99,3.445800694066836,2.9453,0.5005006940668362
2022-08-18,1327336642806.0,4137,3859,12,4117.0,38623088999999.92,3.436640302918295,2.9453,0.491340302918295
2022-08-19,1327265144080.0,4137,3860,32,4117.0,38056515699999.95,3.4876160354322763,2.9453,0.5423160354322762
2022-08-20,1327247259080.0,4135,3858,0,4117.0,38056515699999.95,3.487569039537694,2.9453,0.5422690395376941
2022-08-21,1327247259080.0,4135,3858,0,4117.0,38056515699999.95,3.487569039537694,2.9453,0.5422690395376941
2022-08-22,1327312391527.0,4135,3862,45,4115.0,37242244299999.82,3.563996790405584,2.9453,0.618696790405584
2022-08-23,1326520777439.0,4134,3861,21,4114.0,37217031000000.03,3.564284258566996,2.9453,0.6189842585669956
2022-08-24,1324885908591.0,4133,3860,17,4113.0,37370994300000.016,3.545225203149062,2.9453,0.5999252031490618
2022-08-25,1323606200830.0,4132,3859,30,4112.0,37916827899999.94,3.490814696632368,2.9453,0.5455146966323681
2022-08-26,1320523906464.0,4133,3858,23,4113.0,36619010100000.0,3.60611579302085,2.9453,0.6608157930208498
2022-08-27,1320567303270.0,4131,3856,0,4113.0,36619010100000.0,3.606234301975301,2.9453,0.6609343019753009
2022-08-28,1320567303270.0,4131,3856,0,4113.0,36619010100000.0,3.606234301975301,2.9453,0.6609343019753009
2022-08-29,1320313186119.0,4131,3855,14,4111.0,36356273100000.1,3.631596622919516,2.9453,0.6862966229195155
2022-08-30,1320214275156.0,4132,3856,9,4112.0,35908430200000.05,3.676613730543972,2.9453,0.7313137305439721
2022-08-31,1318555606034.0,4132,3856,19,4112.0,35649126700000.04,3.698703805930816,2.9453,0.7534038059308155
2022-09-01,1314469440977.0,4130,3853,33,4110.0,35625234200000.01,3.689714525377071,2.9453,0.7444145253770706
2022-09-02,1313930101754.0,4130,3853,28,4110.0,35262186299999.97,3.72617310388948,2.9453,0.7808731038894803
2022-09-03,1313932539331.0,4128,3851,0,4110.0,35262186299999.97,3.726180016611736,3.3435,0.3826800166117352
2022-09-04,1313932539331.0,4128,3851,0,4110.0,35262186299999.97,3.726180016611736,3.3435,0.3826800166117352
2022-09-05,1313932539331.0,4128,3851,0,4110.0,35262186299999.97,3.726180016611736,3.3435,0.3826800166117352
2022-09-06,1313968443076.0,4128,3851,12,4108.0,35079720399999.945,3.745663956534848,3.3435,0.4021639565348476
2022-09-07,1312999699104.0,4127,3851,27,4107.0,35730888700000.08,3.674690853978108,3.3435,0.3311908539781076
2022-09-08,1311741723551.0,4125,3850,47,4105.0,35968783300000.04,3.646889339042499,3.3435,0.3033893390424986
2022-09-09,1311279345098.0,4127,3850,18,4107.0,36617285500000.04,3.581039192809633,3.3435,0.2375391928096326
2022-09-10,1311392304098.0,4125,3848,0,4107.0,36617285500000.04,3.5813476782652245,3.3435,0.2378476782652243
2022-09-11,1311392304098.0,4125,3848,0,4107.0,36617285500000.04,3.5813476782652245,3.3435,0.2378476782652243
2022-09-12,1311291049474.0,4125,3849,16,4105.0,37017046000000.04,3.542397871169943,3.3435,0.1988978711699429
2022-09-13,1311517090482.0,4123,3850,23,4103.0,35394202999999.984,3.705457332891492,3.3435,0.361957332891492
2022-09-14,1311362516363.0,4122,3849,18,4102.0,35548137999999.84,3.688976666971997,3.3435,0.3454766669719964
2022-09-15,1311400654575.0,4120,3848,10,4100.0,35127797099999.973,3.733227708079085,3.3435,0.3897277080790844
2022-09-16,1311610478567.0,4123,3849,3,4103.0,34787523299999.98,3.7703473951162274,3.3435,0.4268473951162272
2022-09-17,1311631612365.0,4121,3847,0,4103.0,34787523299999.98,3.7704081462016608,3.3435,0.4269081462016606
2022-09-18,1311631612365.0,4121,3847,0,4103.0,34787523299999.98,3.7704081462016608,3.3435,0.4269081462016606
2022-09-19,1311632042896.0,4121,3847,4,4101.0,35001810199999.99,3.7473263108432047,3.3435,0.4038263108432045
2022-09-20,1311605600911.0,4121,3847,8,4101.0,34593894200000.03,3.7914367007314222,3.3435,0.4479367007314221
2022-09-21,1311653062911.0,4121,3846,6,4101.0,34034339599999.992,3.8539107217200135,3.3435,0.5104107217200133
2022-09-22,1311379382549.0,4123,3847,12,4103.0,33672551700000.004,3.8945055136673834,3.3435,0.5510055136673824
2022-09-23,1311222645674.0,4123,3847,9,4103.0,33031694099999.957,3.969589454614143,3.3435,0.6260894546141427
2022-09-24,1311222645674.0,4123,3847,0,4103.0,33031694099999.957,3.969589454614143,3.3435,0.6260894546141427
2022-09-25,1311222645674.0,4123,3847,0,4103.0,33031694099999.957,3.969589454614143,3.3435,0.6260894546141427
2022-09-26,1311195070073.0,4123,3847,6,4103.0,32712240000000.062,4.008270513034256,3.3435,0.6647705130342563
2022-09-27,1312456558999.0,4124,3848,19,4104.0,32729682900000.008,4.009988618004606,3.3435,0.6664886180046055
2022-09-28,1312752415077.0,4123,3847,23,4103.0,33460251100000.01,3.923319078370573,3.3435,0.5798190783705732
2022-09-29,1312680715638.0,4123,3849,9,4103.0,32699145600000.047,4.014419005608508,3.3435,0.6709190056085075
2022-09-30,1313725250352.0,4125,3848,11,4105.0,32239053100000.004,4.074949863685667,3.3435,0.731449863685667
2022-10-01,1313728988187.0,4122,3845,0,4105.0,32239053100000.004,4.074961457807208,3.3435,0.7314614578072081
2022-10-02,1313728988187.0,4122,3845,0,4105.0,32239053100000.004,4.074961457807208,3.3435,0.7314614578072081
2022-10-03,1313729241187.0,4123,3845,4,4103.0,33020431200000.07,3.97853448136376,3.6783,0.3002344813637601
2022-10-04,1313980667187.0,4123,3843,5,4103.0,34054248999999.984,3.8584925692738095,3.6783,0.1801925692738093
2022-10-05,1313354709187.0,4122,3842,5,4102.0,34004158200000.1,3.862335604552611,3.6783,0.1840356045526108
2022-10-06,1312763298222.0,4120,3839,15,4100.0,33733257800000.02,3.8915995188048487,3.6783,0.2132995188048485
2022-10-07,1311477393467.0,4118,3837,11,4098.0,32731310500000.05,4.006797691363436,3.6783,0.3284976913634354
2022-10-08,1311471152535.0,4117,3836,0,4098.0,32731310500000.05,4.006778624201428,3.6783,0.3284786242014279
2022-10-09,1311471152535.0,4117,3836,0,4098.0,32731310500000.05,4.006778624201428,3.6783,0.3284786242014279
2022-10-10,1311471152535.0,4117,3836,0,4097.0,32445680300000.047,4.042051639567558,3.6783,0.3637516395675577
2022-10-11,1310890602206.0,4116,3835,13,4096.0,32258551500000.03,4.063699519198805,3.6783,0.3853995191988044
2022-10-12,1310652039043.0,4115,3834,8,4095.0,32196006700000.02,4.070852796297247,3.6783,0.392552796297247
2022-10-13,1309784913473.0,4115,3832,13,4095.0,32884640600000.0,3.982968612626407,3.6783,0.3046686126264064
2022-10-14,1309907411143.0,4116,3831,8,4096.0,32034622999999.977,4.089036450165189,3.6783,0.4107364501651886
2022-10-15,1310161256052.0,4113,3828,0,4096.0,32034622999999.977,4.089828858145142,3.6783,0.4115288581451422
2022-10-16,1310161256052.0,4113,3828,0,4096.0,32034622999999.977,4.089828858145142,3.6783,0.4115288581451422
2022-10-17,1310158657551.0,4113,3828,6,4093.0,32935925300000.03,3.977901472684597,3.6783,0.2996014726845963
2022-10-18,1311388862114.0,4111,3825,4,4091.0,33305492000000.02,3.937455306512209,3.6783,0.2591553065122087
2022-10-19,1313183376644.0,4108,3822,13,4088.0,33019778100000.06,3.976960028825869,3.6783,0.2986600288258683
2022-10-20,1314877600706.0,4106,3820,20,4086.0,32815745800000.023,4.006849665156777,3.6783,0.3285496651567765
2022-10-21,1313678229954.0,4102,3815,19,4082.0,33539315999999.965,3.916830712808817,3.6783,0.2385307128088163
2022-10-22,1313679433275.0,4101,3814,0,4082.0,33539315999999.965,3.9168343006011255,3.6783,0.2385343006011253
2022-10-23,1313679433275.0,4101,3814,0,4082.0,33539315999999.965,3.9168343006011255,3.6783,0.2385343006011253
2022-10-24,1317371600584.0,4101,3814,22,4081.0,33874209999999.984,3.8890105498667,3.6783,0.2107105498666994
2022-10-25,1319430351703.0,4099,3812,42,4079.0,34507297300000.027,3.823627043961507,3.6783,0.1453270439615068
2022-10-26,1320345415703.0,4099,3811,73,4079.0,34195649600000.062,3.8611502666204585,3.6783,0.1828502666204583
2022-10-27,1307404184277.0,4098,3810,126,4078.0,33917927899999.992,3.8546110131833857,3.6783,0.1763110131833856
2022-10-28,1301903949055.0,4095,3807,105,4075.0,34632831800000.027,3.7591611236797537,3.6783,0.0808611236797536
2022-10-29,1301905495120.0,4093,3805,0,4075.0,34632831800000.027,3.759165587839684,3.6783,0.0808655878396833
2022-10-30,1301905495120.0,4093,3805,0,4075.0,34632831800000.027,3.759165587839684,3.6783,0.0808655878396833
2022-10-31,1301396436260.0,4093,3804,55,4073.0,34412341400000.02,3.78177242034452,3.6783,0.10347242034452
2022-11-01,1305396495573.0,4091,3801,129,4071.0,34245836100000.023,3.811840048995034,3.6783,0.1335400489950338
2022-11-02,1332977021819.0,4091,3802,218,4071.0,33243928200000.0,4.009685659888413,3.6783,0.3313856598884133
2022-11-03,1351938986248.0,4090,3804,421,4070.0,32914745899999.98,4.107396090358397,4.1812,-0.0738039096416027
2022-11-04,1355206123319.0,4087,3803,242,4067.0,33253426799999.977,4.075387873465723,4.1812,-0.1058121265342766
2022-11-05,1355206123319.0,4087,3803,0,4067.0,33253426799999.977,4.075387873465723,4.1812,-0.1058121265342766
2022-11-06,1355206123319.0,4087,3803,0,4067.0,33253426799999.977,4.075387873465723,4.1812,-0.1058121265342766
2022-11-07,1358680819822.0,4087,3806,197,4067.0,33557982000000.0,4.048756030151038,4.1812,-0.1324439698489614
2022-11-08,1356023638692.0,4087,3808,308,4067.0,33728281000000.023,4.020435072549351,4.1812,-0.1607649274506482
2022-11-09,1352876982536.0,4087,3816,394,4067.0,32955285999999.97,4.10518962735144,4.1812,-0.0760103726485592
2022-11-10,1351015126183.0,4087,3828,442,4067.0,34862541099999.992,3.875262914162618,4.1812,-0.3059370858373818
2022-11-11,1351016733221.0,4085,3827,0,4065.0,35275920099999.945,3.8298554067226216,4.1812,-0.351344593277378
2022-11-12,1351016733221.0,4085,3827,0,4065.0,35275920099999.945,3.8298554067226216,4.1812,-0.351344593277378
2022-11-13,1351016733221.0,4085,3827,0,4065.0,35275920099999.945,3.8298554067226216,4.1812,-0.351344593277378
2022-11-14,1349856169576.0,4085,3857,724,4065.0,34950361800000.043,3.862209430907804,4.1812,-0.3189905690921959
2022-11-15,1349300371452.0,4085,3856,33,4065.0,35345533500000.02,3.817456515268044,4.1812,-0.3637434847319558
2022-11-16,1349356865472.0,4083,3855,22,4063.0,34934587100000.0,3.8625241558157706,4.1812,-0.318675844184229
2022-11-17,1349435253691.0,4082,3855,19,4062.0,34799131800000.027,3.877784254637637,4.1812,-0.3034157453623627
2022-11-18,1348867479409.0,4081,3855,41,4061.0,34919517000000.016,3.862789623948692,4.1812,-0.3184103760513079
2022-11-19,1348867430706.0,4078,3852,0,4061.0,34919517000000.016,3.862789484476545,4.1812,-0.3184105155234547
2022-11-20,1348867430706.0,4078,3852,0,4061.0,34919517000000.016,3.862789484476545,4.1812,-0.3184105155234547
2022-11-21,1348219474548.0,4078,3855,56,4058.0,34704106699999.96,3.884898943524749,4.1812,-0.2963010564752504
2022-11-22,1348487109617.0,4075,3853,35,4055.0,35152052300000.004,3.836154709001158,4.1812,-0.3450452909988417
2022-11-23,1345526544608.0,4072,3850,23,4052.0,35368187499999.95,3.8043412448206495,4.1812,-0.3768587551793492
2022-11-24,1345527699420.0,4071,3849,0,4052.0,35368187499999.95,3.804344509935664,4.1812,-0.3768554900643353
2022-11-25,1345497304420.0,4071,3849,4,4051.0,35336636699999.98,3.8076552554872913,4.1812,-0.3735447445127082
2022-11-26,1345497304420.0,4071,3849,0,4051.0,35336636699999.98,3.8076552554872913,4.1812,-0.3735447445127082
2022-11-27,1345497304420.0,4071,3849,0,4051.0,35336636699999.98,3.8076552554872913,4.1812,-0.3735447445127082
2022-11-28,1345597335993.0,4071,3849,6,4051.0,34788045600000.008,3.8679877319495057,4.1812,-0.3132122680504938
2022-11-29,1345504688991.0,4071,3849,11,4051.0,34729162099999.992,3.874279158007674,4.1812,-0.3069208419923255
2022-11-30,1345307558690.0,4068,3846,11,4048.0,35862328899999.99,3.751311194655851,4.1812,-0.4298888053441487
2022-12-01,1346034174342.0,4062,3840,19,4042.0,35880551300000.01,3.75143113908063,4.1812,-0.4297688609193697
2022-12-02,1346327961982.0,4057,3835,21,4037.0,35879238500000.01,3.7523872252249713,4.1812,-0.4288127747750283
2022-12-03,1346329094671.0,4056,3834,0,4037.0,35879238500000.01,3.752390382173244,3.5478,0.2045903821732442
2022-12-04,1346329094671.0,4056,3834,0,4037.0,35879238500000.01,3.752390382173244,3.5478,0.2045903821732442
2022-12-05,1343457442067.0,4056,3834,10,4036.0,35178220199999.99,3.819003447101626,3.5478,0.2712034471016258
2022-12-06,1342855999067.0,4055,3834,24,4035.0,34602463099999.96,3.880810435910852,3.5478,0.3330104359108516
2022-12-07,1343125219392.0,4053,3833,30,4033.0,34535193899999.984,3.889149206114637,3.5478,0.341349206114637
2022-12-08,1343003271842.0,4050,3830,36,4030.0,34828738400000.01,3.85602044041308,3.5478,0.3082204404130797
2022-12-09,1341958599289.0,4045,3824,19,4025.0,34534329200000.0,3.885868439827695,3.5478,0.3380684398276949
2022-12-10,1341963368238.0,4040,3819,0,4025.0,34534329200000.0,3.885882249127341,3.5478,0.338082249127341
2022-12-11,1341963368238.0,4040,3819,0,4025.0,34534329200000.0,3.885882249127341,3.5478,0.338082249127341
2022-12-12,1342132002045.0,4040,3819,16,4020.0,35011936199999.96,3.8333555573113434,3.5478,0.2855555573113424
2022-12-13,1345377643146.0,4036,3815,16,4016.0,35304231600000.02,3.81081128854253,3.5478,0.26301128854253
2022-12-14,1345278663500.0,4034,3813,15,4014.0,35129763200000.02,3.829455541277316,3.5478,0.2816555412773156
2022-12-15,1345849379398.0,4028,3806,19,4008.0,34216286800000.0,3.9333589505626896,3.5478,0.3855589505626895
2022-12-16,1346281257410.0,4020,3798,16,4000.0,33847650699999.99,3.977473264961342,3.5478,0.4296732649613419
2022-12-17,1346328164717.0,4012,3790,0,4000.0,33847650699999.99,3.9776118486031296,3.5478,0.4298118486031304
2022-12-18,1346328164717.0,4012,3790,0,4000.0,33847650699999.99,3.9776118486031296,3.5478,0.4298118486031304
2022-12-19,1346706200797.0,4012,3790,10,3992.0,33453429199999.965,4.025614811401761,3.5478,0.4778148114017608
2022-12-20,1345528822845.0,4013,3789,15,3993.0,33493209999999.984,4.01731820522727,3.5478,0.4695182052272701
2022-12-21,1345870985277.0,4006,3784,10,3986.0,33988992200000.004,3.959726070598233,3.5478,0.4119260705982328
2022-12-22,1344140984994.0,3995,3774,16,3975.0,33437842600000.023,4.019819702704142,3.5478,0.4720197027041419
2022-12-23,1344157095806.0,3990,3769,8,3970.0,33610058800000.027,3.999270289303984,3.5478,0.4514702893039835
2022-12-24,1344159566128.0,3988,3767,0,3970.0,33610058800000.027,3.999277639252446,3.5478,0.4514776392524458
2022-12-25,1344159566128.0,3988,3767,0,3970.0,33610058800000.027,3.999277639252446,3.5478,0.4514776392524458
2022-12-26,1344159566128.0,3988,3767,0,3970.0,33610058800000.027,3.999277639252446,3.5478,0.4514776392524458
2022-12-27,1344159826106.0,3988,3767,2,3968.0,33414479799999.99,4.0226866740149,3.5478,0.4748866740149
2022-12-28,1344300556558.0,3982,3761,5,3962.0,32961505100000.01,4.078395548017616,3.5478,0.5305955480176157
2022-12-29,1343562148964.0,3980,3759,8,3960.0,33606586999999.984,3.9979131143665394,3.5478,0.4501131143665393
2022-12-30,1343565504040.0,3974,3752,2,3954.0,33543881099999.96,4.00539669227483,3.5478,0.4575966922748296
2022-12-31,1344210798613.0,3970,3748,0,3954.0,33543881099999.96,4.007320424865809,3.5478,0.4595204248658091
2023-01-01,1344210798613.0,3970,3748,0,3954.0,33543881099999.96,4.007320424865809,3.5478,0.4595204248658091
2023-01-02,1344210798613.0,3970,3748,0,3954.0,33543881099999.96,4.007320424865809,3.5478,0.4595204248658091
2023-01-03,1344123641613.0,3970,3748,5,3950.0,33348619100000.0,4.03052263598225,3.8389,0.1916226359822501
2023-01-04,1344264083787.0,3970,3747,4,3950.0,33601783000000.008,4.000573671304882,3.8389,0.1616736713048818
2023-01-05,1341464076787.0,3968,3745,17,3948.0,33202723699999.99,4.040222991666797,3.8389,0.2013229916667964
2023-01-06,1343459817813.0,3968,3745,13,3948.0,33931469400000.0,3.959332859935031,3.8389,0.1204328599350308
2023-01-07,1343461957292.0,3966,3743,0,3948.0,33931469400000.0,3.959339165229313,3.8389,0.120439165229313
2023-01-08,1343461957292.0,3966,3743,0,3948.0,33931469400000.0,3.959339165229313,3.8389,0.120439165229313
2023-01-09,1344127818835.0,3966,3743,12,3946.0,33963432200000.04,3.9575735777228025,3.8389,0.1186735777228022
2023-01-10,1343705830346.0,3966,3744,8,3946.0,34242265299999.99,3.9241148871830056,3.8389,0.0852148871830054
2023-01-11,1343831173346.0,3965,3743,3,3945.0,34732743399999.984,3.869061415246573,3.8389,0.0301614152465723
2023-01-12,1343877620874.0,3962,3740,4,3942.0,34912237699999.965,3.8493024492497696,3.8389,0.0104024492497694
2023-01-13,1343849622806.0,3960,3737,13,3940.0,35072113699999.96,3.8316755993124008,3.8389,-0.0072244006875994
2023-01-14,1343861870580.0,3956,3733,0,3940.0,35072113699999.96,3.831710521000055,3.8389,-0.0071894789999453
2023-01-15,1343861870580.0,3956,3733,0,3940.0,35072113699999.96,3.831710521000055,3.8389,-0.0071894789999453
2023-01-16,1343861870580.0,3956,3733,0,3940.0,35072113699999.96,3.831710521000055,3.8389,-0.0071894789999453
2023-01-17,1344135466874.0,3957,3733,8,3937.0,35038604499999.984,3.836155823140732,3.8389,-0.0027441768592679
2023-01-18,1344096142246.0,3957,3733,5,3937.0,34538868699999.973,3.891546517984247,3.8389,0.0526465179842468
2023-01-19,1342807796720.0,3954,3730,4,3934.0,34274334899999.977,3.917823061010006,3.8389,0.078923061010006
2023-01-20,1343169982720.0,3953,3728,7,3933.0,34950039100000.023,3.843114392166729,3.8389,0.004214392166729
2023-01-21,1343171657298.0,3951,3726,0,3933.0,34950039100000.023,3.8431191835147303,3.8389,0.0042191835147304
2023-01-22,1343171657298.0,3951,3726,0,3933.0,34950039100000.023,3.8431191835147303,3.8389,0.0042191835147304
2023-01-23,1343174538298.0,3952,3726,3,3932.0,35423824799999.99,3.791726460599479,3.8389,-0.0471735394005214
2023-01-24,1339459372298.0,3950,3724,7,3930.0,35359138300000.0,3.788156150564337,3.8389,-0.0507438494356633
2023-01-25,1340083496126.0,3950,3724,13,3930.0,35343201199999.984,3.791630216354031,3.8389,-0.047269783645969
2023-01-26,1340868417126.0,3950,3724,17,3930.0,35772832299999.98,3.748286984606474,3.8389,-0.0906130153935262
2023-01-27,1345772418803.0,3950,3723,18,3930.0,35923128999999.97,3.746256120403657,3.8389,-0.0926438795963431
2023-01-28,1345773835581.0,3948,3721,0,3930.0,35923128999999.97,3.746260064319568,3.8389,-0.0926399356804323
2023-01-29,1345773835581.0,3948,3721,0,3930.0,35923128999999.97,3.746260064319568,3.8389,-0.0926399356804323
2023-01-30,1346452424925.0,3948,3722,15,3928.0,35382115999999.98,3.8054604335280593,3.8389,-0.0334395664719409
2023-01-31,1343988887084.0,3946,3720,14,3926.0,35969030500000.016,3.7365168546424954,3.8389,-0.1023831453575057
2023-02-01,1344224923625.0,3943,3718,30,3923.0,36442814000000.04,3.6885870658204345,3.8389,-0.1503129341795657
2023-02-02,1338142822917.0,3940,3716,55,3920.0,37093616899999.97,3.6074746405142313,3.8389,-0.2314253594857689
2023-02-03,1323291355393.0,3936,3711,48,3916.0,36607181400000.04,3.614840872160124,3.614,0.0008408721601238
2023-02-04,1323291355393.0,3936,3711,0,3916.0,36607181400000.04,3.614840872160124,3.614,0.0008408721601238
2023-02-05,1323291355393.0,3936,3711,0,3916.0,36607181400000.04,3.614840872160124,3.614,0.0008408721601238
2023-02-06,1322636405461.0,3936,3711,23,3916.0,36308833600000.02,3.642740001047566,3.614,0.028740001047566
2023-02-07,1322927323261.0,3936,3711,60,3916.0,36766388800000.01,3.598197610478948,3.614,-0.0158023895210517
2023-02-08,1316046585221.0,3934,3709,58,3914.0,36322723399999.984,3.623204600404496,3.614,0.0092046004044963
2023-02-09,1315693133223.0,3933,3708,97,3913.0,35997172399999.97,3.6549902270185006,3.614,0.0409902270185007
2023-02-10,1316245243845.0,3934,3707,58,3914.0,36012224200000.03,3.6549956940593495,3.614,0.0409956940593496
2023-02-11,1316376668845.0,3933,3706,0,3914.0,36012224200000.03,3.655360639582486,3.614,0.0413606395824861
2023-02-12,1316376668845.0,3933,3706,0,3914.0,36012224200000.03,3.655360639582486,3.614,0.0413606395824861
2023-02-13,1314266429257.0,3933,3707,44,3913.0,36433077800000.0,3.607343953952197,3.614,-0.0066560460478033
2023-02-14,1314900097454.0,3934,3707,83,3914.0,36504430400000.01,3.6020288032052123,3.614,-0.0119711967947875
2023-02-15,1313646397554.0,3932,3704,55,3912.0,36698661800000.016,3.579548498833817,3.614,-0.034451501166183
2023-02-16,1306520739728.0,3931,3703,90,3911.0,36177572200000.01,3.6114107726886098,3.614,-0.0025892273113901
2023-02-17,1306479406614.0,3931,3703,72,3911.0,36037930200000.0,3.6252897970649824,3.614,0.0112897970649825
2023-02-18,1306866359036.0,3929,3701,0,3911.0,36037930200000.0,3.6263635335971656,3.614,0.0123635335971656
2023-02-19,1306866359036.0,3929,3701,0,3911.0,36037930200000.0,3.6263635335971656,3.614,0.0123635335971656
2023-02-20,1306866359036.0,3929,3701,0,3911.0,36037930200000.0,3.6263635335971656,3.614,0.0123635335971656
2023-02-21,1306394109520.0,3929,3702,103,3909.0,35254190300000.01,3.705642076595927,3.614,0.0916420765959267
2023-02-22,1310201530477.0,3926,3698,111,3906.0,35235866099999.97,3.7183747002518017,3.614,0.1043747002518018
2023-02-23,1326599482741.0,3924,3697,198,3904.0,35409714799999.98,3.7464280360173943,3.614,0.1324280360173948
2023-02-24,1319795494515.0,3922,3695,155,3902.0,34961596900000.0,3.774986303657657,3.614,0.1609863036576571
2023-02-25,1319796158604.0,3921,3694,0,3902.0,34961596900000.0,3.77498820313897,3.614,0.1609882031389702
2023-02-26,1319796158604.0,3921,3694,0,3902.0,34961596900000.0,3.77498820313897,3.614,0.1609882031389702
2023-02-27,1320977279227.0,3921,3696,129,3901.0,35096553300000.0,3.763837627973001,3.614,0.1498376279730013
2023-02-28,1326593163314.0,3920,3694,202,3900.0,34998238400000.008,3.790456960010878,3.614,0.1764569600108783
2023-03-01,1328338577430.0,3920,3696,207,3900.0,34860178899999.984,3.8104755034117184,3.614,0.1964755034117185
2023-03-02,1328581736122.0,3918,3694,71,3898.0,35159833000000.008,3.77869182746687,3.614,0.16469182746687
2023-03-03,1328996153770.0,3917,3694,38,3897.0,35726900700000.016,3.7198752976912974,3.8757,-0.1558247023087018
2023-03-04,1329215164180.0,3913,3691,0,3897.0,35726900700000.016,3.7204883103112256,3.8757,-0.1552116896887745
2023-03-05,1329215164180.0,3913,3691,0,3897.0,35726900700000.016,3.7204883103112256,3.8757,-0.1552116896887745
2023-03-06,1329170957123.0,3913,3693,51,3893.0,35662533599999.96,3.727079438694175,3.8757,-0.1486205613058255
2023-03-07,1329363534552.0,3911,3694,52,3891.0,35198857000000.016,3.776723586655099,3.8757,-0.0989764133449009
2023-03-08,1331479593145.0,3907,3690,69,3887.0,35251769300000.016,3.777057491253352,3.8757,-0.0986425087466478
2023-03-09,1334009951441.0,3906,3692,107,3886.0,34632112199999.973,3.851945107295538,3.8757,-0.0237548927044621
2023-03-10,1333510997372.0,3901,3688,74,3881.0,34057208199999.98,3.9155029664821455,3.8757,0.0398029664821462
2023-03-11,1333514815113.0,3896,3683,0,3881.0,34057208199999.98,3.915514176270622,3.8757,0.0398141762706218
2023-03-12,1333514815113.0,3896,3683,0,3881.0,34057208199999.98,3.915514176270622,3.8757,0.0398141762706218
2023-03-13,1334473671265.0,3896,3683,41,3876.0,34115396800000.0,3.911646342817857,3.8757,0.0359463428178563
2023-03-14,1335232331173.0,3896,3685,63,3876.0,34661805099999.98,3.8521719435004287,3.8757,-0.0235280564995714
2023-03-15,1336368338832.0,3896,3685,71,3876.0,34449041999999.96,3.879261254440694,3.8757,0.0035612544406937
2023-03-16,1338005832339.0,3894,3684,146,3874.0,35047737000000.016,3.817666836346664,3.8757,-0.0580331636533357
2023-03-17,1342445440478.0,3893,3687,52,3873.0,34696093900000.0,3.8691543905407753,3.8757,-0.0065456094592248
2023-03-18,1342593760161.0,3888,3682,0,3873.0,34696093900000.0,3.869581872906448,3.8757,-0.0061181270935519
2023-03-19,1342593760161.0,3888,3682,0,3873.0,34696093900000.0,3.869581872906448,3.8757,-0.0061181270935519
2023-03-20,1343626924121.0,3888,3684,30,3868.0,34974605000000.023,3.8417215122829815,3.8757,-0.0339784877170186
2023-03-21,1343423500498.0,3888,3684,23,3868.0,35445311100000.02,3.790130369311384,3.8757,-0.085569630688616
2023-03-22,1343786552159.0,3888,3687,48,3868.0,34856353599999.98,3.8552126466808647,3.8757,-0.0204873533191354
2023-03-23,1344031614867.0,3889,3691,79,3869.0,34987738200000.004,3.841436125948261,3.8757,-0.0342638740517391
2023-03-24,1343214852802.0,3886,3694,46,3866.0,35162580799999.977,3.820012132903512,3.8757,-0.0556878670964877
2023-03-25,1343148632002.0,3882,3690,0,3866.0,35162580799999.977,3.81982380543012,3.8757,-0.0558761945698798
2023-03-26,1343148632002.0,3882,3690,0,3866.0,35162580799999.977,3.81982380543012,3.8757,-0.0558761945698798
2023-03-27,1343123894896.0,3882,3696,52,3862.0,35198454600000.02,3.8158604125079942,3.8757,-0.0598395874920054
2023-03-28,1344890797461.0,3883,3700,76,3863.0,35142109700000.023,3.8270064288741295,3.8757,-0.0486935711258706
2023-03-29,1347947720701.0,3881,3703,82,3861.0,35635118499999.99,3.7826385246929943,3.8757,-0.0930614753070053
2023-03-30,1347661482204.0,3879,3715,154,3859.0,35869214799999.99,3.757153563907957,3.8757,-0.1185464360920431
2023-03-31,1347728875006.0,3875,3748,303,3855.0,36445103999999.97,3.697969623041825,3.8757,-0.1777303769581748
2023-04-01,1347728875006.0,3875,3748,0,3855.0,36445103999999.97,3.697969623041825,3.8757,-0.1777303769581748
2023-04-02,1347728875006.0,3875,3748,0,3855.0,36445103999999.97,3.697969623041825,3.8757,-0.1777303769581748
2023-04-03,1347947999826.0,3875,3750,23,3855.0,36568957400000.06,3.6860443820747206,3.6283,0.0577443820747207
2023-04-04,1349730090196.0,3872,3749,26,3852.0,36317899100000.016,3.716432182598358,3.6283,0.088132182598358
2023-04-05,1351005955549.0,3871,3749,13,3851.0,36130384600000.0,3.739251520585806,3.6283,0.110951520585806
2023-04-06,1352727592136.0,3870,3748,17,3850.0,36250367900000.01,3.731624451005916,3.6283,0.1033244510059163
2023-04-07,1353255755251.0,3870,3748,18,3850.0,36250367900000.01,3.733081437915558,3.6283,0.104781437915558
2023-04-08,1353255755251.0,3870,3748,0,3850.0,36250367900000.01,3.733081437915558,3.6283,0.104781437915558
2023-04-09,1353255755251.0,3870,3748,0,3850.0,36250367900000.01,3.733081437915558,3.6283,0.104781437915558
2023-04-10,1353453282420.0,3870,3749,11,3850.0,36327075900000.01,3.7257424356029705,3.6283,0.0974424356029706
2023-04-11,1353540803428.0,3867,3747,13,3847.0,36322806900000.0,3.726421273428624,3.6283,0.0981212734286236
2023-04-12,1353569668118.0,3867,3749,10,3847.0,36133381599999.99,3.746036513001042,3.6283,0.1177365130010423
2023-04-13,1356410818298.0,3866,3751,25,3846.0,36647082999999.98,3.701279084881056,3.6283,0.0729790848810556
2023-04-14,1356641934593.0,3865,3753,45,3845.0,36509146900000.0,3.715896014521775,3.6283,0.0875960145217749
2023-04-15,1356824393223.0,3863,3751,0,3845.0,36509146900000.0,3.7163957759390978,3.6283,0.0880957759390979
2023-04-16,1356824393223.0,3863,3751,0,3845.0,36509146900000.0,3.7163957759390978,3.6283,0.0880957759390979
2023-04-17,1356976166499.0,3864,3758,71,3844.0,36606216600000.05,3.706955518858505,3.6283,0.0786555188585054
2023-04-18,1357338061845.0,3865,3760,16,3845.0,36620219900000.01,3.7065262457503696,3.6283,0.0782262457503697
2023-04-19,1361663475140.0,3862,3759,13,3842.0,36577614799999.98,3.722668857948608,3.6283,0.0943688579486079
2023-04-20,1361917131101.0,3861,3760,20,3841.0,36336559799999.99,3.748062938806332,3.6283,0.1197629388063319
2023-04-21,1365255256614.0,3862,3760,18,3842.0,36396726100000.01,3.7510386315048256,3.6283,0.1227386315048257
2023-04-22,1365255256614.0,3862,3760,0,3842.0,36396726100000.01,3.7510386315048256,3.6283,0.1227386315048257
2023-04-23,1365255256614.0,3862,3760,0,3842.0,36396726100000.01,3.7510386315048256,3.6283,0.1227386315048257
2023-04-24,1367071469141.0,3862,3760,23,3842.0,36407720299999.99,3.754894450617388,3.6283,0.1265944506173881
2023-04-25,1371321133457.0,3860,3759,37,3840.0,35770608300000.0,3.83365337809198,3.6283,0.2053533780919796
2023-04-26,1376883707029.0,3858,3757,78,3838.0,35660376700000.016,3.861102530161997,3.6283,0.2328025301619973
2023-04-27,1375593122848.0,3856,3755,124,3836.0,36335276100000.0,3.785833686971764,3.6283,0.1575336869717638
2023-04-28,1366056090710.0,3854,3752,119,3834.0,36611785999999.96,3.731192165031232,3.6283,0.1028921650312315
2023-04-29,1366056869235.0,3852,3750,0,3834.0,36611785999999.96,3.73119429146396,3.6283,0.1028942914639601
2023-04-30,1366056869235.0,3852,3750,0,3834.0,36611785999999.96,3.73119429146396,3.6283,0.1028942914639601
2023-05-01,1372282768487.0,3852,3750,47,3832.0,36617660100000.01,3.7475981937114535,3.6283,0.1192981937114536
2023-05-02,1376334198799.0,3850,3751,144,3830.0,36199525600000.01,3.8020779996050544,3.6283,0.1737779996050545
2023-05-03,1399038838780.0,3847,3748,216,3827.0,36014045900000.016,3.884703325654393,3.6821,0.2026033256543926
2023-05-04,1396369372855.0,3847,3747,382,3827.0,35824560600000.016,3.897799022425412,3.6821,0.2156990224254116
2023-05-05,1392415715942.0,3849,3747,214,3829.0,36467238099999.99,3.818264800102864,3.6821,0.1361648001028634
2023-05-06,1392415715942.0,3849,3747,0,3829.0,36467238099999.99,3.818264800102864,3.6821,0.1361648001028634
2023-05-07,1392415715942.0,3849,3747,0,3829.0,36467238099999.99,3.818264800102864,3.6821,0.1361648001028634
2023-05-08,1398908055561.0,3849,3749,142,3829.0,36505758600000.01,3.832020232449025,3.6821,0.1499202324490243
2023-05-09,1399162998751.0,3848,3748,401,3828.0,36350100300000.016,3.849131053844711,3.6821,0.1670310538447106
2023-05-10,1391456504829.0,3845,3746,352,3825.0,36554637199999.984,3.806511598558556,3.6821,0.1244115985585558
2023-05-11,1391982998654.0,3844,3745,301,3824.0,36486464800000.016,3.815066782392136,3.6821,0.1329667823921361
2023-05-12,1392113011162.0,3843,3745,190,3823.0,36407460600000.016,3.8237025824371815,3.6821,0.1416025824371813
2023-05-13,1392170611497.0,3840,3742,0,3823.0,36407460600000.016,3.8238607926887367,3.6821,0.1417607926887365
2023-05-14,1392170611497.0,3840,3742,0,3823.0,36407460600000.016,3.8238607926887367,3.6821,0.1417607926887365
2023-05-15,1392923903562.0,3840,3743,452,3820.0,36565982100000.0,3.8093436127399953,3.6821,0.1272436127399951
2023-05-16,1392908176509.0,3840,3743,30,3820.0,36316470700000.016,3.835472306809261,3.6821,0.1533723068092607
2023-05-17,1393160443728.0,3839,3742,25,3819.0,36750885199999.97,3.790821462248755,3.6821,0.1087214622487549
2023-05-18,1393200476364.0,3840,3742,25,3820.0,37131548399999.98,3.75206673676986,3.6821,0.0699667367698593
2023-05-19,1392888045753.0,3837,3739,32,3817.0,37052977999999.984,3.759179750013617,3.6821,0.0770797500136168
2023-05-20,1392895631188.0,3836,3738,0,3817.0,37052977999999.984,3.759200221876904,3.6821,0.0771002218769041
2023-05-21,1392895631188.0,3836,3738,0,3817.0,37052977999999.984,3.759200221876904,3.6821,0.0771002218769041
2023-05-22,1392864490053.0,3836,3741,88,3816.0,37110371600000.055,3.753302459663319,3.6821,0.0712024596633189
2023-05-23,1394752039248.0,3836,3741,19,3816.0,36705105900000.01,3.799885615499613,3.6821,0.117785615499613
2023-05-24,1396432051303.0,3833,3738,20,3813.0,36455412899999.98,3.83052046381568,3.6821,0.1484204638156794
2023-05-25,1397661232661.0,3833,3736,39,3813.0,36732987099999.96,3.804921251996415,3.6821,0.1228212519964144
2023-05-26,1404112329771.0,3833,3735,26,3813.0,37255978699999.984,3.768824169343324,3.6821,0.0867241693433236
2023-05-27,1404117403824.0,3830,3732,0,3813.0,37255978699999.984,3.768837788776169,3.6821,0.0867377887761691
2023-05-28,1404117403824.0,3830,3732,0,3813.0,37255978699999.984,3.768837788776169,3.6821,0.0867377887761691
2023-05-29,1404117403824.0,3830,3732,0,3813.0,37255978699999.984,3.768837788776169,3.6821,0.0867377887761691
2023-05-30,1404230334897.0,3830,3733,10,3810.0,37257529200000.016,3.768984055166491,3.6821,0.0868840551664908
2023-05-31,1405033325069.0,3828,3731,13,3808.0,37066531400000.016,3.79057136451942,3.6821,0.1084713645194201
2023-06-01,1406431270839.0,3825,3728,27,3805.0,37435129799999.99,3.756982487713988,3.6821,0.0748824877139875
2023-06-02,1415801565419.0,3824,3727,30,3804.0,38010151600000.01,3.724798523084553,3.6821,0.0426985230845531
2023-06-03,1415822992135.0,3822,3725,0,3804.0,38010151600000.01,3.724854894119917,3.8877,-0.1628451058800837
2023-06-04,1415822992135.0,3822,3725,0,3804.0,38010151600000.01,3.724854894119917,3.8877,-0.1628451058800837
2023-06-05,1415914809135.0,3822,3725,8,3802.0,37937300000000.0,3.732249815181892,3.8877,-0.155450184818108
2023-06-06,1415932912364.0,3821,3724,28,3801.0,38074913300000.016,3.718807975234442,3.8877,-0.1688920247655581
2023-06-07,1417294094364.0,3821,3724,33,3801.0,37901841699999.984,3.7393805440435903,3.8877,-0.1483194559564098
2023-06-08,1418574130282.0,3820,3723,42,3800.0,38148488500000.01,3.718559203943296,3.8877,-0.1691407960567041
2023-06-09,1418545854994.0,3818,3722,15,3798.0,38164618299999.97,3.7169135135670968,3.8877,-0.1707864864329034
2023-06-10,1418560302232.0,3816,3720,0,3798.0,38164618299999.97,3.716951368624067,3.8877,-0.170748631375933
2023-06-11,1418560302232.0,3816,3720,0,3798.0,38164618299999.97,3.716951368624067,3.8877,-0.170748631375933
2023-06-12,1420393131697.0,3816,3720,10,3796.0,38591766199999.984,3.680560056090412,3.8877,-0.2071399439095884
2023-06-13,1420355229070.0,3814,3718,8,3794.0,38894018300000.016,3.651860340359842,3.8877,-0.2358396596401579
2023-06-14,1420217064935.0,3814,3717,21,3794.0,38914225200000.03,3.6496089993717744,3.8877,-0.2380910006282257
2023-06-15,1418612340897.0,3811,3713,5,3791.0,39369213400000.02,3.6033545463140975,3.8877,-0.2843454536859018
2023-06-16,1418659829285.0,3807,3707,7,3787.0,39186137299999.91,3.6203104644483632,3.8877,-0.2673895355516369
2023-06-17,1418679102891.0,3804,3704,0,3787.0,39186137299999.91,3.62035964920432,3.8877,-0.2673403507956799
2023-06-18,1418679102891.0,3804,3704,0,3787.0,39186137299999.91,3.62035964920432,3.8877,-0.2673403507956799
2023-06-19,1418679102891.0,3804,3704,0,3787.0,39186137299999.91,3.62035964920432,3.8877,-0.2673403507956799
2023-06-20,1419980027891.0,3804,3704,8,3784.0,39008839999999.99,3.64014932997495,3.8877,-0.24755067002505
2023-06-21,1420111510256.0,3802,3702,9,3782.0,38767284300000.03,3.6631699534754327,3.8877,-0.2245300465245674
2023-06-22,1420266435256.0,3802,3702,8,3782.0,38950992499999.89,3.6462907466504326,3.8877,-0.2414092533495675
2023-06-23,1421679775496.0,3800,3700,10,3780.0,38615581100000.02,3.681622119875335,3.8877,-0.2060778801246652
2023-06-24,1421787084996.0,3798,3698,0,3780.0,38615581100000.02,3.681900011588843,3.8877,-0.2057999884111572
2023-06-25,1421787084996.0,3798,3698,0,3780.0,38615581100000.02,3.681900011588843,3.8877,-0.2057999884111572
2023-06-26,1421077047375.0,3798,3698,11,3778.0,38432753200000.03,3.697567644919592,3.8877,-0.1901323550804083
2023-06-27,1419236493513.0,3798,3698,11,3778.0,38934758099999.99,3.645165817822303,3.8877,-0.2425341821776969
2023-06-28,1420009219250.0,3798,3697,15,3778.0,38978499300000.01,3.6430576978370217,3.8877,-0.2446423021629784
2023-06-29,1418034832364.0,3799,3697,24,3779.0,39101314599999.97,3.6265656202873577,3.8877,-0.2611343797126424
2023-06-30,1418360984141.0,3800,3698,14,3780.0,39568075599999.97,3.5846094676916787,3.8877,-0.3030905323083215
2023-07-01,1418499649288.0,3795,3693,0,3780.0,39568075599999.97,3.584959914724792,3.8877,-0.3027400852752082
2023-07-02,1418499649288.0,3795,3693,0,3780.0,39568075599999.97,3.584959914724792,3.8877,-0.3027400852752082
2023-07-03,1418514193602.0,3796,3694,3,3776.0,39610518100000.01,3.581155363888057,3.8632,-0.2820446361119431
2023-07-04,1418601439602.0,3795,3693,0,3776.0,39610518100000.01,3.581375623567013,3.8632,-0.2818243764329868
2023-07-05,1418606969395.0,3796,3693,3,3776.0,39500052900000.01,3.591405239345894,3.8632,-0.2717947606541058
2023-07-06,1418652757186.0,3795,3692,11,3775.0,39144757700000.016,3.6241193982048823,3.8632,-0.2390806017951172
2023-07-07,1419342819283.0,3792,3689,12,3772.0,39092013600000.01,3.630774392452887,3.8632,-0.2324256075471131
2023-07-08,1419372482283.0,3791,3688,0,3772.0,39092013600000.01,3.63085027240193,3.8632,-0.2323497275980699
2023-07-09,1419372482283.0,3791,3688,0,3772.0,39092013600000.01,3.63085027240193,3.8632,-0.2323497275980699
2023-07-10,1419466646386.0,3791,3688,12,3771.0,39260031099999.99,3.615551507767401,3.8632,-0.2476484922325994
2023-07-11,1419568300317.0,3789,3686,3,3769.0,39533728300000.016,3.590777701371008,3.8632,-0.2724222986289923
2023-07-12,1419704673755.0,3789,3684,3,3769.0,39816903400000.01,3.565582836748173,3.8632,-0.2976171632518274
2023-07-13,1419456767665.0,3789,3684,14,3769.0,40205316900000.01,3.5305200334461238,3.8632,-0.3326799665538766
2023-07-14,1419530290730.0,3791,3684,16,3771.0,40139527299999.984,3.536489804975856,3.8632,-0.3267101950241438
2023-07-15,1419560516050.0,3788,3681,0,3771.0,40139527299999.984,3.53656510561349,3.8632,-0.32663489438651
2023-07-16,1419560516050.0,3788,3681,0,3771.0,40139527299999.984,3.53656510561349,3.8632,-0.32663489438651
2023-07-17,1420135993925.0,3788,3681,12,3768.0,40310648199999.98,3.522979801463477,3.8632,-0.3402201985365227
2023-07-18,1420259997915.0,3788,3681,8,3768.0,40593228900000.06,3.498760843621872,3.8632,-0.3644391563781277
2023-07-19,1420430326923.0,3788,3680,10,3768.0,40679946900000.0,3.491721192298312,3.8632,-0.3714788077016884
2023-07-20,1420233576115.0,3785,3677,13,3765.0,40243687699999.95,3.5290840807190778,3.8632,-0.3341159192809222
2023-07-21,1423496495390.0,3786,3677,21,3766.0,40243279999999.95,3.537227818880573,3.8632,-0.3259721811194271
2023-07-22,1423660598158.0,3781,3672,0,3766.0,40243279999999.95,3.537635595701945,3.8632,-0.325564404298055
2023-07-23,1423660598158.0,3781,3672,0,3766.0,40243279999999.95,3.537635595701945,3.8632,-0.325564404298055
2023-07-24,1425452619058.0,3781,3672,18,3761.0,40352121400000.01,3.53253452260381,3.8632,-0.3306654773961899
2023-07-25,1435148620385.0,3782,3673,40,3762.0,40503869199999.984,3.5432383343391813,3.8632,-0.3199616656608186
2023-07-26,1445203759138.0,3778,3668,63,3758.0,40482697700000.0,3.569929479126585,3.8632,-0.2932705208734147
2023-07-27,1459360857087.0,3778,3667,139,3758.0,40212257300000.016,3.62914433328019,3.8632,-0.2340556667198101
2023-07-28,1463048577046.0,3776,3665,87,3756.0,40715473000000.02,3.593347858309295,3.8632,-0.2698521416907051
2023-07-29,1463049808677.0,3775,3664,0,3756.0,40715473000000.02,3.5933508832796788,3.8632,-0.2698491167203212
2023-07-30,1463049808677.0,3775,3664,0,3756.0,40715473000000.02,3.5933508832796788,3.8632,-0.2698491167203212
2023-07-31,1462863722542.0,3776,3664,51,3756.0,40848015300000.01,3.5812357388683207,3.8632,-0.2819642611316793
2023-08-01,1447788947280.0,3775,3662,131,3755.0,40695501699999.97,3.557614200097209,3.8632,-0.3055857999027909
2023-08-02,1451644897594.0,3773,3661,222,3753.0,40057342299999.91,3.62391715037471,3.8632,-0.2392828496252899
2023-08-03,1437679774406.0,3774,3661,381,3754.0,39954128900000.1,3.598325915212223,4.2909,-0.6925740847877768
2023-08-04,1457103821205.0,3773,3659,214,3752.0,39756445300000.02,3.6650757134089127,4.2909,-0.625824286591087
2023-08-05,1456103410205.0,3771,3657,0,3752.0,39756445300000.02,3.6625593641919463,4.2909,-0.628340635808053
2023-08-06,1456103410205.0,3771,3657,0,3752.0,39756445300000.02,3.6625593641919463,4.2909,-0.628340635808053
2023-08-07,1458512088044.0,3771,3658,132,3750.0,40051097700000.055,3.641628249414992,4.2909,-0.6492717505850081
2023-08-08,1458844873075.0,3771,3658,352,3750.0,39885169600000.07,3.657612309801981,4.2909,-0.6332876901980189
2023-08-09,1451807759925.0,3771,3659,390,3750.0,39592936900000.06,3.666835232738185,4.2909,-0.6240647672618147
2023-08-10,1453258990223.0,3771,3667,293,3750.0,39597718600000.06,3.670057370989544,4.2909,-0.6208426290104554
2023-08-11,1453218526493.0,3769,3668,164,3748.0,39533999500000.02,3.67587025060037,4.2909,-0.6150297493996297
2023-08-12,1453221950240.0,3768,3667,0,3748.0,39533999500000.02,3.6758789108600034,4.2909,-0.6150210891399963
2023-08-13,1453221950240.0,3768,3667,0,3748.0,39533999500000.02,3.6758789108600034,4.2909,-0.6150210891399963
2023-08-14,1452981142890.8074,3769,3684,451,3748.0,39782834400000.055,3.652281605382057,4.2909,-0.6386183946179425
2023-08-15,1451732059921.8074,3771,3684,34,3750.0,39356769400000.01,3.688646405824679,4.2909,-0.6022535941753207
2023-08-16,1452045943783.8074,3768,3682,21,3747.0,38996974000000.03,3.7234836317910367,4.2909,-0.567416368208963
2023-08-17,1452322223732.8074,3767,3681,17,3746.0,38632364700000.02,3.759340736739334,4.2909,-0.5315592632606658
2023-08-18,1452272404762.8074,3765,3678,37,3744.0,38652580299999.92,3.7572456831887378,4.2909,-0.533654316811262
2023-08-19,1452886406762.8074,3763,3676,0,3744.0,38652580299999.92,3.758834198095723,4.2909,-0.5320658019042765
2023-08-20,1452886406762.8074,3763,3676,0,3744.0,38652580299999.92,3.758834198095723,4.2909,-0.5320658019042765
2023-08-21,1453180580296.8074,3763,3676,78,3742.0,38934472699999.99,3.73237514090388,4.2909,-0.5585248590961198
2023-08-22,1456129249393.8074,3762,3675,14,3741.0,38853747100000.1,3.747718966837573,4.2909,-0.5431810331624267
2023-08-23,1456336120757.8074,3758,3671,20,3737.0,39294746099999.89,3.706185343586713,4.2909,-0.5847146564132872
2023-08-24,1458451878829.8074,3758,3671,22,3737.0,38680936699999.99,3.7704668067922142,4.2909,-0.5204331932077855
2023-08-25,1460752505491.8074,3756,3670,22,3735.0,38945445599999.93,3.750765931644161,4.2909,-0.5401340683558384
2023-08-26,1460753258491.8074,3755,3669,0,3735.0,38945445599999.93,3.7507678651179943,4.2909,-0.540132134882005
2023-08-27,1460753258491.8074,3755,3669,0,3735.0,38945445599999.93,3.7507678651179943,4.2909,-0.540132134882005
2023-08-28,1466047469454.8074,3755,3669,14,3734.0,39212570300000.04,3.738718115743629,4.2909,-0.5521818842563704
2023-08-29,1466465533637.1714,3754,3669,12,3733.0,39842477700000.04,3.6806584788203818,4.2909,-0.6102415211796179
2023-08-30,1467151360113.1714,3755,3669,14,3734.0,40028858899999.91,3.665234034720822,4.2909,-0.6256659652791776
2023-08-31,1469556116082.1714,3753,3668,26,3732.0,40000814999999.97,3.673815436215919,4.2909,-0.6170845637840809
2023-09-01,1471025429818.1714,3750,3665,32,3729.0,40086807499999.99,3.669599854810517,4.2909,-0.6213001451894824
2023-09-02,1471007422818.1714,3746,3661,0,3729.0,40086807499999.99,3.669554934795373,4.2909,-0.6213450652046268
2023-09-03,1471007422818.1714,3746,3661,0,3729.0,40086807499999.99,3.669554934795373,4.2936,-0.6240450652046268
2023-09-04,1471007422818.1714,3746,3661,0,3729.0,40086807499999.99,3.669554934795373,4.2936,-0.6240450652046268
2023-09-05,1471341145818.1714,3746,3661,12,3725.0,39894853999999.99,3.688047450476123,4.2936,-0.6055525495238765
2023-09-06,1472705087818.1714,3746,3661,30,3725.0,39600798899999.94,3.718877216434575,4.2936,-0.5747227835654249
2023-09-07,1475741666006.1714,3745,3660,36,3724.0,39430115499999.92,3.7426764981354776,4.2936,-0.550923501864522
2023-09-08,1475964686607.1714,3744,3658,21,3723.0,39454171000000.06,3.7409598255331966,4.2936,-0.552640174466803
2023-09-09,1475964686607.1714,3744,3658,0,3723.0,39454171000000.06,3.7409598255331966,4.2936,-0.552640174466803
2023-09-10,1475964686607.1714,3744,3658,0,3723.0,39454171000000.06,3.7409598255331966,4.2936,-0.552640174466803
2023-09-11,1476535089620.1714,3744,3659,18,3723.0,39740289499999.984,3.7154613320574126,4.2936,-0.5781386679425871
2023-09-12,1480257326386.1714,3743,3657,16,3722.0,39449215400000.06,3.7523111965014366,4.2936,-0.541288803498563
2023-09-13,1480180429351.1714,3742,3656,15,3721.0,39453701900000.02,3.751689595827687,4.2936,-0.5419104041723126
2023-09-14,1480170829285.1714,3740,3655,16,3719.0,39787737500000.1,3.720168379227815,4.2936,-0.5734316207721846
2023-09-15,1480166108451.1714,3742,3655,9,3721.0,39277821800000.016,3.768452629547729,4.2936,-0.5251473704522711
2023-09-16,1480163038799.1714,3741,3654,0,3721.0,39277821800000.016,3.768444814318015,4.2936,-0.5251551856819847
2023-09-17,1480163038799.1714,3741,3654,0,3721.0,39277821800000.016,3.768444814318015,4.2936,-0.5251551856819847
2023-09-18,1480259353154.1714,3742,3655,8,3721.0,39253805699999.98,3.770995771638448,4.2936,-0.5226042283615513
2023-09-19,1480376008819.1714,3742,3654,3,3721.0,39166782200000.0,3.77967227754332,4.2936,-0.5139277224566801
2023-09-20,1480995830576.1714,3743,3654,7,3722.0,38794612700000.05,3.81752961945711,4.2936,-0.4760703805428896
2023-09-21,1481499433894.1714,3741,3652,10,3720.0,38114788199999.92,3.8869412736082696,4.2936,-0.40665872639173
2023-09-22,1481758956011.1714,3741,3652,10,3720.0,38046908500000.04,3.894558097962598,4.2936,-0.3990419020374016
2023-09-23,1480535180011.1714,3738,3649,0,3720.0,38046908500000.04,3.891341605353218,4.2936,-0.4022583946467817
2023-09-24,1480535180011.1714,3738,3649,0,3720.0,38046908500000.04,3.891341605353218,4.2936,-0.4022583946467817
2023-09-25,1480713668722.1714,3738,3649,5,3717.0,38192165700000.1,3.877008914218675,4.2936,-0.4165910857813242
2023-09-26,1481298285545.1714,3733,3644,10,3712.0,37649588100000.0,3.934434240318213,4.2936,-0.3591657596817867
2023-09-27,1481497908457.1714,3733,3644,15,3712.0,37741852300000.055,3.925344990174659,4.2936,-0.3682550098253405
2023-09-28,1481536298156.1714,3732,3642,21,3711.0,38014914399999.99,3.897250122852234,4.2936,-0.3963498771477658
2023-09-29,1483921770714.1714,3733,3642,16,3712.0,37942982299999.94,3.910925501272929,4.2936,-0.3826744987270705
2023-09-30,1483992048994.1714,3731,3640,0,3712.0,37942982299999.94,3.911110722032448,4.2936,-0.3824892779675517
2023-10-01,1483992048994.1714,3731,3640,0,3712.0,37942982299999.94,3.911110722032448,4.2936,-0.3824892779675517
2023-10-02,1483996539728.1714,3734,3640,2,3713.0,37965668500000.04,3.908785485308049,4.2936,-0.3848145146919508
2023-10-03,1484672170071.1714,3733,3639,8,3712.0,37387701700000.12,3.971017480518645,4.923,-0.9519825194813548
2023-10-04,1485157647659.1714,3732,3638,7,3711.0,37689055899999.99,3.940554126905502,4.923,-0.9824458730944978
2023-10-05,1485427348466.1714,3731,3636,16,3710.0,37607637999999.92,3.949802294061048,4.923,-0.973197705938952
2023-10-06,1483754491562.1714,3732,3635,8,3711.0,38073467599999.98,3.897082627593848,4.923,-1.025917372406152
2023-10-07,1483757824289.1714,3730,3633,0,3711.0,38073467599999.98,3.897091381004583,4.923,-1.0259086189954174
2023-10-08,1483757824289.1714,3730,3633,0,3711.0,38073467599999.98,3.897091381004583,4.923,-1.0259086189954174
2023-10-09,1483757824289.1714,3731,3633,0,3710.0,38344901200000.016,3.869504882931269,4.923,-1.053495117068731
2023-10-10,1485039109291.1714,3732,3634,11,3711.0,38568098699999.99,3.850433802408755,4.923,-1.0725661975912448
2023-10-11,1486067839267.1714,3730,3632,9,3709.0,38707702699999.984,3.8392044363489752,4.923,-1.0837955636510248
2023-10-12,1487395663438.1714,3729,3631,16,3708.0,38389385800000.086,3.874497162281164,4.923,-1.048502837718836
2023-10-13,1484912678663.1714,3726,3628,9,3705.0,38055342899999.95,3.901982127884527,4.923,-1.0210178721154732
2023-10-14,1484938015614.1714,3724,3626,0,3705.0,38055342899999.95,3.9020487071059167,4.923,-1.0209512928940834
2023-10-15,1484938015614.1714,3724,3626,0,3705.0,38055342899999.95,3.9020487071059167,4.923,-1.0209512928940834
2023-10-16,1484947728472.1714,3724,3626,14,3703.0,38491714300000.05,3.8578373436388342,4.923,-1.0651626563611654
2023-10-17,1485031758461.1714,3720,3621,6,3699.0,38509026799999.95,3.8563211845726864,4.923,-1.0666788154273137
2023-10-18,1483075006029.1714,3716,3617,11,3695.0,37964811899999.99,3.906446342828243,4.923,-1.016553657171757
2023-10-19,1483982137022.1714,3716,3615,14,3695.0,37629454500000.03,3.9436716708773183,4.923,-0.9793283291226818
2023-10-20,1486193186396.1714,3716,3614,16,3695.0,37158800300000.02,3.999572576072028,4.923,-0.923427423927972
2023-10-21,1486080043521.1714,3712,3610,0,3695.0,37158800300000.02,3.999268091336013,4.923,-0.9237319086639872
2023-10-22,1486080043521.1714,3712,3610,0,3695.0,37158800300000.02,3.999268091336013,4.923,-0.9237319086639872
2023-10-23,1484459394006.1714,3713,3610,18,3692.0,37112553999999.99,3.999884766772375,4.923,-0.9231152332276252
2023-10-24,1487701826363.1714,3712,3609,31,3691.0,37378310300000.05,3.9801205951334016,4.923,-0.9428794048665984
2023-10-25,1489635409838.1714,3712,3608,66,3691.0,36687527599999.92,4.060331963711217,4.923,-0.8626680362887829
2023-10-26,1508580781943.1714,3712,3607,122,3691.0,36214623400000.06,4.16566745781255,4.923,-0.7573325421874504
2023-10-27,1530327472690.1714,3711,3608,92,3690.0,36071018900000.04,4.242540186992527,4.923,-0.6804598130074728
2023-10-28,1530140037690.1714,3709,3606,0,3690.0,36071018900000.04,4.242020559308819,4.923,-0.6809794406911811
2023-10-29,1530140037690.1714,3709,3606,0,3690.0,36071018900000.04,4.242020559308819,4.923,-0.6809794406911811
2023-10-30,1532756531168.1714,3709,3606,51,3688.0,36458716900000.01,4.204087969887309,4.923,-0.7189120301126914
2023-10-31,1529120622965.1714,3708,3604,95,3687.0,36676932700000.016,4.169161678466015,4.923,-0.7538383215339852
2023-11-01,1520609697332.1714,3706,3603,176,3685.0,37036775099999.96,4.105675219363722,4.923,-0.8173247806362784
2023-11-02,1508625698435.1714,3705,3601,337,3684.0,37734720500000.02,3.9979776673718055,4.923,-0.9250223326281946
2023-11-03,1510607058581.1714,3703,3598,193,3682.0,38136018899999.96,3.9611031831672734,4.7666,-0.805496816832727
2023-11-04,1510608596223.1714,3702,3597,0,3682.0,38136018899999.96,3.9611072151612894,4.7666,-0.805492784838711
2023-11-05,1510608596223.1714,3702,3597,0,3682.0,38136018899999.96,3.9611072151612894,4.7666,-0.805492784838711
2023-11-06,1497698425220.1714,3702,3598,122,3681.0,38158984099999.92,3.924890718514108,4.7666,-0.8417092814858922
2023-11-07,1495358312431.2473,3697,3595,296,3676.0,38315912700000.09,3.902708318967549,4.7666,-0.8638916810324515
2023-11-08,1496683353089.2473,3694,3595,330,3673.0,38317294099999.96,3.906025694776941,4.7666,-0.860574305223059
2023-11-09,1501013966638.2473,3690,3590,464,3669.0,37949740900000.07,3.955268023024222,4.7666,-0.8113319769757785
2023-11-10,1501013966638.2473,3691,3590,0,3670.0,38542712999999.87,3.894416998196916,4.7666,-0.8721830018030845
2023-11-11,1501058783638.2473,3690,3589,0,3670.0,38542712999999.87,3.8945332769861127,4.7666,-0.8720667230138877
2023-11-12,1501058783638.2473,3690,3589,0,3670.0,38542712999999.87,3.8945332769861127,4.7666,-0.8720667230138877
2023-11-13,1498450040466.2473,3690,3590,316,3669.0,38540845799999.945,3.887953181521121,4.7666,-0.8786468184788792
2023-11-14,1499358747938.2473,3691,3592,384,3670.0,39389356399999.89,3.8065073536927647,4.7666,-0.9600926463072356
2023-11-15,1499322158710.2473,3687,3588,22,3666.0,39446417500000.0,3.800908304816901,4.7666,-0.9656916951830996
2023-11-16,1498572094862.2473,3685,3587,21,3664.0,39373486499999.93,3.806043680846628,4.7666,-0.9605563191533726
2023-11-17,1500713565611.2473,3683,3585,39,3662.0,39459550600000.01,3.8031694299408647,4.7666,-0.9634305700591356
2023-11-18,1500713565611.2473,3683,3585,0,3662.0,39459550600000.01,3.8031694299408647,4.7666,-0.9634305700591356
2023-11-19,1500713565611.2473,3683,3585,0,3662.0,39459550600000.01,3.8031694299408647,4.7666,-0.9634305700591356
2023-11-20,1500798685768.3777,3683,3586,77,3662.0,39779010000000.01,3.77284071616759,4.7666,-0.9937592838324104
2023-11-21,1510946509538.3777,3682,3583,36,3661.0,39646670699999.945,3.8110299877925935,4.7666,-0.9555700122074068
2023-11-22,1508191488183.3777,3680,3581,21,3659.0,39760175400000.055,3.7932214156765913,4.7666,-0.9733785843234092
2023-11-23,1508234351183.3777,3678,3579,0,3659.0,39760175400000.055,3.793329219526973,4.7666,-0.9732707804730274
2023-11-24,1508234364281.3777,3678,3579,1,3657.0,39793720399999.91,3.790131581367248,4.7666,-0.976468418632752
2023-11-25,1508240895463.3777,3677,3578,0,3657.0,39793720399999.91,3.7901479939618334,4.7666,-0.976452006038166
2023-11-26,1508240895463.3777,3677,3578,0,3657.0,39793720399999.91,3.7901479939618334,4.7666,-0.976452006038166
2023-11-27,1508240501842.3777,3677,3578,4,3656.0,39716790400000.05,3.797488383760174,4.7666,-0.9691116162398266
2023-11-28,1507968818284.3777,3676,3577,15,3655.0,39764538999999.945,3.792245191838838,4.7666,-0.9743548081611624
2023-11-29,1506872741792.3777,3675,3576,22,3654.0,39739541600000.05,3.791872480462573,4.7666,-0.9747275195374274
2023-11-30,1500972893523.3777,3672,3573,17,3651.0,39841156200000.09,3.7673929089522105,4.7666,-0.99920709104779
2023-12-01,1500286386508.3777,3672,3572,16,3651.0,40173589800000.01,3.734509148864704,4.7666,-1.0320908511352966
2023-12-02,1500309623148.3777,3667,3567,0,3651.0,40173589800000.01,3.734566989451307,4.7666,-1.0320330105486932
2023-12-03,1500309623148.3777,3667,3567,0,3651.0,40173589800000.01,3.734566989451307,4.3888,-0.6542330105486927
2023-12-04,1500162471558.3777,3668,3567,9,3647.0,39985094699999.99,3.751804223083103,4.3888,-0.6369957769168968
2023-12-05,1500441025558.3777,3667,3566,18,3646.0,39922551199999.92,3.758379613671536,4.3888,-0.6304203863284643
2023-12-06,1500798250172.3777,3665,3564,37,3644.0,39758192900000.016,3.774815052452691,4.3888,-0.6139849475473089
2023-12-07,1501394957507.3777,3664,3563,45,3643.0,40100129200000.01,3.7441150127450897,4.3888,-0.6446849872549101
2023-12-08,1502913524454.3777,3660,3559,25,3639.0,40269034700000.06,3.7321816518596,4.3888,-0.6566183481404004
2023-12-09,1502926795131.3777,3657,3556,0,3639.0,40269034700000.06,3.7322146069008575,4.3888,-0.6565853930991414
2023-12-10,1502926795131.3777,3657,3556,0,3639.0,40269034700000.06,3.7322146069008575,4.3888,-0.6565853930991414
2023-12-11,1503165659488.3777,3657,3556,13,3636.0,40395003199999.984,3.721167323705964,4.3888,-0.6676326762940361
2023-12-12,1503877793263.3777,3653,3552,7,3632.0,40523807800000.01,3.7110969449997673,4.3888,-0.6777030550002325
2023-12-13,1503940632895.3777,3650,3549,7,3629.0,41136585399999.9,3.655968569757327,4.3888,-0.7328314302426726
2023-12-14,1504946625774.3777,3649,3547,19,3628.0,41369461400000.07,3.637820205641776,4.3888,-0.7509797943582242
2023-12-15,1507014435643.3777,3649,3547,21,3628.0,41369374600000.016,3.642826245778869,4.3888,-0.7459737542211307
2023-12-16,1507093209527.3777,3645,3543,0,3628.0,41369374600000.016,3.643016661720037,4.3888,-0.7457833382799626
2023-12-17,1507093209527.3777,3645,3543,0,3628.0,41369374600000.016,3.643016661720037,4.3888,-0.7457833382799626
2023-12-18,1507078395527.3777,3647,3543,12,3626.0,41571388299999.89,3.62527800286954,4.3888,-0.7635219971304599
2023-12-19,1507936513883.3777,3644,3540,9,3623.0,41867609199999.92,3.6016781055732707,4.3888,-0.7871218944267291
2023-12-20,1510425879749.3777,3642,3538,16,3621.0,41243048800000.11,3.662255637486658,4.3888,-0.7265443625133416
2023-12-21,1511027096872.3777,3640,3536,11,3619.0,41727723400000.0,3.621158725549781,4.3888,-0.7676412744502192
2023-12-22,1511176740066.3777,3638,3534,13,3617.0,41815074700000.0,3.613952027846976,4.3888,-0.7748479721530241
2023-12-23,1511188163125.3777,3636,3532,0,3617.0,41815074700000.0,3.613979345887376,4.3888,-0.7748206541126237
2023-12-24,1511188163125.3777,3636,3532,0,3617.0,41815074700000.0,3.613979345887376,4.3888,-0.7748206541126237
2023-12-25,1511188163125.3777,3636,3532,0,3617.0,41815074700000.0,3.613979345887376,4.3888,-0.7748206541126237
2023-12-26,1511229036125.3777,3636,3532,2,3615.0,42026185699999.98,3.5959224253972173,4.3888,-0.7928775746027825
2023-12-27,1511213138492.3777,3632,3527,2,3611.0,42084762399999.93,3.5908795780497984,4.3888,-0.7979204219502014
2023-12-28,1511214916601.3777,3631,3525,5,3610.0,42063952699999.84,3.5926602698975163,4.3888,-0.7961397301024835
2023-12-29,1511153531744.3777,3630,3523,5,3609.0,41878617700000.02,3.608413110885408,4.3888,-0.7803868891145922
2023-12-30,1512635196744.3777,3628,3521,0,3609.0,41878617700000.02,3.611951109705268,4.3888,-0.7768488902947319
2023-12-31,1512635196744.3777,3628,3521,0,3609.0,41878617700000.02,3.611951109705268,4.3888,-0.7768488902947319
2024-01-01,1512635196744.3777,3628,3521,0,3609.0,41878617700000.02,3.611951109705268,4.3888,-0.7768488902947319
2024-01-02,1512636653744.3777,3628,3521,3,3607.0,41530231700000.02,3.6422543092731576,4.3888,-0.7465456907268422
2024-01-03,1512676408744.3777,3628,3521,7,3607.0,41086403799999.96,3.681695813797116,4.0725,-0.3908041862028839
2024-01-04,1512639873744.3777,3628,3520,12,3607.0,40925166100000.016,3.696111751992076,4.0725,-0.3763882480079239
2024-01-05,1513786375769.3777,3625,3517,11,3604.0,40968898200000.086,3.6949648203362577,4.0725,-0.377535179663742
2024-01-06,1513908267769.3777,3624,3516,0,3604.0,40968898200000.086,3.695262343592571,4.0725,-0.3772376564074289
2024-01-07,1513908267769.3777,3624,3516,0,3604.0,40968898200000.086,3.695262343592571,4.0725,-0.3772376564074289
2024-01-08,1513929187622.3777,3624,3516,6,3603.0,41644829399999.945,3.63533530917137,4.0725,-0.4371646908286295
2024-01-09,1514318001929.3777,3623,3515,18,3602.0,41599708400000.03,3.64021302113112,4.0725,-0.4322869788688797
2024-01-10,1514344589840.3777,3623,3515,4,3602.0,41840874000000.055,3.619294830792434,4.0725,-0.4532051692075658
2024-01-11,1514358570176.3777,3624,3515,7,3603.0,41832171000000.04,3.620081229292107,4.0725,-0.4524187707078928
2024-01-12,1514356599902.3777,3624,3515,4,3603.0,41854355300000.0,3.6181577497679855,4.0725,-0.4543422502320142
2024-01-13,1514356599902.3777,3624,3515,0,3603.0,41854355300000.0,3.6181577497679855,4.0725,-0.4543422502320142
2024-01-14,1514356599902.3777,3624,3515,0,3603.0,41854355300000.0,3.6181577497679855,4.0725,-0.4543422502320142
2024-01-15,1514356599902.3777,3624,3515,0,3603.0,41854355300000.0,3.6181577497679855,4.0725,-0.4543422502320142
2024-01-16,1514387124751.3777,3624,3515,12,3603.0,41681094999999.97,3.633270970331703,4.0725,-0.4392290296682972
2024-01-17,1513819733589.3777,3623,3514,7,3602.0,41418094500000.07,3.6549719436981225,4.0725,-0.4175280563018773
2024-01-18,1513845642271.3777,3623,3514,8,3602.0,41822885299999.99,3.619658546779837,4.0725,-0.452841453220163
2024-01-19,1513749682594.3777,3622,3513,4,3601.0,42310425900000.05,3.5777226307579566,4.0725,-0.4947773692420432
2024-01-20,1513749682594.3777,3622,3513,0,3601.0,42310425900000.05,3.5777226307579566,4.0725,-0.4947773692420432
2024-01-21,1513749682594.3777,3622,3513,0,3601.0,42310425900000.05,3.5777226307579566,4.0725,-0.4947773692420432
2024-01-22,1513751352473.3777,3622,3513,6,3601.0,42478250600000.016,3.563591558248816,4.0725,-0.508908441751184
2024-01-23,1516117883473.3777,3620,3511,7,3599.0,42573919500000.0,3.561142364337344,4.0725,-0.5113576356626557
2024-01-24,1516985778467.3777,3619,3509,12,3598.0,42541565600000.03,3.565890810721307,4.0725,-0.5066091892786928
2024-01-25,1518262716467.3777,3621,3510,16,3600.0,42747307899999.99,3.551715396953402,4.0725,-0.5207846030465979
2024-01-26,1516905537792.3777,3621,3508,15,3600.0,42715403700000.06,3.551190920366686,4.0725,-0.5213090796333137
2024-01-27,1516966801577.3777,3619,3506,0,3600.0,42715403700000.06,3.5513343435341933,4.0725,-0.5211656564658065
2024-01-28,1516966801577.3777,3619,3506,0,3600.0,42715403700000.06,3.5513343435341933,4.0725,-0.5211656564658065
2024-01-29,1518903827288.3777,3620,3506,16,3599.0,43125124599999.99,3.5220856551180333,4.0725,-0.5504143448819665
2024-01-30,1520382887288.3777,3620,3506,9,3599.0,42972612100000.07,3.53802762501462,4.0725,-0.5344723749853801
2024-01-31,1512227266245.3777,3620,3505,31,3599.0,42197886099999.92,3.583656448244171,4.0725,-0.4888435517558287
2024-02-01,1512561507598.3777,3620,3505,33,3599.0,42802370500000.01,3.533826491218232,4.0725,-0.538673508781768
2024-02-02,1541753860034.3777,3622,3505,40,3601.0,43259091199999.98,3.563999652480861,4.0725,-0.508500347519139
2024-02-03,1541753860034.3777,3622,3505,0,3601.0,43259091199999.98,3.563999652480861,4.2205,-0.6565003475191395
2024-02-04,1541753860034.3777,3622,3505,0,3601.0,43259091199999.98,3.563999652480861,4.2205,-0.6565003475191395
2024-02-05,1539918601380.3777,3622,3505,28,3601.0,43092623699999.95,3.573508570981672,4.2205,-0.6469914290183283
2024-02-06,1541077838745.3777,3619,3502,40,3598.0,43226851199999.89,3.5650939079860198,4.2205,-0.655406092013981
2024-02-07,1548581048565.3777,3618,3502,70,3597.0,43565735799999.88,3.554584859244778,4.2205,-0.6659151407552222
2024-02-08,1550697912094.3777,3619,3502,89,3598.0,43710476500000.02,3.547657303837392,4.2205,-0.6728426961626086
2024-02-09,1554122387374.3777,3622,3502,56,3601.0,44006746199999.89,3.5315548673180057,4.2205,-0.6889451326819946
2024-02-10,1554322165374.3777,3621,3501,0,3601.0,44006746199999.89,3.5320088386229784,4.2205,-0.6884911613770219
2024-02-11,1554322165374.3777,3621,3501,0,3601.0,44006746199999.89,3.5320088386229784,4.2205,-0.6884911613770219
2024-02-12,1555606425470.3777,3621,3501,39,3600.0,43988213900000.05,3.53641643419938,4.2205,-0.6840835658006208
2024-02-13,1557413264092.3777,3618,3499,56,3597.0,43279820799999.89,3.598474382066715,4.2205,-0.6220256179332853
2024-02-14,1555911744417.3777,3617,3498,100,3596.0,43777227500000.14,3.5541577968074214,4.2205,-0.666342203192579
2024-02-15,1552124866658.3777,3615,3497,85,3594.0,44027177900000.05,3.5253789606586983,4.2205,-0.6951210393413021
2024-02-16,1557148659522.3777,3614,3495,80,3593.0,43767654699999.86,3.5577612513068533,4.2205,-0.6627387486931471
2024-02-17,1557222892522.3777,3612,3493,0,3593.0,43767654699999.86,3.5579308582929,4.2205,-0.6625691417071002
2024-02-18,1557222892522.3777,3612,3493,0,3593.0,43767654699999.86,3.5579308582929,4.2205,-0.6625691417071002
2024-02-19,1557222892522.3777,3612,3493,0,3593.0,43767654699999.86,3.5579308582929,4.2205,-0.6625691417071002
2024-02-20,1551335797824.3777,3612,3494,93,3591.0,43446501399999.93,3.570680602200066,4.2205,-0.6498193977999343
2024-02-21,1550289570974.3777,3611,3493,100,3590.0,43454118000000.07,3.56764707771626,4.2205,-0.6528529222837403
2024-02-22,1540468162523.3777,3610,3491,161,3589.0,44381126099999.99,3.4709983677574554,4.2205,-0.749501632242545
2024-02-23,1542763444111.3777,3610,3491,114,3589.0,44386191700000.016,3.4757733993911835,4.2205,-0.7447266006088169
2024-02-24,1542765823036.3777,3607,3489,0,3589.0,44386191700000.016,3.475778758997198,4.2205,-0.7447212410028023
2024-02-25,1542765823036.3777,3607,3489,0,3589.0,44386191700000.016,3.475778758997198,4.2205,-0.7447212410028023
2024-02-26,1540581834174.3777,3607,3490,78,3586.0,44287384800000.09,3.4786019565878146,4.2205,-0.7418980434121858
2024-02-27,1540871293375.3777,3607,3493,164,3586.0,44396892700000.0,3.4706737333790425,4.2205,-0.7498262666209579
2024-02-28,1534770756167.3777,3605,3493,206,3584.0,44251636200000.21,3.4682802444429623,4.2205,-0.752219755557038
2024-02-29,1532266061943.3777,3603,3491,225,3582.0,44548244500000.02,3.4395655297783434,4.2205,-0.780934470221657
2024-03-01,1535066234652.3777,3599,3489,47,3578.0,44994020900000.016,3.411711609558276,4.2205,-0.8087883904417246
2024-03-02,1535068638508.3777,3598,3488,0,3578.0,44994020900000.016,3.4117169521703654,4.2205,-0.808783047829635
2024-03-03,1535068638508.3777,3598,3488,0,3578.0,44994020900000.016,3.4117169521703654,4.3275,-0.9157830478296344
2024-03-04,1535327042794.3777,3598,3488,22,3577.0,44888414500000.06,3.4203191622960434,4.3275,-0.9071808377039564
2024-03-05,1536527195904.3777,3596,3487,59,3575.0,44323587500000.08,3.466612886207315,4.3275,-0.8608871137926846
2024-03-06,1536492129171.3777,3596,3488,67,3575.0,44572369700000.01,3.447185194578913,4.3275,-0.8803148054210865
2024-03-07,1537557504368.3777,3593,3487,81,3572.0,45097469299999.98,3.4094097257213027,4.3275,-0.9180902742786968
2024-03-08,1538422683184.3777,3592,3487,63,3571.0,44770950600000.08,3.436207323202056,4.3275,-0.8912926767979434
2024-03-09,1538520048198.3777,3589,3484,0,3571.0,44770950600000.08,3.43642479683774,4.3275,-0.8910752031622597
2024-03-10,1538520048198.3777,3589,3484,0,3571.0,44770950600000.08,3.43642479683774,4.3275,-0.8910752031622597
2024-03-11,1537357411709.3777,3589,3484,45,3568.0,44665673700000.05,3.4419214675572576,4.3275,-0.8855785324427421
2024-03-12,1542190701171.3777,3585,3480,58,3564.0,45180464799999.94,3.4134015840655536,4.3275,-0.914098415934446
2024-03-13,1540283194341.3777,3585,3482,56,3564.0,45077096399999.84,3.4169973608623625,4.3275,-0.9105026391376372
2024-03-14,1541047368553.3777,3584,3482,77,3563.0,44887054199999.9,3.4331666357231816,4.3275,-0.8943333642768181
2024-03-15,1542806393356.0703,3584,3484,90,3563.0,44594888500000.06,3.45960365694393,4.3275,-0.8678963430560698
2024-03-16,1542410585765.0703,3579,3479,0,3563.0,44594888500000.06,3.4587160942561126,4.3275,-0.8687839057438871
2024-03-17,1542410585765.0703,3579,3479,0,3563.0,44594888500000.06,3.4587160942561126,4.3275,-0.8687839057438871
2024-03-18,1542615752111.0703,3579,3481,37,3558.0,44821205199999.92,3.4417096667250555,4.3275,-0.8857903332749442
2024-03-19,1542461254824.0703,3576,3479,30,3555.0,45063519799999.88,3.422860135359588,4.3275,-0.9046398646404116
2024-03-20,1542738725992.0703,3577,3479,32,3556.0,45511556400000.08,3.3897736048246148,4.3275,-0.9377263951753848
2024-03-21,1543913607895.0703,3579,3479,60,3558.0,45687849100000.016,3.379265249532331,4.3275,-0.9482347504676688
2024-03-22,1543854890540.0703,3577,3479,47,3556.0,45648309400000.01,3.3820636751556674,4.3275,-0.9454363248443324
2024-03-23,1543857119981.0703,3576,3478,0,3556.0,45648309400000.01,3.3820685591065285,4.3275,-0.9454314408934712
2024-03-24,1543857119981.0703,3576,3478,0,3556.0,45648309400000.01,3.3820685591065285,4.3275,-0.9454314408934712
2024-03-25,1543586595954.0703,3576,3481,50,3555.0,45530435300000.02,3.3902302619849314,4.3275,-0.9372697380150684
2024-03-26,1544695377475.0703,3575,3480,55,3554.0,45409557100000.01,3.4016966386026923,4.3275,-0.9258033613973072
2024-03-27,1544999085873.0703,3575,3480,53,3554.0,45778799300000.055,3.374922692376225,4.3275,-0.9525773076237752
2024-03-28,1542615326711.0703,3574,3479,103,3553.0,45800121199999.89,3.368146822089794,4.3275,-0.9593531779102058
2024-03-29,1541578641215.0703,3573,3482,100,3553.0,45800121199999.89,3.365883322629884,4.3275,-0.9616166773701158
2024-03-30,1541578641215.0703,3573,3482,0,3553.0,45800121199999.89,3.365883322629884,4.3275,-0.9616166773701158
2024-03-31,1541578641215.0703,3573,3482,0,3553.0,45800121199999.89,3.365883322629884,4.3275,-0.9616166773701158
2024-04-01,1541905631180.0703,3574,3492,182,3553.0,45715423399999.96,3.372834628892601,4.3275,-0.9546653711073984
2024-04-02,1542336280795.0703,3570,3488,21,3549.0,45274660499999.98,3.4066214163992927,4.3275,-0.920878583600707
2024-04-03,1542611575364.0703,3569,3489,16,3548.0,45374226399999.96,3.39975289444069,4.5072,-1.1074471055593105
2024-04-04,1543189883638.0703,3567,3487,17,3546.0,44819131399999.8,3.443149912624316,4.5072,-1.0640500873756844
2024-04-05,1543406603997.0703,3565,3485,12,3544.0,45317906200000.01,3.405732376923164,4.5072,-1.101467623076836
2024-04-06,1543415845997.0703,3564,3484,0,3544.0,45317906200000.01,3.405752770627938,4.5072,-1.101447229372062
2024-04-07,1543415845997.0703,3564,3484,0,3544.0,45317906200000.01,3.405752770627938,4.5072,-1.101447229372062
2024-04-08,1543448956474.0703,3564,3484,14,3543.0,45300202200000.05,3.4071568812425053,4.5072,-1.1000431187574948
2024-04-09,1543157417601.0703,3561,3481,15,3540.0,45415804399999.984,3.397842310596773,4.5072,-1.109357689403227
2024-04-10,1543130622291.0703,3561,3480,17,3540.0,44982760099999.99,3.4304934131666824,4.5072,-1.0767065868333177
2024-04-11,1543175726797.0703,3562,3480,13,3541.0,45406172999999.95,3.398603372270709,4.5072,-1.1085966277292911
2024-04-12,1543183417767.0703,3562,3479,21,3541.0,44714495000000.01,3.451192768177456,4.5072,-1.0560072318225444
2024-04-13,1543201841767.0703,3560,3477,0,3541.0,44714495000000.01,3.4512339718184672,4.5072,-1.0559660281815328
2024-04-14,1543201841767.0703,3560,3477,0,3541.0,44714495000000.01,3.4512339718184672,4.5072,-1.0559660281815328
2024-04-15,1543823764530.0703,3560,3477,47,3539.0,44088517900000.0,3.501645866236003,4.5072,-1.0055541337639973
2024-04-16,1543812281231.0703,3559,3478,62,3538.0,44019088500000.01,3.507142773369944,4.5072,-1.0000572266300565
2024-04-17,1543917416480.654,3559,3478,15,3538.0,43675262100000.08,3.5349929050125866,4.5072,-0.9722070949874136
2024-04-18,1539298854213.654,3559,3476,15,3538.0,43528754899999.945,3.5362804604678826,4.5072,-0.9709195395321176
2024-04-19,1538529243753.654,3557,3474,16,3536.0,43020650700000.03,3.576257491971531,4.5072,-0.930942508028469
2024-04-20,1538529243753.654,3557,3474,0,3536.0,43020650700000.03,3.576257491971531,4.5072,-0.930942508028469
2024-04-21,1538529243753.654,3557,3474,0,3536.0,43020650700000.03,3.576257491971531,4.5072,-0.930942508028469
2024-04-22,1538748612122.654,3557,3474,13,3536.0,43365858600000.05,3.5482950454546107,4.5072,-0.9589049545453894
2024-04-23,1537320556506.654,3556,3473,31,3535.0,43960597199999.98,3.4970420204088013,4.5072,-1.0101579795911988
2024-04-24,1523735853932.654,3556,3473,58,3535.0,43962541200000.02,3.4659867522231704,4.5072,-1.0412132477768297
2024-04-25,1530122976571.654,3556,3471,85,3535.0,43750884299999.945,3.497353255947002,4.5072,-1.0098467440529977
2024-04-26,1528311734988.654,3557,3471,84,3536.0,44299345200000.0,3.449964617058616,4.5072,-1.0572353829413847
2024-04-27,1528311734988.654,3557,3471,0,3536.0,44299345200000.0,3.449964617058616,4.5072,-1.0572353829413847
2024-04-28,1528311734988.654,3557,3471,0,3536.0,44299345200000.0,3.449964617058616,4.5072,-1.0572353829413847
2024-04-29,1525349990462.654,3557,3470,40,3536.0,44480834600000.02,3.4292296989918736,4.5072,-1.0779703010081263
2024-04-30,1526973191658.654,3557,3470,113,3536.0,43692540300000.09,3.4948144034981885,4.5072,-1.0123855965018116
2024-05-01,1534930068416.654,3555,3468,150,3534.0,43533790000000.016,3.52583606531077,4.5072,-0.98136393468923
2024-05-02,1536250010412.654,3556,3468,286,3535.0,44026436300000.06,3.4893807891797315,4.5072,-1.0178192108202686
2024-05-03,1526609140211.654,3554,3465,163,3533.0,44515977300000.016,3.4293510618077643,4.6645,-1.235148938192236
2024-05-04,1526610929345.654,3553,3464,0,3533.0,44515977300000.016,3.429355080890594,4.6645,-1.2351449191094064
2024-05-05,1526610929345.654,3553,3464,0,3533.0,44515977300000.016,3.429355080890594,4.6645,-1.2351449191094064
2024-05-06,1526428204981.654,3553,3464,107,3532.0,44997272700000.0,3.3922682718094026,4.6645,-1.2722317281905977
2024-05-07,1526086244192.654,3551,3462,283,3530.0,45017823400000.03,3.3899600845487634,4.6645,-1.274539915451237
2024-05-08,1529340360599.654,3552,3462,311,3531.0,44941954600000.016,3.4029235582015684,4.6645,-1.261576441798432
2024-05-09,1513525537933.654,3552,3460,427,3531.0,45170067999999.94,3.3507267200342845,4.6645,-1.3137732799657158
2024-05-10,1514153657111.654,3551,3459,199,3530.0,45184508900000.05,3.3510459535207047,4.6645,-1.3134540464792956
2024-05-11,1514181351958.654,3549,3457,0,3530.0,45184508900000.05,3.35110724631258,4.6645,-1.3133927536874204
2024-05-12,1514181351958.654,3549,3457,0,3530.0,45184508900000.05,3.35110724631258,4.6645,-1.3133927536874204
2024-05-13,1514147373894.654,3549,3458,117,3528.0,45211959500000.06,3.348997456955282,4.6645,-1.3155025430447185
2024-05-14,1514821871481.654,3550,3457,219,3529.0,45482363900000.04,3.3305697892313217,4.6645,-1.3339302107686786
2024-05-15,1514552817441.4512,3549,3456,303,3528.0,46025765700000.125,3.290662945866965,4.6645,-1.3738370541330354
2024-05-16,1515505648853.4512,3546,3453,20,3525.0,45907807200000.15,3.301193721257604,4.6645,-1.3633062787423964
2024-05-17,1515762223291.4512,3545,3450,21,3524.0,45936928799999.95,3.2996594741689678,4.6645,-1.364840525831033
2024-05-18,1515848005463.4512,3542,3447,0,3524.0,45936928799999.95,3.299846213191885,4.6645,-1.3646537868081148
2024-05-19,1515848005463.4512,3542,3447,0,3524.0,45936928799999.95,3.299846213191885,4.6645,-1.3646537868081148
2024-05-20,1515987920643.5654,3542,3447,78,3521.0,46075499100000.06,3.290225717041801,4.6645,-1.3742742829581998
2024-05-21,1514891862690.5654,3540,3445,18,3519.0,46112340700000.09,3.2852200510623013,4.6645,-1.379279948937699
2024-05-22,1514887389742.5654,3540,3445,16,3519.0,45974924599999.945,3.295029633920416,4.6645,-1.3694703660795842
2024-05-23,1513938562730.5654,3537,3442,23,3516.0,45641372500000.14,3.317031192982991,4.6645,-1.347468807017009
2024-05-24,1513673706168.5654,3536,3441,15,3515.0,45963114499999.984,3.2932357231113354,4.6645,-1.371264276888665
2024-05-25,1513694851168.5654,3535,3440,0,3515.0,45963114499999.984,3.293281727391572,4.6645,-1.3712182726084283
2024-05-26,1513694851168.5654,3535,3440,0,3515.0,45963114499999.984,3.293281727391572,4.6645,-1.3712182726084283
2024-05-27,1513694851168.5654,3535,3440,0,3515.0,45963114499999.984,3.293281727391572,4.6645,-1.3712182726084283
2024-05-28,1513676621522.5654,3535,3440,11,3514.0,46025774500000.07,3.2887586096406984,4.6645,-1.375741390359302
2024-05-29,1525881350102.5654,3532,3437,20,3511.0,45658647600000.11,3.341932865533586,4.6645,-1.3225671344664145
2024-05-30,1532151473543.5654,3532,3436,30,3511.0,45329895100000.055,3.38000224832544,4.6645,-1.2844977516745604
2024-05-31,1532498990826.5654,3531,3436,28,3510.0,45583358999999.92,3.3619702989123037,4.6645,-1.302529701087697
2024-06-01,1532498990826.5654,3531,3436,0,3510.0,45583358999999.92,3.3619702989123037,4.6645,-1.302529701087697
2024-06-02,1532498990826.5654,3531,3436,0,3510.0,45583358999999.92,3.3619702989123037,4.6645,-1.302529701087697
2024-06-03,1532466417876.5654,3531,3436,12,3510.0,45660984100000.14,3.3561835078288658,4.5376,-1.1814164921711343
2024-06-04,1532823733711.5654,3530,3435,11,3509.0,45695328499999.945,3.354442968303789,4.5376,-1.1831570316962114
2024-06-05,1533336450788.5654,3530,3435,20,3509.0,46329416700000.04,3.3096390155686204,4.5376,-1.22796098443138
2024-06-06,1534578822656.5654,3531,3435,33,3510.0,46331314799999.9,3.3121849213235985,4.5376,-1.2254150786764018
2024-06-07,1534714944489.5654,3533,3435,32,3512.0,46204816899999.99,3.3215475083715043,4.5376,-1.216052491628496
2024-06-08,1534777087326.5654,3530,3433,0,3512.0,46204816899999.99,3.3216820026540685,4.5376,-1.2159179973459318
2024-06-09,1534295087326.5654,3530,3433,1,3512.0,46204816899999.99,3.320638821374846,4.5376,-1.2169611786251542
2024-06-10,1534509759370.5654,3530,3433,16,3509.0,46364174599999.98,3.309688509736926,4.5376,-1.2279114902630743
2024-06-11,1534179681951.5654,3529,3432,19,3508.0,46554314899999.92,3.295461839030453,4.5376,-1.2421381609695472
2024-06-12,1534309637781.5654,3529,3431,12,3508.0,47048067400000.04,3.2611533747751014,4.5376,-1.276446625224899
2024-06-13,1534480449259.5654,3530,3432,25,3509.0,47112797099999.96,3.257035335861149,4.5376,-1.280564664138851
2024-06-14,1534451199794.5654,3531,3432,10,3510.0,47049229000000.016,3.2613737406718504,4.5376,-1.27622625932815
2024-06-15,1534373621794.5654,3529,3430,0,3510.0,47049229000000.016,3.261208853804097,4.5376,-1.2763911461959032
2024-06-16,1534373621794.5654,3529,3430,0,3510.0,47049229000000.016,3.261208853804097,4.5376,-1.2763911461959032
2024-06-17,1534338792996.5654,3529,3430,9,3508.0,47423614799999.984,3.235389793602503,4.5376,-1.3022102063974974
2024-06-18,1534290703768.5654,3532,3430,13,3511.0,47502231300000.0,3.2299339668462386,4.5376,-1.3076660331537615
2024-06-19,1534305419768.5654,3531,3429,0,3511.0,47502231300000.0,3.2299649464436118,4.5376,-1.307635053556389
2024-06-20,1533847787768.5654,3531,3429,7,3510.0,47308166799999.96,3.2422473571065678,4.5376,-1.295352642893433
2024-06-21,1533810414026.5654,3528,3427,6,3507.0,47287477800000.02,3.243586855094573,4.5376,-1.2940131449054268
2024-06-22,1533810414026.5654,3528,3427,0,3507.0,47287477800000.02,3.243586855094573,4.5376,-1.2940131449054268
2024-06-23,1533810414026.5654,3528,3427,0,3507.0,47287477800000.02,3.243586855094573,4.5376,-1.2940131449054268
2024-06-24,1533834176959.5654,3528,3427,8,3507.0,47095812600000.02,3.256837693802877,4.5376,-1.2807623061971234
2024-06-25,1533738646680.5654,3527,3426,3,3506.0,47325865099999.95,3.240804248247259,4.5376,-1.2967957517527413
2024-06-26,1533660254610.5654,3528,3426,16,3507.0,47449452000000.055,3.2321980338372795,4.5376,-1.3054019661627208
2024-06-27,1536523760285.5654,3527,3424,23,3506.0,47563659300000.016,3.2304574183289656,4.5376,-1.3071425816710347
2024-06-28,1535504366530.5654,3526,3419,20,3505.0,47350703500000.016,3.242833269690629,4.5376,-1.2947667303093715
2024-06-29,1535502185245.5654,3525,3418,0,3505.0,47350703500000.016,3.242828663032567,4.5376,-1.2947713369674334
2024-06-30,1535502185245.5654,3525,3418,0,3505.0,47350703500000.016,3.242828663032567,4.5376,-1.2947713369674334
2024-07-01,1535464290312.5654,3525,3418,9,3504.0,47454691800000.02,3.235642740624784,4.5376,-1.3019572593752162
2024-07-02,1535345017721.5654,3521,3414,7,3500.0,47705272400000.0,3.218396920256482,4.5376,-1.3192030797435184
2024-07-03,1534257434046.5654,3518,3412,9,3497.0,47969072600000.04,3.1984304696492383,4.5278,-1.3293695303507618
2024-07-04,1534249092046.5654,3517,3411,0,3497.0,47969072600000.04,3.198413079277593,4.5278,-1.3293869207224072
2024-07-05,1533871943046.5654,3517,3411,4,3496.0,48265512599999.99,3.1779874705952373,4.5278,-1.3498125294047627
2024-07-06,1533362143046.5654,3516,3410,0,3496.0,48265512599999.99,3.176931229870676,4.5278,-1.3508687701293245
2024-07-07,1533362143046.5654,3516,3410,0,3496.0,48265512599999.99,3.176931229870676,4.5278,-1.3508687701293245
2024-07-08,1533335596109.5654,3516,3410,8,3495.0,48331349000000.03,3.172548724244309,4.5278,-1.3552512757556912
2024-07-09,1533533678953.5654,3515,3409,9,3494.0,48278980499999.95,3.1764002948520567,4.5278,-1.3513997051479434
2024-07-10,1533613295994.5654,3516,3408,8,3495.0,48767869500000.01,3.144720718206821,4.5278,-1.383079281793179
2024-07-11,1533389157965.5654,3514,3406,13,3493.0,48388829300000.0,3.168890795970477,4.5278,-1.3589092040295232
2024-07-12,1533390690263.5654,3514,3405,7,3493.0,48696342500000.016,3.148882670733567,4.5278,-1.3789173292664332
2024-07-13,1533390811429.5654,3512,3403,0,3493.0,48696342500000.016,3.1488829195530754,4.5278,-1.3789170804469246
2024-07-14,1533390811429.5654,3512,3403,0,3493.0,48696342500000.016,3.1488829195530754,4.5278,-1.3789170804469246
2024-07-15,1533192323835.5654,3512,3403,15,3491.0,48835854599999.94,3.139480892457992,4.5278,-1.3883191075420078
2024-07-16,1533192323835.5654,3512,3403,2,3491.0,49207596099999.96,3.115763510820165,4.5278,-1.412036489179835
2024-07-17,1531801681112.5654,3510,3401,7,3489.0,48331361200000.02,3.1693741766837813,4.5278,-1.3584258233162188
2024-07-18,1531504716848.5654,3510,3400,10,3489.0,47920007099999.945,3.1959609556246646,4.5278,-1.3318390443753354
2024-07-19,1530929335732.5654,3511,3400,19,3490.0,47619341700000.0,3.214931750584375,4.5278,-1.312868249415625
2024-07-20,1530386579732.5654,3510,3399,0,3490.0,47619341700000.0,3.2137919700233177,4.5278,-1.3140080299766823
2024-07-21,1530386579732.5654,3510,3399,0,3490.0,47619341700000.0,3.2137919700233177,4.5278,-1.3140080299766823
2024-07-22,1530179323008.5654,3510,3399,12,3489.0,48159123699999.95,3.1773404610527973,4.5278,-1.3504595389472027
2024-07-23,1526518366012.5654,3508,3398,27,3487.0,48112486700000.0,3.1728111987455545,4.5278,-1.3549888012544455
2024-07-24,1517378587907.5654,3507,3396,42,3486.0,46854018099999.945,3.238523929087668,4.5278,-1.289276070912332
2024-07-25,1522230876328.5654,3508,3394,86,3487.0,46673213800000.016,3.2614657367531974,4.5278,-1.2663342632468026
2024-07-26,1525238572180.5654,3508,3395,62,3487.0,47183520299999.984,3.232566291117888,4.5278,-1.2952337088821122
2024-07-27,1525238572180.5654,3508,3395,0,3487.0,47183520299999.984,3.232566291117888,4.5278,-1.2952337088821122
2024-07-28,1525238572180.5654,3508,3395,0,3487.0,47183520299999.984,3.232566291117888,4.5278,-1.2952337088821122
2024-07-29,1521897096692.5654,3508,3395,30,3487.0,47209321600000.01,3.2237215980086558,4.5278,-1.3040784019913447
2024-07-30,1522694026964.5654,3507,3394,98,3486.0,46875576399999.984,3.248373980452144,4.5278,-1.2794260195478562
2024-07-31,1520653120245.5654,3504,3391,162,3483.0,47669337399999.945,3.1900026373044725,4.5278,-1.3377973626955275
2024-08-01,1516228304947.5654,3506,3389,249,3485.0,46911572900000.02,3.232098629861897,4.5278,-1.2957013701381035
2024-08-02,1517774766101.5654,3505,3389,158,3484.0,45955076699999.984,3.302735791324587,4.5278,-1.225064208675413
2024-08-03,1517776237792.5654,3502,3386,0,3484.0,45955076699999.984,3.3027389937803457,4.1072,-0.804461006219654
2024-08-04,1517776237792.5654,3502,3386,0,3484.0,45955076699999.984,3.3027389937803457,4.1072,-0.804461006219654
2024-08-05,1520835132578.5654,3502,3387,87,3481.0,44632441699999.984,3.4074656788910698,4.1072,-0.69973432110893
2024-08-06,1528550606735.5654,3501,3388,265,3480.0,45077312299999.97,3.390953295002831,4.1072,-0.7162467049971686
2024-08-07,1515279265880.5654,3501,3391,316,3480.0,44632756899999.99,3.3949936574062844,4.1072,-0.7122063425937153
2024-08-08,1515922172420.5654,3496,3388,479,3475.0,45756685200000.0,3.3130069754715654,4.1072,-0.7941930245284343
2024-08-09,1512694717962.0735,3494,3389,210,3473.0,45971440300000.016,3.290509734066507,4.1072,-0.8166902659334929
2024-08-10,1512747156508.0735,3492,3387,0,3473.0,45971440300000.016,3.2906238017260314,4.1072,-0.8165761982739683
2024-08-11,1512747156508.0735,3492,3387,0,3473.0,45971440300000.016,3.2906238017260314,4.1072,-0.8165761982739683
2024-08-12,1512897972941.0735,3492,3390,114,3471.0,45953279900000.05,3.292252427320366,4.1072,-0.8149475726796336
2024-08-13,1512867139565.0735,3494,3391,205,3473.0,46793840300000.016,3.2330476188018125,4.1072,-0.8741523811981873
2024-08-14,1513890729000.0735,3493,3393,343,3472.0,46896582099999.96,3.22814725766566,4.1072,-0.8790527423343399
2024-08-15,1513746030535.0735,3493,3394,23,3472.0,47767041100000.0,3.169017790668791,4.1072,-0.9381822093312088
2024-08-16,1513844310259.0735,3493,3394,22,3472.0,47835608100000.04,3.164680810776757,4.1072,-0.9425191892232428
2024-08-17,1513991998427.0735,3490,3391,0,3472.0,47835608100000.04,3.164989551846153,4.1072,-0.9422104481538462
2024-08-18,1513991998427.0735,3490,3391,0,3472.0,47835608100000.04,3.164989551846153,4.1072,-0.9422104481538462
2024-08-19,1514223293133.8037,3490,3391,58,3469.0,48333326699999.984,3.132876208857778,4.1072,-0.9743237911422216
2024-08-20,1513654367808.8037,3487,3388,14,3466.0,48204094199999.945,3.140095033273762,4.1072,-0.9671049667262376
2024-08-21,1513567943787.8037,3485,3386,11,3464.0,48501752100000.04,3.120645911238745,4.1072,-0.9865540887612544
2024-08-22,1512864148161.8037,3484,3385,20,3463.0,47956631000000.02,3.154650601210504,4.1072,-0.9525493987894956
2024-08-23,1513016475662.8037,3484,3385,19,3463.0,48612852499999.96,3.1123795413215154,4.1072,-0.9948204586784845
2024-08-24,1513016475662.8037,3484,3385,0,3463.0,48612852499999.96,3.1123795413215154,4.1072,-0.9948204586784845
2024-08-25,1513016475662.8037,3484,3385,0,3463.0,48612852499999.96,3.1123795413215154,4.1072,-0.9948204586784845
2024-08-26,1513064935519.8037,3484,3385,6,3463.0,48417548999999.984,3.125034139005682,4.1072,-0.9821658609943178
2024-08-27,1513107651612.8037,3483,3384,7,3462.0,48435903799999.96,3.1239380973681863,4.1072,-0.9832619026318136
2024-08-28,1520797802429.8037,3484,3384,16,3463.0,48045632899999.93,3.1653195319439864,4.1072,-0.9418804680560132
2024-08-29,1520779549952.8037,3484,3383,36,3463.0,48023885099999.96,3.1667149519163016,4.1072,-0.940485048083698
2024-08-30,1519115730724.8037,3484,3383,18,3463.0,48495011799999.99,3.132519560959884,4.1072,-0.9746804390401156
2024-08-31,1519158652967.8037,3482,3381,0,3463.0,48495011799999.99,3.132608069533048,4.1072,-0.9745919304669516
2024-09-01,1519158652967.8037,3482,3381,0,3463.0,48495011799999.99,3.132608069533048,4.1072,-0.9745919304669516
2024-09-02,1519158652967.8037,3482,3381,0,3463.0,48495011799999.99,3.132608069533048,4.1072,-0.9745919304669516
2024-09-03,1519261330202.8037,3482,3381,12,3461.0,47322076400000.01,3.210470557887023,4.1229,-0.9124294421129764
2024-09-04,1517528817452.8037,3480,3379,26,3459.0,47203606199999.98,3.214857803497235,4.1229,-0.9080421965027649
2024-09-05,1515013324551.8037,3478,3377,34,3457.0,47117832399999.945,3.215371436636388,4.1229,-0.907528563363612
2024-09-06,1515498935748.8037,3478,3376,36,3457.0,46275338000000.016,3.274960273113085,4.1229,-0.8479397268869144
2024-09-07,1515498935748.8037,3478,3376,0,3457.0,46275338000000.016,3.274960273113085,4.1229,-0.8479397268869144
2024-09-08,1515498935748.8037,3478,3376,0,3457.0,46275338000000.016,3.274960273113085,4.1229,-0.8479397268869144
2024-09-09,1515640184748.8037,3478,3376,15,3457.0,46760177400000.05,3.2413054633723486,4.1229,-0.881594536627651
2024-09-10,1513209231091.8037,3475,3373,18,3454.0,47058512500000.05,3.21559086911598,4.1229,-0.9073091308840198
2024-09-11,1513360668703.8037,3474,3372,19,3453.0,47652075200000.08,3.175854697517562,4.1229,-0.9470453024824376
2024-09-12,1513114519934.8037,3474,3372,23,3453.0,48088961299999.99,3.1464903358908773,4.1229,-0.9764096641091222
2024-09-13,1513034210744.8037,3476,3371,16,3455.0,48434484499999.95,3.123878010397334,4.1229,-0.9990219896026656
2024-09-14,1513040027744.8037,3475,3370,0,3455.0,48434484499999.95,3.1238900204353475,4.1229,-0.999009979564652
2024-09-15,1513040027744.8037,3475,3370,0,3455.0,48434484499999.95,3.1238900204353475,4.1229,-0.999009979564652
2024-09-16,1513088113479.8037,3478,3372,10,3457.0,48443501900000.016,3.1234077928619013,4.1229,-0.9994922071380984
2024-09-17,1513144375158.8037,3476,3370,4,3455.0,48456655500000.04,3.1226760484094958,4.1229,-1.0002239515905045
2024-09-18,1514143275266.8037,3471,3365,5,3450.0,48350615999999.99,3.131590454332172,4.1229,-0.9913095456678276
2024-09-19,1513845301110.8037,3468,3362,11,3447.0,49246548299999.95,3.0740130087671647,4.1229,-1.048886991232835
2024-09-20,1513546694870.8037,3469,3362,14,3448.0,49103798399999.984,3.0823413751853543,4.1229,-1.0405586248146452
2024-09-21,1513554634870.8037,3468,3361,0,3448.0,49103798399999.984,3.0823575450138785,4.1229,-1.040542454986121
2024-09-22,1513554634870.8037,3468,3361,0,3448.0,49103798399999.984,3.0823575450138785,4.1229,-1.040542454986121
2024-09-23,1513568654066.8037,3468,3361,10,3447.0,49233755399999.99,3.0742498551447164,4.1229,-1.0486501448552832
2024-09-24,1513415395448.8037,3468,3361,8,3447.0,49452811599999.98,3.060322247580367,4.1229,-1.0625777524196325
2024-09-25,1512995195079.8037,3468,3361,9,3447.0,49323879700000.04,3.0674699644111785,4.1229,-1.055430035588821
2024-09-26,1512948978580.8037,3471,3361,10,3450.0,49532046700000.01,3.0544850846650022,4.1229,-1.068414915334997
2024-09-27,1513263700486.8037,3471,3361,25,3450.0,49464071599999.945,3.059318918838872,4.1229,-1.0635810811611277
2024-09-28,1513309837689.8037,3468,3358,0,3450.0,49464071599999.945,3.0594121930104223,4.1229,-1.0634878069895772
2024-09-29,1513309837689.8037,3468,3358,0,3450.0,49464071599999.945,3.0594121930104223,4.1229,-1.0634878069895772
2024-09-30,1513072599444.8037,3469,3358,23,3448.0,49657222500000.04,3.0470342948496616,4.1229,-1.075865705150338
2024-10-01,1512951606444.8037,3468,3356,6,3447.0,49145625900000.016,3.078507148374324,4.1229,-1.0443928516256755
2024-10-02,1512461693499.8037,3468,3354,10,3447.0,49149165399999.945,3.0772886603274965,4.1229,-1.045611339672503
2024-10-03,1512319573499.8037,3466,3352,6,3445.0,49057434800000.05,3.0827530621307626,4.1779,-1.0951469378692376
2024-10-04,1514336061480.8037,3464,3350,11,3443.0,49506534400000.03,3.0588609763013483,4.1779,-1.1190390236986518
2024-10-05,1514336061480.8037,3464,3350,0,3443.0,49506534400000.03,3.0588609763013483,4.1779,-1.1190390236986518
2024-10-06,1514336061480.8037,3464,3350,0,3443.0,49506534400000.03,3.0588609763013483,4.1779,-1.1190390236986518
2024-10-07,1514968743480.8037,3464,3350,7,3443.0,49065762400000.07,3.087629070410208,4.1779,-1.090270929589792
2024-10-08,1514006781199.8037,3462,3347,10,3441.0,49524698900000.03,3.057074176779705,4.1779,-1.120825823220295
2024-10-09,1513291912834.8037,3462,3346,9,3441.0,49868708100000.02,3.0345520678022195,4.1779,-1.1433479321977806
2024-10-10,1513128875535.8037,3462,3345,17,3441.0,49784242200000.0,3.039373120227596,4.1779,-1.138526879772404
2024-10-11,1513120017115.8037,3463,3343,10,3442.0,50067932199999.96,3.0221340299646027,4.1779,-1.1557659700353975
2024-10-12,1513123936055.8037,3462,3342,0,3442.0,50067932199999.96,3.0221418572101624,4.1779,-1.1557581427898378
2024-10-13,1513123936055.8037,3462,3342,0,3442.0,50067932199999.96,3.0221418572101624,4.1779,-1.1557581427898378
2024-10-14,1513123936055.8037,3462,3342,0,3441.0,50422152999999.98,3.000911000479897,4.1779,-1.1769889995201033
2024-10-15,1513675923934.8037,3461,3341,19,3440.0,50000983900000.0,3.0272922768121844,4.1779,-1.1506077231878158
2024-10-16,1514819399334.8037,3460,3340,11,3439.0,50194977399999.96,3.017870467922165,4.1779,-1.160029532077835
2024-10-17,1514610895144.8037,3459,3339,11,3438.0,50144198899999.99,3.02051070387088,4.1779,-1.15738929612912
2024-10-18,1514417647290.8037,3457,3337,11,3436.0,50357476100000.01,3.007334291900311,4.1779,-1.170565708099689
2024-10-19,1514430183290.8037,3456,3336,0,3436.0,50357476100000.01,3.00735918591997,4.1779,-1.17054081408003
2024-10-20,1514430183290.8037,3456,3336,0,3436.0,50357476100000.01,3.00735918591997,4.1779,-1.17054081408003
2024-10-21,1514956956290.8037,3456,3336,11,3435.0,50252404899999.97,3.014695434587658,4.1779,-1.1632045654123422
2024-10-22,1510628589524.8037,3455,3334,20,3434.0,50210670400000.02,3.0085808006355617,4.1779,-1.1693191993644385
2024-10-23,1513028526908.8037,3457,3334,43,3436.0,49673080599999.99,3.045972805859768,4.1779,-1.1319271941402325
2024-10-24,1511552020043.8037,3461,3334,78,3440.0,49845930800000.02,3.032448177382221,4.1779,-1.1454518226177792
2024-10-25,1505518889043.8037,3461,3333,47,3440.0,49902884300000.016,3.016897540416924,4.1779,-1.1610024595830764
2024-10-26,1505549722757.8037,3458,3330,0,3440.0,49902884300000.016,3.0169593278555307,4.1779,-1.1609406721444695
2024-10-27,1505549722757.8037,3458,3330,0,3440.0,49902884300000.016,3.0169593278555307,4.1779,-1.1609406721444695
2024-10-28,1506185162757.8037,3458,3330,27,3437.0,50022628499999.98,3.011007633790784,4.1779,-1.166892366209216
2024-10-29,1507445439649.8037,3459,3331,88,3438.0,50199526499999.94,3.002907686091034,4.1779,-1.1749923139089655
2024-10-30,1504895875469.8037,3457,3329,182,3436.0,50001316300000.03,3.0097125172478765,4.1779,-1.1681874827521237
2024-10-31,1505180626889.8037,3455,3327,197,3434.0,49026121800000.03,3.070160501436609,4.1779,-1.107739498563391
2024-11-01,1499384736375.8037,3456,3326,117,3435.0,49288959099999.98,3.042029622361825,4.1779,-1.135870377638175
2024-11-02,1499413450569.8037,3452,3322,0,3435.0,49288959099999.98,3.0420878792098582,4.1779,-1.135812120790142
2024-11-03,1499413450569.8037,3452,3322,0,3435.0,49288959099999.98,3.0420878792098582,4.5782,-1.5361121207901416
2024-11-04,1508031419221.8037,3452,3322,101,3431.0,49215219199999.96,3.064156664818441,4.5782,-1.514043335181559
2024-11-05,1506090587378.8037,3449,3320,137,3428.0,49872214199999.98,3.019899179408811,4.5782,-1.5583008205911888
2024-11-06,1498009481631.8037,3448,3320,248,3427.0,50998748699999.945,2.9373455620329865,4.5782,-1.6408544379670134
2024-11-07,1491978071558.8037,3448,3322,478,3427.0,51604347300000.0,2.8911867887510394,4.5782,-1.6870132112489604
2024-11-08,1494902431177.8037,3448,3322,218,3427.0,51781329899999.96,2.886952563915908,4.5782,-1.6912474360840917
2024-11-09,1494906984887.8037,3445,3319,0,3427.0,51781329899999.96,2.886961358031488,4.5782,-1.691238641968512
2024-11-10,1494906984887.8037,3445,3319,0,3427.0,51781329899999.96,2.886961358031488,4.5782,-1.691238641968512
2024-11-11,1494906984887.8037,3445,3319,0,3424.0,51834342100000.02,2.8840087947943744,4.5782,-1.6941912052056254
2024-11-12,1499129872780.9597,3446,3327,415,3425.0,51640875399999.99,2.902990821067607,4.5782,-1.6752091789323926
2024-11-13,1498731206492.9597,3445,3329,187,3424.0,51599693300000.02,2.904535106011878,4.5782,-1.6736648939881218
2024-11-14,1499529024983.9597,3446,3333,335,3425.0,51198007299999.98,2.928881618765581,4.5782,-1.6493183812344188
2024-11-15,1500496660526.9597,3445,3333,28,3424.0,50323209499999.984,2.981718923406426,4.5782,-1.596481076593574
2024-11-16,1500496660526.9597,3445,3333,0,3424.0,50323209499999.984,2.981718923406426,4.5782,-1.596481076593574
2024-11-17,1500496660526.9597,3445,3333,0,3424.0,50323209499999.984,2.981718923406426,4.5782,-1.596481076593574
2024-11-18,1500861056207.9597,3445,3333,23,3424.0,50552247500000.02,2.968930424325761,4.5782,-1.6092695756742388
2024-11-19,1501871061183.9597,3441,3330,64,3420.0,50898547000000.05,2.9507150001432425,4.5782,-1.627484999856757
2024-11-20,1511060001061.9597,3441,3330,14,3420.0,50948616000000.0,2.9658509292224142,4.5782,-1.6123490707775856
2024-11-21,1510955772277.9597,3439,3327,15,3418.0,51219052399999.96,2.949987751585113,4.5782,-1.6282122484148869
2024-11-22,1509185284093.9597,3437,3324,11,3416.0,51445377700000.02,2.933568284588489,4.5782,-1.6446317154115109
2024-11-23,1509010908551.9597,3435,3322,0,3416.0,51445377700000.02,2.933229331800511,4.5782,-1.644970668199489
2024-11-24,1509010908551.9597,3435,3322,0,3416.0,51445377700000.02,2.933229331800511,4.5782,-1.644970668199489
2024-11-25,1509015459551.9597,3435,3322,11,3414.0,51638834899999.99,2.9222492383381797,4.5782,-1.6559507616618203
2024-11-26,1507870175170.9597,3435,3321,24,3414.0,51878999800000.01,2.9065135815724794,4.5782,-1.6716864184275204
2024-11-27,1506911498986.9597,3436,3320,19,3415.0,51633510600000.016,2.9184757756660447,4.5782,-1.6597242243339552
2024-11-28,1506973433986.9597,3435,3319,0,3415.0,51633510600000.016,2.918595726835896,4.5782,-1.659604273164104
2024-11-29,1506991600986.9597,3435,3319,2,3414.0,51969060799999.984,2.899786099245727,4.5782,-1.6784139007542729
2024-11-30,1507059695259.9597,3433,3317,0,3414.0,51969060799999.984,2.89991712773066,4.5782,-1.67828287226934
2024-12-01,1507059695259.9597,3433,3317,0,3414.0,51969060799999.984,2.89991712773066,4.5782,-1.67828287226934
2024-12-02,1507052265259.9597,3433,3317,2,3412.0,52194820600000.02,2.8873597953509567,4.5782,-1.6908402046490432
2024-12-03,1507193333771.9597,3432,3315,7,3411.0,52290955199999.95,2.8823212886575096,4.4017,-1.5193787113424904
2024-12-04,1507901943475.9597,3432,3315,26,3411.0,52727148300000.055,2.8598207794142323,4.4017,-1.5418792205857677
2024-12-05,1508156265432.9597,3433,3314,35,3412.0,52538121399999.97,2.87059419949675,4.4017,-1.53110580050325
2024-12-06,1512769030432.9597,3431,3312,27,3410.0,52755466300000.04,2.867511438208932,4.4017,-1.5341885617910678
2024-12-07,1512769030432.9597,3431,3312,0,3410.0,52755466300000.04,2.867511438208932,4.4017,-1.5341885617910678
2024-12-08,1512769030432.9597,3431,3312,0,3410.0,52755466300000.04,2.867511438208932,4.4017,-1.5341885617910678
2024-12-09,1512792108332.9597,3431,3312,24,3410.0,52454424299999.97,2.884012413673484,4.4017,-1.5176875863265158
2024-12-10,1510094248547.9597,3431,3311,26,3410.0,52251503999999.96,2.8900493439346,4.4017,-1.5116506560654006
2024-12-11,1509965019513.9597,3429,3309,15,3408.0,52761298100000.01,2.8618799648410462,4.4017,-1.5398200351589535
2024-12-12,1509034573381.9597,3429,3308,23,3408.0,52438443400000.02,2.877725720939228,4.4017,-1.5239742790607718
2024-12-13,1510096150156.9597,3429,3306,11,3408.0,52413761900000.01,2.881106212215917,4.4017,-1.5205937877840832
2024-12-14,1510102108521.9597,3426,3303,0,3408.0,52413761900000.01,2.8811175801559084,4.4017,-1.5205824198440916
2024-12-15,1510102108521.9597,3426,3303,0,3408.0,52413761900000.01,2.8811175801559084,4.4017,-1.5205824198440916
2024-12-16,1510232132484.9597,3426,3302,21,3405.0,52688699799999.97,2.866330234410075,4.4017,-1.535369765589925
2024-12-17,1510214626838.9597,3425,3301,9,3404.0,52472561599999.984,2.8781034902610134,4.4017,-1.5235965097389863
2024-12-18,1510184330726.9597,3422,3298,9,3401.0,50803405900000.03,2.972604501555591,4.4017,-1.429095498444409
2024-12-19,1508330723897.9597,3423,3298,19,3402.0,50693302699999.984,2.975404330674948,4.4017,-1.4262956693250524
2024-12-20,1509210376798.9597,3423,3297,19,3402.0,51227302100000.01,2.946105523677304,4.4017,-1.455594476322696
2024-12-21,1509208202631.9597,3420,3294,0,3402.0,51227302100000.01,2.946101279520554,4.4017,-1.455598720479446
2024-12-22,1509208202631.9597,3420,3294,0,3402.0,51227302100000.01,2.946101279520554,4.4017,-1.455598720479446
2024-12-23,1509238072814.9597,3422,3294,10,3401.0,51577521700000.016,2.926154695049955,4.4017,-1.475545304950045
2024-12-24,1509253564814.9597,3421,3293,0,3400.0,52151120200000.05,2.8940002803908293,4.4017,-1.5076997196091706
2024-12-25,1509278958459.9597,3419,3291,0,3400.0,52151120200000.05,2.8940489728156567,4.4017,-1.5076510271843433
2024-12-26,1509288638072.9597,3419,3292,5,3398.0,52150059199999.96,2.8941264137106884,4.4017,-1.5075735862893116
2024-12-27,1509609986258.9597,3418,3291,8,3397.0,51521252800000.0,2.930072356972965,4.4017,-1.471627643027035
2024-12-28,1509608295258.9597,3417,3290,0,3397.0,51521252800000.0,2.930069074832279,4.4017,-1.4716309251677209
2024-12-29,1509608295258.9597,3417,3290,0,3397.0,51521252800000.0,2.930069074832279,4.4017,-1.4716309251677209
2024-12-30,1509600282227.9597,3417,3291,6,3396.0,50958073599999.96,2.9624359313064,4.4017,-1.4392640686935998
2024-12-31,1509667378227.9597,3416,3290,3,3396.0,50715025499999.95,2.976765491773165,4.4017,-1.4249345082268348
2025-01-01,1509689578539.9597,3414,3288,0,3396.0,50715025499999.95,2.976809266397709,4.4017,-1.424890733602291
2025-01-02,1509729973539.9597,3414,3288,4,3394.0,50637883000000.06,2.9814239539594456,4.4017,-1.4202760460405544
2025-01-03,1508008158766.9597,3412,3286,4,3392.0,51347446600000.0,2.9368707864179555,4.811,-1.8741292135820444
2025-01-04,1508008158766.9597,3411,3286,0,3392.0,51347446600000.0,2.9368707864179555,4.811,-1.8741292135820444
2025-01-05,1508008158766.9597,3411,3286,0,3392.0,51347446600000.0,2.9368707864179555,4.811,-1.8741292135820444
2025-01-06,1507884593766.9597,3411,3286,4,3391.0,51709743800000.016,2.9160550467994377,4.811,-1.8949449532005624
2025-01-07,1507643507766.9597,3409,3283,11,3389.0,51043663000000.01,2.9536350237383227,4.811,-1.8573649762616773
2025-01-08,1507767243833.9597,3408,3282,16,3388.0,51087959000000.02,2.9513162658033743,4.811,-1.8596837341966257
2025-01-09,1507767243833.9597,3408,3282,0,3388.0,51087959000000.02,2.9513162658033743,4.811,-1.8596837341966257
2025-01-10,1508161246465.9597,3408,3282,19,3388.0,50369994099999.945,2.9941660177124407,4.811,-1.8168339822875592
2025-01-11,1508623868943.9597,3406,3280,0,3388.0,50369994099999.945,2.9950844662575835,4.811,-1.8159155337424164
2025-01-12,1508623868943.9597,3406,3280,0,3388.0,50369994099999.945,2.9950844662575835,4.811,-1.8159155337424164
2025-01-13,1509844827220.9597,3406,3280,13,3386.0,50416674400000.02,2.994733082237886,4.811,-1.816266917762114
2025-01-14,1509658939134.9597,3405,3280,13,3385.0,50405929699999.96,2.995002667582899,4.811,-1.8159973324171008
2025-01-15,1509695643024.9597,3405,3279,8,3385.0,51286530600000.01,2.9436493858388606,4.811,-1.8673506141611396
2025-01-16,1509529904024.9597,3405,3278,4,3385.0,51150404300000.02,2.9511592815014347,4.811,-1.8598407184985648
2025-01-17,1509578212664.9597,3404,3276,7,3384.0,51643866200000.016,2.92305422452078,4.811,-1.88794577547922
2025-01-18,1509578212664.9597,3404,3276,0,3384.0,51643866200000.016,2.92305422452078,4.811,-1.88794577547922
2025-01-19,1509578212664.9597,3404,3276,0,3384.0,51643866200000.016,2.92305422452078,4.811,-1.88794577547922
2025-01-20,1509578212664.9597,3404,3276,0,3384.0,51643866200000.016,2.92305422452078,4.811,-1.88794577547922
2025-01-21,1509524885578.9597,3404,3276,10,3384.0,52162746899999.99,2.893875371388772,4.811,-1.917124628611228
2025-01-22,1508272633929.9597,3404,3275,6,3384.0,52508343399999.945,2.872443760870889,4.811,-1.938556239129111
2025-01-23,1506927391551.9597,3400,3271,9,3380.0,52769321300000.03,2.85568840839338,4.811,-1.95531159160662
2025-01-24,1507276226299.9597,3401,3271,9,3381.0,52642951300000.016,2.863206163557094,4.811,-1.947793836442906
2025-01-25,1507244036299.9597,3400,3270,0,3381.0,52642951300000.016,2.863145015769584,4.811,-1.9478549842304165
2025-01-26,1507244036299.9597,3400,3270,0,3381.0,52642951300000.016,2.863145015769584,4.811,-1.9478549842304165
2025-01-27,1507764219299.9597,3400,3270,11,3380.0,51711252199999.984,2.9157372044840177,4.811,-1.8952627955159824
2025-01-28,1505541832152.9597,3401,3269,9,3381.0,52300246299999.97,2.8786515144058904,4.811,-1.932348485594109
2025-01-29,1501764332302.7705,3401,3268,26,3381.0,52042348100000.0,2.885658290085436,4.811,-1.925341709914564
2025-01-30,1502833713302.7705,3405,3268,26,3385.0,52335791499999.94,2.871521897787238,4.811,-1.939478102212762
2025-01-31,1494338507211.7705,3406,3266,35,3386.0,52049344800000.02,2.871003492846599,4.811,-1.9399965071534009
2025-02-01,1494328839211.7705,3404,3264,0,3386.0,52049344800000.02,2.8709849181651363,4.811,-1.940015081834864
2025-02-02,1494328839211.7705,3404,3264,0,3386.0,52049344800000.02,2.8709849181651363,4.811,-1.940015081834864
2025-02-03,1482250120211.7705,3404,3264,11,3384.0,51640154200000.02,2.8703441017450904,4.7908,-1.9204558982549096
2025-02-04,1482811097618.7705,3401,3261,34,3381.0,52132406100000.01,2.8443173997656133,4.7908,-1.946482600234387
2025-02-05,1497811835088.7705,3402,3259,62,3382.0,52270155799999.98,2.865520127431437,4.7908,-1.9252798725685625
2025-02-06,1493924324039.7705,3400,3257,80,3380.0,52375877900000.016,2.8523136679295065,4.7908,-1.9384863320704933
2025-02-07,1486463938559.7705,3401,3258,55,3381.0,51859360100000.016,2.8663368304071493,4.7908,-1.924463169592851
2025-02-08,1486277241559.7705,3399,3256,0,3381.0,51859360100000.016,2.865976824036766,4.7908,-1.9248231759632344
2025-02-09,1486277241559.7705,3399,3256,0,3381.0,51859360100000.016,2.865976824036766,4.7908,-1.9248231759632344
2025-02-10,1487262281176.7705,3399,3256,52,3379.0,52303420200000.0,2.8435277759842754,4.7908,-1.9472722240157243
2025-02-11,1488435650645.7705,3400,3256,39,3380.0,52194823699999.96,2.851692074296194,4.7908,-1.939107925703806
2025-02-12,1494363142721.7705,3400,3255,66,3380.0,52049342399999.99,2.87105095629752,4.7908,-1.91974904370248
2025-02-13,1494074389377.7705,3401,3252,100,3381.0,52662766600000.03,2.837060196107831,4.7908,-1.953739803892169
2025-02-14,1505577761164.7705,3400,3255,129,3380.0,52669661999999.984,2.8585293772433373,4.7908,-1.9322706227566624
2025-02-15,1505592313164.7705,3399,3254,0,3380.0,52669661999999.984,2.85855700605174,4.7908,-1.9322429939482608
2025-02-16,1505592313164.7705,3399,3254,0,3380.0,52669661999999.984,2.85855700605174,4.7908,-1.9322429939482608
2025-02-17,1505592313164.7705,3399,3254,0,3380.0,52669661999999.984,2.85855700605174,4.7908,-1.9322429939482608
2025-02-18,1504545128298.7705,3400,3254,69,3380.0,52805577099999.98,2.8492163345730592,4.7908,-1.9415836654269407
2025-02-19,1510261263967.7705,3398,3252,89,3378.0,52849727400000.02,2.8576519468816968,4.7908,-1.9331480531183032
2025-02-20,1511837515290.7705,3397,3251,138,3377.0,52599137799999.98,2.874262922406251,4.7908,-1.9165370775937487
2025-02-21,1518482747847.7705,3397,3250,103,3377.0,51542995900000.0,2.946050615284026,4.7908,-1.844749384715974
2025-02-22,1518482747847.7705,3397,3250,0,3377.0,51542995900000.0,2.946050615284026,4.7908,-1.844749384715974
2025-02-23,1518482747847.7705,3397,3250,0,3377.0,51542995900000.0,2.946050615284026,4.7908,-1.844749384715974
2025-02-24,1522630627323.7705,3398,3251,58,3378.0,51196387300000.016,2.974097797958821,4.7908,-1.8167022020411787
2025-02-25,1524936486414.7705,3397,3250,127,3377.0,50897719099999.99,2.996080204338215,4.7908,-1.794719795661785
2025-02-26,1531647369393.7705,3395,3249,148,3375.0,50914792300000.04,3.00825614758281,4.7908,-1.7825438524171902
2025-02-27,1547137318336.7705,3395,3251,231,3375.0,49936982000000.0,3.0981794581353963,4.7908,-1.6926205418646036
2025-02-28,1549708504159.7705,3396,3250,151,3376.0,50683622599999.96,3.057611955621679,4.7908,-1.7331880443783207
2025-03-01,1549711337159.7705,3395,3249,0,3376.0,50683622599999.96,3.0576175451984597,4.7908,-1.7331824548015409
2025-03-02,1549711337159.7705,3395,3249,0,3376.0,50683622599999.96,3.0576175451984597,4.7908,-1.7331824548015409
2025-03-03,1551316722541.7705,3395,3250,107,3375.0,49648630600000.07,3.124591159502732,4.4493,-1.3247088404972684
2025-03-04,1551330092505.7705,3395,3251,35,3375.0,49222813300000.01,3.151648572077391,4.4493,-1.297651427922609
2025-03-05,1551490012518.7705,3392,3250,49,3372.0,49859676300000.02,3.111712966573691,4.4493,-1.337587033426309
2025-03-06,1553000789504.7705,3395,3251,87,3375.0,48861542000000.03,3.178370403260645,4.4493,-1.270929596739355
2025-03-07,1553144518889.7705,3395,3251,44,3375.0,49159383999999.92,3.15940598216156,4.4493,-1.2898940178384404
2025-03-08,1553144518889.7705,3395,3251,0,3375.0,49159383999999.92,3.15940598216156,4.4493,-1.2898940178384404
2025-03-09,1553144518889.7705,3395,3251,0,3375.0,49159383999999.92,3.15940598216156,4.4493,-1.2898940178384404
2025-03-10,1553006626466.7705,3395,3252,35,3375.0,47700518800000.03,3.255743680646864,4.4493,-1.1935563193531364
2025-03-11,1549398440424.7705,3394,3253,73,3374.0,47416788700000.02,3.2676157177737544,4.4493,-1.1816842822262457
2025-03-12,1550301061445.7705,3393,3252,67,3373.0,47669397099999.984,3.2521935576268715,4.4493,-1.1971064423731286
2025-03-13,1552248776624.7705,3393,3253,73,3373.0,46868349800000.0,3.31193392395644,4.4493,-1.13736607604356
2025-03-14,1547983574642.7705,3393,3254,55,3373.0,47895602100000.055,3.231995228728461,4.4493,-1.217304771271539
2025-03-15,1547983574642.7705,3393,3254,0,3373.0,47895602100000.055,3.231995228728461,4.4493,-1.217304771271539
2025-03-16,1547983574642.7705,3393,3254,0,3373.0,47895602100000.055,3.231995228728461,4.4493,-1.217304771271539
2025-03-17,1547513004551.7705,3393,3255,71,3373.0,48231053800000.1,3.20854072765826,4.4493,-1.24075927234174
2025-03-18,1547544435819.7705,3394,3255,30,3374.0,47624400999999.99,3.249478005654644,4.4493,-1.199821994345356
2025-03-19,1547400218869.7705,3392,3254,27,3372.0,48197474599999.95,3.2105421118262734,4.4493,-1.238757888173727
2025-03-20,1548088793186.7705,3391,3254,63,3371.0,48052953000000.016,3.221630922842077,4.4493,-1.2276690771579228
2025-03-21,1549025076131.7705,3390,3254,43,3370.0,48123865799999.96,3.218829265648421,4.4493,-1.230470734351579
2025-03-22,1548749477131.7705,3389,3253,0,3370.0,48123865799999.96,3.2182565789047053,4.4493,-1.2310434210952947
2025-03-23,1548749477131.7705,3389,3253,0,3370.0,48123865799999.96,3.2182565789047053,4.4493,-1.2310434210952947
2025-03-24,1548695298852.7705,3389,3254,41,3369.0,49067689800000.04,3.156242539979474,4.4493,-1.2930574600205262
2025-03-25,1548716298965.7705,3389,3255,50,3369.0,49114433899999.96,3.1532813798058896,4.4493,-1.2960186201941104
2025-03-26,1550752596736.7705,3386,3251,50,3366.0,48445457000000.06,3.201027903889457,4.4493,-1.2482720961105431
2025-03-27,1550148867546.7705,3385,3252,94,3365.0,48231659199999.984,3.213965460153133,4.4493,-1.2353345398468671
2025-03-28,1550005444251.7705,3387,3257,77,3367.0,47248128600000.0,3.280564733841692,4.4493,-1.168735266158308
2025-03-29,1550159569251.7705,3385,3255,0,3367.0,47248128600000.0,3.280890937237608,4.4493,-1.1684090627623922
2025-03-30,1550159569251.7705,3385,3255,0,3367.0,47248128600000.0,3.280890937237608,4.4493,-1.1684090627623922
2025-03-31,1550258423910.7705,3387,3263,212,3367.0,47387970199999.984,3.2714176559323715,4.4493,-1.1778823440676285
2025-04-01,1549739703092.7705,3386,3262,28,3366.0,47646216299999.97,3.252597631960906,4.4493,-1.196702368039094
2025-04-02,1548726413579.7705,3386,3261,17,3366.0,47991161499999.98,3.227107586424577,4.4493,-1.2221924135754223
2025-04-03,1548627407449.7705,3385,3260,19,3365.0,45504948200000.016,3.403206615340724,4.4703,-1.0670933846592765
2025-04-04,1548136359596.7705,3384,3259,11,3364.0,42908093299999.98,3.608028790216067,4.4703,-0.8622712097839331
2025-04-05,1548159985496.7705,3382,3257,0,3364.0,42908093299999.98,3.608083851856384,4.4703,-0.8622161481436157
2025-04-06,1548159985496.7705,3382,3257,0,3364.0,42908093299999.98,3.608083851856384,4.4703,-0.8622161481436157
2025-04-07,1547977790462.7705,3382,3258,10,3362.0,42788861999999.984,3.617711988841327,4.4703,-0.852588011158673
2025-04-08,1549119176116.7705,3382,3257,14,3362.0,41969105499999.945,3.6910940980545135,4.4703,-0.7792059019454864
2025-04-09,1548768076948.7705,3382,3256,12,3362.0,46186382500000.01,3.353300243743424,4.4703,-1.1169997562565763
2025-04-10,1548770772516.7705,3383,3256,13,3363.0,44475128500000.016,3.482330067954204,4.4703,-0.9879699320457958
2025-04-11,1548163653986.7705,3382,3255,13,3362.0,45276136300000.016,3.419381114432173,4.4703,-1.0509188855678269
2025-04-12,1548100082986.7705,3381,3254,0,3362.0,45276136300000.016,3.4192407071333286,4.4703,-1.051059292866671
2025-04-13,1548100082986.7705,3381,3254,0,3362.0,45276136300000.016,3.4192407071333286,4.4703,-1.051059292866671
2025-04-14,1548101987310.7705,3381,3254,14,3361.0,45615375299999.97,3.3938161795870863,4.4703,-1.0764838204129137
2025-04-15,1548078676710.7705,3379,3252,59,3359.0,45519465099999.95,3.400915791321045,4.4703,-1.069384208678955
2025-04-16,1548649196963.7705,3377,3252,14,3357.0,44491443299999.93,3.480779858098631,4.4703,-0.989520141901369
2025-04-17,1549135460921.7705,3374,3249,13,3354.0,44589539900000.03,3.474212706379079,4.4703,-0.9960872936209212
2025-04-18,1549501768756.7705,3369,3244,9,3354.0,44589539900000.03,3.475034217064817,4.4703,-0.9952657829351828
2025-04-19,1549501768756.7705,3369,3244,0,3354.0,44589539900000.03,3.475034217064817,4.4703,-0.9952657829351828
2025-04-20,1549501768756.7705,3369,3244,0,3354.0,44589539900000.03,3.475034217064817,4.4703,-0.9952657829351828
2025-04-21,1550546830294.7705,3369,3244,7,3349.0,43503417799999.984,3.564195432697177,4.4703,-0.9061045673028224
2025-04-22,1548124025812.965,3366,3241,25,3346.0,44552693899999.98,3.4748157525284142,4.4703,-0.9954842474715856
2025-04-23,1556113279782.965,3366,3240,36,3346.0,45369774899999.945,3.4298457138322,4.4703,-1.0404542861678
2025-04-24,1559964635247.965,3366,3239,71,3346.0,46374258399999.945,3.3638589361204043,4.4703,-1.1064410638795956
2025-04-25,1568962926642.965,3366,3238,50,3346.0,46761176000000.016,3.355268324823492,4.4703,-1.115031675176508
2025-04-26,1568963868437.965,3365,3237,0,3346.0,46761176000000.016,3.355270338876774,4.4703,-1.1150296611232258
2025-04-27,1568963868437.965,3365,3237,0,3346.0,46761176000000.016,3.355270338876774,4.4703,-1.1150296611232258
2025-04-28,1569761789526.965,3365,3238,21,3345.0,46792318200000.016,3.3547425088397627,4.4703,-1.1155574911602373
2025-04-29,1566041676811.965,3365,3237,80,3345.0,47030158400000.02,3.3298668983686954,4.4703,-1.1404331016313043
2025-04-30,1565959478120.965,3366,3236,143,3346.0,47025756200000.05,3.3300038205892024,4.4703,-1.1402961794107975
2025-05-01,1557420384774.965,3368,3236,213,3348.0,47348860299999.97,3.289245770451979,4.4703,-1.181054229548021
2025-05-02,1543253768548.965,3369,3234,138,3349.0,48040983100000.0,3.21236925009756,4.4703,-1.25793074990244
2025-05-03,1543262113922.965,3367,3232,0,3349.0,48040983100000.0,3.212386621461469,4.7889,-1.576513378538531
2025-05-04,1543262113922.965,3367,3232,0,3349.0,48040983100000.0,3.212386621461469,4.7889,-1.576513378538531
2025-05-05,1541293913782.965,3367,3232,83,3347.0,47748949499999.97,3.2279116711938687,4.7889,-1.5609883288061313
2025-05-06,1542628978004.965,3367,3232,228,3347.0,47325664099999.98,3.2596034463359307,4.7889,-1.5292965536640692
2025-05-07,1550865901281.965,3367,3232,284,3347.0,47490970999999.97,3.265601584103148,4.7889,-1.523298415896852
2025-05-08,1548713302787.965,3365,3230,434,3345.0,47857827399999.945,3.236071060735129,4.7889,-1.552828939264871
2025-05-09,1548933433262.965,3367,3231,206,3347.0,47812199299999.984,3.2396197119988286,4.7889,-1.5492802880011711
2025-05-10,1548933433262.965,3367,3231,0,3347.0,47812199299999.984,3.2396197119988286,4.7889,-1.5492802880011711
2025-05-11,1548933433262.965,3367,3231,0,3347.0,47812199299999.984,3.2396197119988286,4.7889,-1.5492802880011711
2025-05-12,1550456574824.965,3367,3231,203,3347.0,49531290700000.01,3.13025675873406,4.7889,-1.6586432412659398
2025-05-13,1551087921997.965,3365,3228,196,3345.0,49948392000000.016,3.105381094146064,4.7889,-1.6835189058539362
2025-05-14,1551108333774.9158,3367,3229,193,3347.0,50027138399999.88,3.1005337970218974,4.7889,-1.6883662029781026
2025-05-15,1549809462534.9158,3367,3229,300,3347.0,50129831899999.945,3.09159118192638,4.7889,-1.69730881807362
2025-05-16,1549670294783.9158,3367,3228,17,3347.0,50514703800000.05,3.0677608264703204,4.7889,-1.7211391735296795
2025-05-17,1549670294783.9158,3367,3228,0,3347.0,50514703800000.05,3.0677608264703204,4.7889,-1.7211391735296795
2025-05-18,1549670294783.9158,3367,3228,0,3347.0,50514703800000.05,3.0677608264703204,4.7889,-1.7211391735296795
2025-05-19,1549699422145.9158,3367,3228,20,3347.0,50522827599999.95,3.067325198849158,4.7889,-1.721574801150842
2025-05-20,1550019648762.9158,3366,3227,54,3346.0,50339905799999.945,3.079107169809041,4.7889,-1.7097928301909584
2025-05-21,1549455404497.9158,3364,3224,16,3344.0,49505114599999.96,3.129889541752352,4.7889,-1.6590104582476477
2025-05-22,1549813765129.9158,3365,3222,17,3345.0,49537004100000.01,3.128598092047144,4.7889,-1.660301907952856
2025-05-23,1549526529129.9158,3367,3222,13,3347.0,49189156800000.02,3.150138424673941,4.7889,-1.6387615753260585
2025-05-24,1549522451129.9158,3366,3221,0,3347.0,49189156800000.02,3.150130134228922,4.7889,-1.638769865771078
2025-05-25,1549522451129.9158,3366,3221,0,3347.0,49189156800000.02,3.150130134228922,4.7889,-1.638769865771078
2025-05-26,1549522451129.9158,3366,3221,0,3347.0,49189156800000.02,3.150130134228922,4.7889,-1.638769865771078
2025-05-27,1549763309129.9158,3366,3221,5,3346.0,50254391200000.16,3.083836600392268,4.7889,-1.7050633996077322
2025-05-28,1559619365822.9158,3368,3221,21,3348.0,49978377500000.055,3.1205882300259025,4.7889,-1.6683117699740977
2025-05-29,1558264447310.9158,3369,3221,31,3349.0,50129949400000.016,3.108450070190805,4.7889,-1.6804499298091944
2025-05-30,1556855900135.9158,3368,3220,17,3348.0,50102835999999.92,3.1073209112073386,4.7889,-1.6815790887926614
2025-05-31,1556860440135.9158,3366,3218,0,3348.0,50102835999999.92,3.107329972570652,4.7889,-1.6815700274293484
2025-06-01,1556860440135.9158,3366,3218,0,3348.0,50102835999999.92,3.107329972570652,4.7889,-1.6815700274293484
2025-06-02,1556793318501.9158,3366,3218,12,3346.0,50333009000000.08,3.0929867882564173,4.7889,-1.695913211743583
2025-06-03,1557723987903.9158,3365,3217,13,3345.0,50712587800000.016,3.0716712664067902,4.981,-1.9093287335932096
2025-06-04,1556236752903.9158,3365,3217,20,3345.0,50802060600000.11,3.0633339170181464,4.981,-1.9176660829818533
2025-06-05,1556825004910.9158,3364,3216,22,3344.0,50516599899999.92,3.08180876779658,4.981,-1.89919123220342
2025-06-06,1557277962058.9158,3365,3216,25,3345.0,51058691599999.99,3.049976239616207,4.981,-1.931023760383793
2025-06-07,1557277962058.9158,3365,3216,0,3345.0,51058691599999.99,3.049976239616207,4.981,-1.931023760383793
2025-06-08,1557277962058.9158,3365,3216,0,3345.0,51058691599999.99,3.049976239616207,4.981,-1.931023760383793
2025-06-09,1557303823162.9158,3365,3216,20,3345.0,51188498900000.09,3.0422924223763728,4.981,-1.938707577623627
2025-06-10,1559316007623.9158,3366,3216,14,3346.0,51494510399999.98,3.0281208530995496,4.981,-1.9528791469004505
2025-06-11,1563185140623.9158,3366,3215,16,3346.0,51318114700000.055,3.046068916915832,4.981,-1.934931083084168
2025-06-12,1563075603876.9158,3367,3215,15,3347.0,51500317600000.07,3.0350795426490995,4.981,-1.9459204573509004
2025-06-13,1562929111419.9158,3369,3215,14,3349.0,50984029700000.016,3.0655268338271724,4.981,-1.9154731661728277
2025-06-14,1562929111419.9158,3369,3215,0,3349.0,50984029700000.016,3.0655268338271724,4.981,-1.9154731661728277
2025-06-15,1562929111419.9158,3369,3215,0,3349.0,50984029700000.016,3.0655268338271724,4.981,-1.9154731661728277
2025-06-16,1562956887759.9158,3369,3215,9,3349.0,51485042000000.0,3.035749466339982,4.981,-1.9452505336600177
2025-06-17,1562957831559.9158,3369,3215,8,3349.0,51044768299999.984,3.061935402222045,4.981,-1.9190645977779544
2025-06-18,1558181676559.9158,3370,3214,5,3350.0,51059342199999.91,3.051707306483707,4.981,-1.929292693516293
2025-06-19,1558185664993.9158,3369,3213,0,3350.0,51059342199999.91,3.051715117853435,4.981,-1.929284882146565
2025-06-20,1558185512563.9158,3369,3213,7,3349.0,50903803599999.99,3.061039455534745,4.981,-1.9199605444652548
2025-06-21,1558229887427.9158,3367,3211,0,3349.0,50903803599999.99,3.061126629499875,4.981,-1.9198733705001247
2025-06-22,1558229887427.9158,3367,3211,0,3349.0,50903803599999.99,3.061126629499875,4.981,-1.9198733705001247
2025-06-23,1558290829427.9158,3368,3211,7,3348.0,51346647900000.04,3.0348443241373007,4.981,-1.9461556758626992
2025-06-24,1558269142330.9158,3368,3211,3,3348.0,51921243300000.07,3.0012169264269404,4.981,-1.9797830735730595
2025-06-25,1558452522330.9158,3368,3210,10,3348.0,51885015000000.04,3.003665937710367,4.981,-1.977334062289633
2025-06-26,1561058120332.9158,3366,3208,21,3346.0,52347860599999.984,2.9820858053039823,4.981,-1.9989141946960176
2025-06-27,1560739877256.9158,3368,3208,15,3348.0,52619483400000.08,2.96608741935485,4.981,-2.01491258064515
2025-06-28,1560707764724.9158,3366,3206,0,3348.0,52619483400000.08,2.966026391518913,4.981,-2.0149736084810868
2025-06-29,1560707764724.9158,3366,3206,0,3348.0,52619483400000.08,2.966026391518913,4.981,-2.0149736084810868
2025-06-30,1560588981787.9158,3367,3206,7,3347.0,52837788899999.99,2.9535471000526976,4.981,-2.0274528999473023
2025-07-01,1558714089837.9158,3364,3201,4,3344.0,52712253600000.07,2.9570241896049643,4.981,-2.023975810395036
2025-07-02,1559000017837.9158,3363,3198,11,3343.0,53060072600000.06,2.9381792022612383,4.981,-2.0428207977387616
2025-07-03,1559004005070.9158,3363,3197,6,3343.0,53509428299999.97,2.913512729626597,4.8613,-1.9477872703734032
2025-07-04,1559004005070.9158,3363,3197,0,3343.0,53509428299999.97,2.913512729626597,4.8613,-1.9477872703734032
2025-07-05,1559004005070.9158,3363,3197,0,3343.0,53509428299999.97,2.913512729626597,4.8613,-1.9477872703734032
2025-07-06,1559004005070.9158,3363,3197,0,3343.0,53509428299999.97,2.913512729626597,4.8613,-1.9477872703734032
2025-07-07,1559004085387.9158,3363,3197,4,3343.0,53068828500000.01,2.9377020926473167,4.8613,-1.9235979073526832
2025-07-08,1559045567373.9158,3362,3196,5,3342.0,53110054000000.055,2.935499872347925,4.8613,-1.9258001276520749
2025-07-09,1559329324373.9158,3361,3194,6,3341.0,53466317700000.02,2.916470390056271,4.8613,-1.9448296099437288
2025-07-10,1558721096574.9158,3361,3194,16,3341.0,53554230099999.95,2.910547110217755,4.8613,-1.9507528897822448
2025-07-11,1558846978826.9158,3361,3193,5,3341.0,53369419799999.99,2.920861768159818,4.8613,-1.940438231840182
2025-07-12,1558846978826.9158,3361,3193,0,3341.0,53369419799999.99,2.920861768159818,4.8613,-1.940438231840182
2025-07-13,1558846978826.9158,3361,3193,0,3341.0,53369419799999.99,2.920861768159818,4.8613,-1.940438231840182
2025-07-14,1558852693161.9158,3361,3193,7,3341.0,53458267599999.81,2.9160179765382472,4.8613,-1.9452820234617527
2025-07-15,1558851759091.9158,3362,3193,10,3342.0,53283613300000.0,2.9255744168759588,4.8613,-1.9357255831240407
2025-07-16,1558847149091.9158,3361,3192,3,3341.0,53464898399999.94,2.915645957894344,4.8613,-1.945654042105656
2025-07-17,1557348009091.9158,3360,3191,10,3340.0,53741614999999.93,2.897843708440689,4.8613,-1.9634562915593108
2025-07-18,1555650396654.9158,3357,3187,13,3337.0,53660582299999.945,2.899056122719185,4.8613,-1.962243877280815
2025-07-19,1554519540654.9158,3355,3185,0,3337.0,53660582299999.945,2.896948698700419,4.8613,-1.964351301299581
2025-07-20,1554519540654.9158,3355,3185,0,3337.0,53660582299999.945,2.896948698700419,4.8613,-1.964351301299581
2025-07-21,1555637197471.9158,3355,3185,13,3335.0,53679127799999.92,2.8980299442792323,4.8613,-1.963270055720768
2025-07-22,1551977111542.9158,3355,3185,21,3335.0,53708218700000.04,2.8896454753263203,4.8613,-1.97165452467368
2025-07-23,1556920770686.9158,3356,3184,37,3336.0,54139050200000.18,2.875781464461138,4.8613,-1.985518535538862
2025-07-24,1550106735792.9158,3358,3185,76,3338.0,54119669199999.95,2.86422064049297,4.8613,-1.9970793595070293
2025-07-25,1545877436275.9158,3357,3183,43,3337.0,54314035999999.81,2.8461840623958072,4.8613,-2.0151159376041927
2025-07-26,1545990793263.9158,3355,3181,0,3337.0,54314035999999.81,2.846392769014479,4.8613,-2.014907230985521
2025-07-27,1545990793263.9158,3355,3181,0,3337.0,54314035999999.81,2.846392769014479,4.8613,-2.014907230985521
2025-07-28,1544506992537.9158,3355,3181,23,3335.0,54384048599999.95,2.840000022613096,4.8613,-2.021299977386904
2025-07-29,1551738869173.9158,3355,3181,81,3335.0,54208289500000.02,2.8625490372167435,4.8613,-1.9987509627832565
2025-07-30,1552051504748.9158,3356,3180,137,3336.0,54131196900000.086,2.867203375562001,4.8613,-1.994096624437999
2025-07-31,1551903206648.9158,3358,3179,185,3338.0,54025262000000.07,2.872551005211069,4.8613,-1.988748994788931
2025-08-01,1539819247409.9158,3359,3179,108,3339.0,53083541699999.93,2.900747007635924,4.8613,-1.960552992364076
2025-08-02,1539687890409.9158,3357,3177,0,3339.0,53083541699999.93,2.9004995542901346,4.8613,-1.9608004457098651
2025-08-03,1539687890409.9158,3357,3177,0,3339.0,53083541699999.93,2.9004995542901346,4.8221,-1.9216004457098648
2025-08-04,1544641424123.9158,3357,3177,80,3337.0,53925031999999.94,2.864423750594933,4.8221,-1.957676249405067
2025-08-05,1554163549303.9158,3356,3178,233,3336.0,53717106799999.85,2.8932376330139955,4.8221,-1.9288623669860043
2025-08-06,1548239492265.9158,3355,3180,338,3335.0,54137068800000.13,2.859850979345804,4.8221,-1.962249020654196
2025-08-07,1548260503874.9158,3357,3181,446,3337.0,54141798999999.97,2.8596399315710155,4.8221,-1.9624600684289843
2025-08-08,1546319045784.9158,3358,3182,218,3338.0,54483510500000.13,2.838141359824661,4.8221,-1.9839586401753389
2025-08-09,1546416394784.9158,3356,3180,0,3338.0,54483510500000.13,2.8383200359031786,4.8221,-1.9837799640968208
2025-08-10,1546416394784.9158,3356,3180,0,3338.0,54483510500000.13,2.8383200359031786,4.8221,-1.9837799640968208
2025-08-11,1547735652475.9158,3356,3182,157,3336.0,54340318899999.91,2.848227032535722,4.8221,-1.9738729674642768
2025-08-12,1546510268222.9158,3357,3186,181,3337.0,55028497300000.06,2.8103807010970554,4.8221,-2.0117192989029444
2025-08-13,1546132125610.9158,3356,3187,185,3336.0,55254550600000.02,2.798198716344125,4.8221,-2.0239012836558743
2025-08-14,1546159990348.9158,3355,3197,318,3335.0,55149637300000.07,2.803572364289898,4.8221,-2.018527635710101
2025-08-15,1545672823072.9158,3353,3195,34,3333.0,55074979900000.0,2.806488220021876,4.8221,-2.015611779978124
2025-08-16,1545685920072.9158,3352,3194,0,3333.0,55074979900000.0,2.806512000330146,4.8221,-2.015587999669854
2025-08-17,1545685920072.9158,3352,3194,0,3333.0,55074979900000.0,2.806512000330146,4.8221,-2.015587999669854
2025-08-18,1545738787976.9158,3352,3194,15,3332.0,55081016000000.055,2.8063004284033437,4.8221,-2.015799571596657
2025-08-19,1545385862236.9158,3350,3194,46,3330.0,54629495499999.984,2.82884886285819,4.8221,-1.9932511371418096
2025-08-20,1545819305132.9158,3349,3194,8,3329.0,54419593300000.0,2.840556519067032,4.8221,-1.981543480932968
2025-08-21,1545769927639.9158,3349,3193,14,3329.0,54224179000000.03,2.850702317945496,4.8221,-1.971397682054504
2025-08-22,1545657184496.9158,3349,3193,13,3329.0,55166474600000.086,2.8018052552825505,4.8221,-2.0202947447174493
2025-08-23,1545652115496.9158,3348,3192,0,3329.0,55166474600000.086,2.8017960667309225,4.8221,-2.0203039332690773
2025-08-24,1545652115496.9158,3348,3192,0,3329.0,55166474600000.086,2.8017960667309225,4.8221,-2.0203039332690773
2025-08-25,1545812255621.9158,3348,3192,10,3328.0,54931667700000.01,2.8140639458902057,4.8221,-2.008036054109794
2025-08-26,1545439018050.9158,3349,3193,10,3329.0,55140389900000.05,2.8027350202884844,4.8221,-2.0193649797115154
2025-08-27,1545788244911.9158,3350,3193,15,3330.0,55284887600000.16,2.7960412185262564,4.8221,-2.0260587814737434
2025-08-28,1548115021322.9158,3349,3192,29,3329.0,55519757000000.02,2.7884038133000386,4.8221,-2.033696186699961
2025-08-29,1548858006248.9158,3348,3190,22,3328.0,55084066900000.01,2.8118076485905137,4.8221,-2.010292351409486
2025-08-30,1548858006248.9158,3348,3190,0,3328.0,55084066900000.01,2.8118076485905137,4.8221,-2.010292351409486
2025-08-31,1548858006248.9158,3348,3190,0,3328.0,55084066900000.01,2.8118076485905137,4.8221,-2.010292351409486
2025-09-01,1548858006248.9158,3348,3190,0,3328.0,55084066900000.01,2.8118076485905137,4.8221,-2.010292351409486
2025-09-02,1549069761248.9158,3348,3190,9,3328.0,54730106400000.05,2.83037959021566,4.8221,-1.99172040978434
2025-09-03,1550089213248.9158,3348,3190,13,3328.0,55047128700000.01,2.8159310936937487,4.8968,-2.080868906306251
2025-09-04,1550490876248.9158,3348,3189,22,3328.0,55505743900000.06,2.793388156444317,4.8968,-2.103411843555683
2025-09-05,1550794973248.9158,3348,3189,25,3328.0,55561263699999.87,2.7911441712743468,4.8968,-2.105655828725653
2025-09-06,1550788973248.9158,3347,3188,0,3328.0,55561263699999.87,2.791133372383896,4.8968,-2.105666627616104
2025-09-07,1550788973248.9158,3347,3188,0,3328.0,55561263699999.87,2.791133372383896,4.8968,-2.105666627616104
2025-09-08,1552210587248.9158,3347,3188,13,3327.0,55730243000000.07,2.785221279671997,4.8968,-2.1115787203280023
2025-09-09,1552426784889.9158,3348,3188,29,3328.0,55850878000000.04,2.7795924441687645,4.8968,-2.1172075558312358
2025-09-10,1549498246462.9158,3349,3189,20,3329.0,56093160199999.945,2.762365751792528,4.8968,-2.134434248207472
2025-09-11,1549747060370.9158,3349,3188,22,3329.0,56553728999999.99,2.7403092382659966,4.8968,-2.1564907617340032
2025-09-12,1549630016791.9158,3350,3185,17,3330.0,56478869499999.94,2.7437341266044952,4.8968,-2.1530658733955046
2025-09-13,1549630016791.9158,3350,3185,0,3330.0,56478869499999.94,2.7437341266044952,4.8968,-2.1530658733955046
2025-09-14,1549630016791.9158,3350,3185,0,3330.0,56478869499999.94,2.7437341266044952,4.8968,-2.1530658733955046
2025-09-15,1549542754836.9158,3350,3185,21,3330.0,56832614499999.97,2.7265026753905834,4.8968,-2.1702973246094164
2025-09-16,1549564773546.9158,3349,3184,5,3329.0,56825994299999.95,2.72685905919453,4.8968,-2.16994094080547
2025-09-17,1549340601546.9158,3351,3184,10,3331.0,56687036899999.98,2.7331479757533708,4.8968,-2.163652024246629
2025-09-18,1550054309455.9158,3351,3183,7,3331.0,57076588699999.84,2.7157444843158967,4.8968,-2.181055515684103
2025-09-19,1550410219266.9158,3353,3183,10,3333.0,57310311700000.03,2.7052901533371263,4.8968,-2.191509846662873
2025-09-20,1550334224266.9158,3352,3182,0,3333.0,57310311700000.03,2.7051575506732326,4.8968,-2.191642449326767
2025-09-21,1550334224266.9158,3352,3182,0,3333.0,57310311700000.03,2.7051575506732326,4.8968,-2.191642449326767
2025-09-22,1550331218176.9158,3352,3182,5,3332.0,57600365599999.94,2.691530170039264,4.8968,-2.205269829960736
2025-09-23,1550315721501.9158,3352,3182,7,3332.0,57248068399999.945,2.7080664288437672,4.8968,-2.188733571156233
2025-09-24,1550422466289.9158,3351,3181,9,3331.0,57030499700000.05,2.7185847475397704,4.8968,-2.1782152524602294
2025-09-25,1550460317026.9158,3352,3180,6,3332.0,56680690900000.04,2.7354294600295965,4.8968,-2.1613705399704037
2025-09-26,1551067155958.9158,3353,3179,13,3333.0,57005252199999.98,2.7209197330047363,4.8968,-2.1758802669952635
2025-09-27,1552723955958.9158,3352,3178,0,3333.0,57005252199999.98,2.7238261318645938,4.8968,-2.172973868135406
2025-09-28,1552723955958.9158,3352,3178,0,3333.0,57005252199999.98,2.7238261318645938,4.8968,-2.172973868135406
2025-09-29,1552758736738.9158,3353,3177,30,3333.0,57137370600000.01,2.717588717214991,4.8968,-2.1792112827850088
2025-09-30,1553172447738.9158,3355,3177,9,3335.0,57379790999999.89,2.7068283461313385,4.8968,-2.1899716538686613
2025-10-01,1552780556838.9158,3357,3177,9,3337.0,57711834800000.03,2.6905756197495125,4.8968,-2.2062243802504877
2025-10-02,1552926842838.9158,3355,3174,1,3335.0,57803640000000.04,2.686555453668514,4.8968,-2.2102445463314857
2025-10-03,1551719022042.9158,3357,3174,6,3337.0,57742290100000.15,2.687318115293996,4.7114,-2.0240818847060043
2025-10-04,1551719022042.9158,3357,3174,0,3337.0,57742290100000.15,2.687318115293996,4.7114,-2.0240818847060043
2025-10-05,1551719022042.9158,3357,3174,0,3337.0,57742290100000.15,2.687318115293996,4.7114,-2.0240818847060043
2025-10-06,1551717091262.9158,3358,3174,6,3338.0,57994086800000.09,2.675647082114091,4.7114,-2.035752917885909
2025-10-07,1551584968440.9158,3355,3170,7,3335.0,57652962199999.98,2.691249346492237,4.7114,-2.020150653507763
2025-10-08,1552044761735.9158,3356,3171,9,3336.0,58136816900000.05,2.669641794124292,4.7114,-2.0417582058757087
2025-10-09,1552822004837.9158,3358,3171,16,3338.0,57965894199999.984,2.6788545683090943,4.7114,-2.032545431690906
2025-10-10,1552753204837.9158,3358,3171,8,3338.0,56299201200000.03,2.758037719437332,4.7114,-1.9533622805626685
2025-10-11,1552906030239.9158,3355,3168,0,3338.0,56299201200000.03,2.758309171604934,4.7114,-1.9530908283950663
2025-10-12,1552906030239.9158,3355,3168,0,3338.0,56299201200000.03,2.758309171604934,4.7114,-1.9530908283950663
2025-10-13,1552906030239.9158,3355,3168,0,3335.0,57289899600000.01,2.710610493441876,4.7114,-2.000789506558124
2025-10-14,1553078091530.9158,3355,3168,20,3335.0,57154491300000.03,2.7173334172093577,4.7114,-1.9940665827906423
2025-10-15,1552996287987.9158,3354,3167,8,3334.0,57469062100000.03,2.7023170924307025,4.7114,-2.0090829075692977
2025-10-16,1552239056252.9158,3355,3167,11,3335.0,57247030000000.1,2.7114752612544493,4.7114,-1.999924738745551
2025-10-17,1552417332252.9158,3355,3167,11,3335.0,57428670200000.09,2.703209610890334,4.7114,-2.008190389109666
2025-10-18,1552411702252.9158,3354,3166,0,3335.0,57428670200000.09,2.703199807424608,4.7114,-2.0082001925753925
2025-10-19,1552411702252.9158,3354,3166,0,3335.0,57428670200000.09,2.703199807424608,4.7114,-2.0082001925753925
2025-10-20,1552422965600.9158,3354,3166,7,3334.0,58064219600000.09,2.67363098358238,4.7114,-2.03776901641762
2025-10-21,1559646508510.9158,3354,3166,22,3334.0,58070901099999.95,2.6857625402181284,4.7114,-2.025637459781872
2025-10-22,1561517650417.9158,3354,3165,30,3334.0,57691781400000.02,2.706655285249893,4.7114,-2.0047447147501067
2025-10-23,1571326687720.9158,3354,3164,53,3334.0,58172096599999.96,2.701169082018125,4.7114,-2.010230917981876
2025-10-24,1577947998467.9158,3353,3163,37,3333.0,58602301300000.16,2.6926382811999083,4.7114,-2.018761718800092
2025-10-25,1577987675773.9158,3352,3162,0,3333.0,58602301300000.16,2.692705987254312,4.7114,-2.018694012745688
2025-10-26,1577987675773.9158,3352,3162,0,3333.0,58602301300000.16,2.692705987254312,4.7114,-2.018694012745688
2025-10-27,1577742429773.9158,3353,3162,19,3333.0,59368533099999.87,2.657539857210855,4.7114,-2.053860142789145
2025-10-28,1569918665997.9158,3353,3163,94,3333.0,59528708100000.03,2.6372463238420503,4.7114,-2.07415367615795
2025-10-29,1583104802508.9158,3354,3164,120,3334.0,59572133999999.92,2.657458607255732,4.7114,-2.0539413927442687
2025-10-30,1602926438367.9158,3356,3164,202,3336.0,58789328400000.1,2.7265602142308416,4.7114,-1.9848397857691584
2025-10-31,1601796443527.9158,3354,3162,110,3334.0,59036183699999.95,2.713245239000632,4.7114,-1.9981547609993684
2025-11-01,1601796443527.9158,3354,3162,0,3334.0,59036183699999.95,2.713245239000632,4.7114,-1.9981547609993684
2025-11-02,1601796443527.9158,3354,3162,0,3334.0,59036183699999.95,2.713245239000632,4.7114,-1.9981547609993684
2025-11-03,1598077230904.9158,3357,3163,79,3337.0,59142142799999.85,2.702095587420819,4.6908,-1.9887044125791813
2025-11-04,1598055389703.9158,3357,3161,210,3337.0,58237744199999.88,2.744020070928364,4.6908,-1.9467799290716363
2025-11-05,1604073049960.9158,3359,3163,312,3339.0,58500355700000.06,2.7419885413806364,4.6908,-1.948811458619364
2025-11-06,1611798153119.9158,3360,3163,442,3339.0,57789591099999.95,2.789080390499453,4.6908,-1.9017196095005475
2025-11-07,1613114929307.9158,3362,3165,213,3341.0,57825784799999.92,2.789611822627469,4.6908,-1.9011881773725308
2025-11-08,1613119609307.9158,3361,3164,0,3341.0,57825784799999.92,2.7896199159028416,4.6908,-1.9011800840971589
2025-11-09,1613119609307.9158,3361,3164,0,3341.0,57825784799999.92,2.7896199159028416,4.6908,-1.9011800840971589
2025-11-10,1603080415544.9158,3361,3164,193,3340.0,58824501999999.92,2.725191648107651,4.6908,-1.9656083518923493
2025-11-11,1603080415544.9158,3362,3164,0,3341.0,58917747900000.02,2.72087863620618,4.6908,-1.96992136379382
2025-11-12,1602691531645.9158,3363,3171,264,3342.0,58833724700000.03,2.7241034624583524,4.6908,-1.966696537541648
2025-11-13,1601188115498.9158,3365,3173,234,3344.0,57743320600000.086,2.7729408334353973,4.6908,-1.917859166564603
2025-11-14,1601493143532.9158,3364,3177,250,3343.0,57784857200000.04,2.7714754714889467,4.6908,-1.9193245285110536
2025-11-15,1601104143532.9158,3363,3176,0,3343.0,57784857200000.04,2.770802284742714,4.6908,-1.9199977152572865
2025-11-16,1601104143532.9158,3363,3176,0,3343.0,57784857200000.04,2.770802284742714,4.6908,-1.9199977152572865
2025-11-17,1601136825730.9158,3363,3177,21,3342.0,57255035900000.02,2.796499557746177,4.6908,-1.8943004422538228
2025-11-18,1600699999638.9158,3363,3178,26,3342.0,56794395399999.88,2.8184119020288385,4.6908,-1.8723880979711616
2025-11-19,1605659628546.9158,3362,3175,54,3341.0,56975237499999.99,2.8181710142882967,4.6908,-1.872628985711704
2025-11-20,1607962810173.9158,3362,3175,22,3341.0,56021439500000.03,2.87026328585133,4.6908,-1.82053671414867
2025-11-21,1608097544775.9158,3362,3176,15,3341.0,56627145399999.945,2.839799769910205,4.6908,-1.8510002300897952
2025-11-22,1608137315775.9158,3360,3174,0,3341.0,56627145399999.945,2.839870003010813,4.6908,-1.8509299969891877
2025-11-23,1608137315775.9158,3360,3174,0,3341.0,56627145399999.945,2.839870003010813,4.6908,-1.8509299969891877
2025-11-24,1609005146775.9158,3360,3174,5,3339.0,57629517300000.08,2.7919809537879186,4.6908,-1.8988190462120815
2025-11-25,1612537181950.9158,3360,3173,28,3339.0,58244822199999.92,2.7685502694365134,4.6908,-1.922249730563487
2025-11-26,1612468845812.5574,3360,3172,17,3339.0,58634361399999.95,2.7500407735532337,4.6908,-1.9407592264467664
2025-11-27,1611561469812.5574,3357,3169,0,3339.0,58634361399999.95,2.7484932577649914,4.6908,-1.9423067422350089
2025-11-28,1611560572245.5574,3357,3169,3,3336.0,58943831599999.88,2.7340614420552205,4.6908,-1.95673855794478
2025-11-29,1611589676245.5574,3355,3167,0,3336.0,58943831599999.88,2.7341108178748947,4.6908,-1.9566891821251056
2025-11-30,1611589676245.5574,3355,3167,0,3336.0,58943831599999.88,2.7341108178748947,4.6908,-1.9566891821251056
2025-12-01,1611626714546.5574,3355,3167,4,3334.0,58661016600000.03,2.747355582900956,4.6908,-1.9434444170990448
2025-12-02,1611989688546.5574,3356,3167,7,3335.0,58807017700000.02,2.7411519094030794,4.6908,-1.949648090596921
2025-12-03,1613813812260.5574,3358,3166,13,3337.0,59011607700000.05,2.734739613373652,4.7308,-1.9960603866263489
2025-12-04,1615194809590.5574,3359,3165,24,3338.0,59110460699999.87,2.732502488498725,4.7308,-1.998297511501275
2025-12-05,1615291449590.5574,3360,3165,18,3339.0,59260228100000.016,2.7257597572267143,4.7308,-2.005040242773286
2025-12-06,1616094549590.5574,3359,3164,0,3339.0,59260228100000.016,2.7271149663201464,4.7308,-2.003685033679854
2025-12-07,1616094549590.5574,3359,3164,0,3339.0,59260228100000.016,2.7271149663201464,4.7308,-2.003685033679854
2025-12-08,1615984960590.5574,3359,3164,12,3338.0,59056269099999.95,2.7363478682580014,4.7308,-1.994452131741999
2025-12-09,1615888017348.5574,3358,3163,34,3337.0,59032748500000.09,2.737273900347965,4.7308,-1.9935260996520352
2025-12-10,1616537580137.5574,3355,3159,28,3334.0,59388442699999.96,2.7219733447187333,4.7308,-2.008826655281267
2025-12-11,1609368137635.5574,3356,3160,24,3335.0,59400981099999.88,2.7093292195397103,4.7308,-2.02147078046029
2025-12-12,1608780207553.5574,3358,3159,18,3337.0,58602669400000.03,2.7452336626043805,4.7308,-1.98556633739562
2025-12-13,1608623907043.5574,3356,3157,0,3337.0,58602669400000.03,2.7449669503341028,4.7308,-1.9858330496658976
2025-12-14,1608623907043.5574,3356,3157,0,3337.0,58602669400000.03,2.7449669503341028,4.7308,-1.9858330496658976
2025-12-15,1608597958070.5574,3356,3158,19,3335.0,58407546899999.92,2.7540926531714343,4.7308,-1.976707346828566
2025-12-16,1608626766149.5574,3357,3158,7,3336.0,58302832300000.016,2.759088542855502,4.7308,-1.9717114571444985
2025-12-17,1609556120419.5574,3360,3158,16,3339.0,57605712800000.0,2.794091145105243,4.7308,-1.9367088548947573
2025-12-18,1614757359097.5574,3363,3157,14,3342.0,58140717000000.055,2.777326187940812,4.7308,-1.953473812059188
2025-12-19,1614996646272.5574,3362,3157,22,3341.0,58737936999999.94,2.74949500911576,4.7308,-1.9813049908842408
2025-12-20,1615121451272.5574,3360,3155,0,3341.0,58737936999999.94,2.7497074867858555,4.7308,-1.9810925132141448
2025-12-21,1615121451272.5574,3360,3155,0,3341.0,58737936999999.94,2.7497074867858555,4.7308,-1.9810925132141448
2025-12-22,1615499676185.5574,3360,3156,13,3339.0,59121297900000.01,2.7325172713868264,4.7308,-1.998282728613174
2025-12-23,1616695548333.5574,3360,3155,13,3339.0,59325343799999.945,2.725134731260603,4.7308,-2.005665268739397
2025-12-24,1616791383333.5574,3357,3152,0,3336.0,59488721799999.85,2.7178116026247543,4.7308,-2.012988397375246
2025-12-25,1616791383333.5574,3357,3152,0,3336.0,59488721799999.85,2.7178116026247543,4.7308,-2.012988397375246
2025-12-26,1616791383333.5574,3357,3152,0,3336.0,59461830399999.85,2.719040723195701,4.7308,-2.011759276804299
2025-12-27,1616791993333.5574,3356,3151,0,3336.0,59461830399999.85,2.719041749063886,4.7308,-2.0117582509361145
2025-12-28,1616791993333.5574,3356,3151,0,3336.0,59461830399999.85,2.719041749063886,4.7308,-2.0117582509361145
2025-12-29,1616793230183.5574,3356,3151,8,3335.0,59236308500000.125,2.7293956546660127,4.7308,-2.001404345333988
2025-12-30,1616163230183.5574,3356,3151,3,3335.0,59147652899999.98,2.7324215770928046,4.7308,-1.998378422907196
2025-12-31,1616234440276.5574,3355,3150,4,3335.0,58697641900000.02,2.753491261250406,4.7308,-1.9773087387495945
2026-01-01,1616234440276.5574,3355,3150,0,3335.0,58697641900000.02,2.753491261250406,4.7308,-1.9773087387495945
2026-01-02,1616234440276.5574,3355,3150,1,3335.0,58845426399999.88,2.746576138798377,4.7308,-1.9842238612016236
2026-01-03,1616254572750.5574,3352,3147,0,3335.0,58845426399999.88,2.7466103512686257,4.8702,-2.123589648731374
2026-01-04,1616254572750.5574,3352,3147,0,3335.0,58845426399999.88,2.7466103512686257,4.8702,-2.123589648731374
2026-01-05,1616255572750.5574,3353,3147,1,3333.0,59171112900000.05,2.731494294322384,4.8702,-2.138705705677616
2026-01-06,1616349528748.5574,3353,3145,4,3333.0,59606263099999.97,2.711710891918937,4.8702,-2.158489108081062
2026-01-07,1616275965748.5574,3353,3144,13,3333.0,59550495700000.08,2.7141268040671496,4.8702,-2.15607319593285
2026-01-08,1616448863119.5574,3352,3143,15,3332.0,59539414099999.98,2.7149223544669683,4.8702,-2.155277645533032
2026-01-09,1616536628119.5574,3353,3142,13,3333.0,60026740900000.05,2.69302748055668,4.8702,-2.17717251944332
2026-01-10,1616536628119.5574,3353,3142,0,3333.0,60026740900000.05,2.69302748055668,4.8702,-2.17717251944332
2026-01-11,1616536628119.5574,3353,3142,0,3333.0,60026740900000.05,2.69302748055668,4.8702,-2.17717251944332
2026-01-12,1616527908119.5574,3353,3142,5,3333.0,60241957399999.93,2.683392070722389,4.8702,-2.186807929277611
2026-01-13,1616543135457.5574,3353,3142,10,3333.0,60266751600000.03,2.682313369379538,4.8702,-2.187886630620462
2026-01-14,1616582330401.5574,3354,3142,9,3334.0,59939661800000.2,2.697016102285636,4.8702,-2.173183897714364
2026-01-15,1616816819401.5574,3354,3142,2,3334.0,60066685199999.984,2.691703086358356,4.8702,-2.178496913641644
2026-01-16,1616856218192.5574,3354,3140,9,3334.0,60011867499999.945,2.694227467913007,4.8702,-2.1759725320869925
2026-01-17,1616845176192.5574,3352,3138,0,3334.0,60011867499999.945,2.69420906821898,4.8702,-2.1759909317810195
2026-01-18,1616845176192.5574,3352,3138,0,3334.0,60011867499999.945,2.69420906821898,4.8702,-2.1759909317810195
2026-01-19,1616845176192.5574,3352,3138,0,3334.0,60011867499999.945,2.69420906821898,4.8702,-2.1759909317810195
2026-01-20,1617137407052.5574,3352,3138,12,3332.0,58816940500000.0,2.7494415610627647,4.8702,-2.120758438937235
2026-01-21,1618563888101.5574,3350,3135,7,3330.0,59559990100000.01,2.7175355223935087,4.8702,-2.152664477606491
2026-01-22,1619157159101.5574,3350,3134,7,3330.0,59934493799999.984,2.7015447306598555,4.8702,-2.168655269340144
2026-01-23,1623832634101.5574,3353,3132,14,3333.0,60008594799999.82,2.7060000980085643,4.8702,-2.1641999019914357
2026-01-24,1623832634101.5574,3353,3132,0,3333.0,60008594799999.82,2.7060000980085643,4.8702,-2.1641999019914357
2026-01-25,1623832634101.5574,3353,3132,0,3333.0,60008594799999.82,2.7060000980085643,4.8702,-2.1641999019914357
2026-01-26,1625227834101.5574,3353,3132,15,3333.0,60223283400000.03,2.6986702523455515,4.8702,-2.171529747654448
2026-01-27,1630802884101.5574,3355,3131,9,3335.0,60507536599999.94,2.695206210231932,4.8702,-2.174993789768068
2026-01-28,1631192134774.5574,3358,3132,29,3338.0,60440025599999.91,2.698860760864006,4.8702,-2.171339239135994
2026-01-29,1636441341487.5574,3360,3131,30,3340.0,60416468300000.07,2.70860145839997,4.8702,-2.16159854160003
2026-01-30,1665735746305.5574,3361,3129,28,3341.0,60021061999999.99,2.7752520378689027,4.8702,-2.094947962131097
2026-01-31,1665429744305.5574,3358,3126,0,3341.0,60021061999999.99,2.7747422135009168,4.8702,-2.095457786499083
2026-02-01,1665429744305.5574,3358,3126,0,3341.0,60021061999999.99,2.7747422135009168,4.8702,-2.095457786499083
2026-02-02,1662415394305.5574,3360,3126,12,3340.0,60302035900000.0,2.7568147069899465,4.8702,-2.113385293010053
2026-02-03,1665048284711.5574,3359,3126,38,3339.0,59843926600000.0,2.7823179047739117,4.8942,-2.1118820952260884
2026-02-04,1672480348070.5574,3357,3122,49,3337.0,59401787500000.05,2.815538754739588,4.8942,-2.0786612452604123
2026-02-05,1676772561406.5574,3362,3122,88,3342.0,58613738199999.84,2.8607159565307536,4.8942,-2.033484043469246
2026-02-06,1678023669873.5574,3366,3122,50,3346.0,59900110700000.0,2.801369897758065,4.8942,-2.092830102241935
2026-02-07,1678023669873.5574,3366,3122,0,3346.0,59900110700000.0,2.801369897758065,4.8942,-2.092830102241935
2026-02-08,1678023669873.5574,3366,3122,0,3346.0,59900110700000.0,2.801369897758065,4.8942,-2.092830102241935
2026-02-09,1678750245769.5574,3366,3123,47,3346.0,60308704099999.99,2.783595288311887,4.8942,-2.110604711688113
2026-02-10,1680992509779.5574,3364,3120,46,3344.0,60115926200000.06,2.796251536052281,4.8942,-2.0979484639477186
2026-02-11,1682378218266.5574,3367,3120,71,3347.0,60154645700000.01,2.796755260860188,4.8942,-2.0974447391398114
2026-02-12,1684341403287.5574,3371,3120,104,3351.0,59167666799999.99,2.8467260826441065,4.8942,-2.047473917355893
2026-02-13,1682526489602.5574,3370,3118,91,3350.0,59265335699999.92,2.838972343157688,4.8942,-2.055227656842312
2026-02-14,1682485682602.5574,3369,3117,0,3350.0,59265335699999.92,2.83890348840555,4.8942,-2.0552965115944497
2026-02-15,1682485682602.5574,3369,3117,0,3350.0,59265335699999.92,2.83890348840555,4.8942,-2.0552965115944497
2026-02-16,1682485682602.5574,3369,3117,0,3350.0,59265335699999.92,2.83890348840555,4.8942,-2.0552965115944497
2026-02-17,1681889838681.5574,3369,3117,101,3349.0,59214634999999.96,2.840327967370834,4.8942,-2.0538720326291657
2026-02-18,1680636439681.5574,3370,3118,73,3350.0,59582232799999.97,2.820700669817057,4.8942,-2.0734993301829427
2026-02-19,1682511076784.5574,3374,3121,111,3354.0,59497684400000.1,2.827859762529774,4.8942,-2.066340237470225
2026-02-20,1685464958674.0,3374,3119,80,3354.0,59872339700000.0,2.8150978684302195,4.8942,-2.07910213156978
2026-02-21,1685464958674.0,3374,3119,0,3354.0,59872339700000.0,2.8150978684302195,4.8942,-2.07910213156978
2026-02-22,1685464958674.0,3374,3119,0,3354.0,59872339700000.0,2.8150978684302195,4.8942,-2.07910213156978
2026-02-23,1685446408660.0,3374,3119,55,3354.0,59372962899999.98,2.8387439776228525,4.8942,-2.055456022377147
2026-02-24,1677808462016.0,3374,3118,123,3354.0,59883137500000.055,2.8018045347340035,4.8942,-2.092395465265996
2026-02-25,1703076614158.0,3375,3118,137,3355.0,60283502400000.016,2.82511225518642,4.8942,-2.06908774481358
2026-02-26,1710928991331.0,3379,3124,247,3359.0,59924710199999.984,2.8551310229465248,4.8942,-2.039068977053475
2026-02-27,1708976004600.0,3381,3125,159,3361.0,59757757499999.93,2.859839585847916,4.8942,-2.034360414152084
2026-02-28,1709022149833.0,3379,3123,0,3361.0,59757757499999.93,2.8599168063376577,4.8942,-2.034283193662342
2026-03-01,1709022149833.0,3379,3123,0,3361.0,59757757499999.93,2.8599168063376577,4.8942,-2.034283193662342
2026-03-02,1700627764228.0,3380,3125,88,3360.0,59910239900000.04,2.8386261965677737,4.8942,-2.055573803432226
2026-03-03,1702498807803.0,3380,3127,53,3360.0,59253987100000.09,2.8732223621167887,4.7039,-1.8306776378832117
2026-03-04,1703150463893.0,3380,3127,52,3360.0,59745356700000.03,2.8506825600607706,4.7039,-1.8532174399392292
2026-03-05,1703651065805.0,3379,3127,81,3359.0,59350369200000.01,2.870497839809562,4.7039,-1.8334021601904376
2026-03-06,1703557198574.0,3379,3132,46,3359.0,58543486200000.14,2.909900501576204,4.7039,-1.793999498423796
2026-03-07,1703557198574.0,3379,3132,0,3359.0,58543486200000.14,2.909900501576204,4.7039,-1.793999498423796
2026-03-08,1703557198574.0,3379,3132,0,3359.0,58543486200000.14,2.909900501576204,4.7039,-1.793999498423796
2026-03-09,1703464517811.0,3379,3135,49,3359.0,59149170999999.984,2.879946563935783,4.7039,-1.823953436064217
2026-03-10,1705387520562.0,3378,3136,55,3358.0,59032027500000.05,2.888919105077322,4.7039,-1.814980894922678
2026-03-11,1695788353451.0,3378,3136,46,3358.0,59078870000000.03,2.8703804819743493,4.7039,-1.8335195180256507
2026-03-12,1696601312593.0,3378,3139,108,3358.0,58098030599999.87,2.9202389393781,4.7039,-1.7836610606219
2026-03-13,1696130734785.0,3378,3140,47,3358.0,57695627499999.97,2.9397907749335097,4.7039,-1.7641092250664905
2026-03-14,1696130734785.0,3378,3140,0,3358.0,57695627499999.97,2.9397907749335097,4.7039,-1.7641092250664905
2026-03-15,1696130734785.0,3378,3140,0,3358.0,57695627499999.97,2.9397907749335097,4.7039,-1.7641092250664905
2026-03-16,1700347351510.0,3378,3145,83,3358.0,58286356400000.0,2.917230474729074,4.7039,-1.7866695252709262
2026-03-17,1700189492084.0,3378,3142,50,3358.0,58458101099999.99,2.908389872561222,4.7039,-1.795510127438778
2026-03-18,1698668573735.0,3376,3141,35,3356.0,57615721900000.1,2.9482726549591267,4.7039,-1.7556273450408733
2026-03-19,1704969835536.0,3376,3144,59,3356.0,57464991199999.984,2.96697136801441,4.7039,-1.73692863198559
2026-03-20,1705264835710.0,3377,3148,32,3357.0,56449403600000.04,3.020873077408384,4.7039,-1.6830269225916163
2026-03-21,1704625488710.0,3375,3146,0,3357.0,56449403600000.04,3.0197404755397605,4.7039,-1.6841595244602394
2026-03-22,1704625488710.0,3375,3146,0,3357.0,56449403600000.04,3.0197404755397605,4.7039,-1.6841595244602394
2026-03-23,1705331276814.0,3375,3146,35,3355.0,57175100999999.96,2.9826467238142724,4.7039,-1.7212532761857275
2026-03-24,1705178627620.0,3375,3148,34,3355.0,56901253899999.945,2.9967329553347537,4.7039,-1.7071670446652465
2026-03-25,1705987599596.0,3376,3153,58,3356.0,57298378899999.94,2.9773749839823163,4.7039,-1.7265250160176835
2026-03-26,1706100654759.0,3375,3160,75,3355.0,56183697099999.91,3.0366471820506145,4.7039,-1.6672528179493855
2026-03-27,1706624469847.0,3378,3167,76,3358.0,55249251999999.99,3.0889548872933164,4.7039,-1.6149451127066836
2026-03-28,1706624469847.0,3378,3167,0,3358.0,55249251999999.99,3.0889548872933164,4.7039,-1.6149451127066836
2026-03-29,1706624469847.0,3378,3167,0,3358.0,55249251999999.99,3.0889548872933164,4.7039,-1.6149451127066836
2026-03-30,1706050275062.0,3378,3174,100,3358.0,54879311700000.05,3.10873118159388,4.7039,-1.59516881840612
2026-03-31,1708336003878.2102,3380,3189,204,3360.0,56619679899999.86,3.0172124019341453,4.7039,-1.6866875980658549
2026-04-01,1706438270926.2102,3379,3189,33,3359.0,57077556599999.95,2.98968346330055,4.7039,-1.7142165366994502
2026-04-02,1706444940926.2102,3378,3188,11,3358.0,57130429099999.96,2.9869282758917897,4.7039,-1.7169717241082103
2026-04-03,1706339468546.2102,3376,3186,7,3358.0,57130429099999.96,2.98674365907434,4.905,-1.9182563409256608
2026-04-04,1706339468546.2102,3376,3186,0,3358.0,57130429099999.96,2.98674365907434,4.905,-1.9182563409256608
2026-04-05,1706339468546.2102,3376,3186,0,3358.0,57130429099999.96,2.98674365907434,4.905,-1.9182563409256608
2026-04-06,1706337438258.2102,3376,3186,8,3356.0,57371438500000.0,2.974193227276688,4.905,-1.9308067727233125
2026-04-07,1705691187258.2102,3377,3185,11,3357.0,57363691299999.99,2.973468318727617,4.905,-1.931531681272383
2026-04-08,1706150786792.2102,3376,3184,15,3356.0,58796826200000.03,2.90177361102564,4.905,-2.0032263889743605
2026-04-09,1705764291961.2102,3375,3183,20,3355.0,59108312700000.03,2.885828090912853,4.905,-2.0191719090871474
2026-04-10,1705689257260.2102,3374,3183,12,3354.0,59083013300000.0,2.886936806353122,4.905,-2.0180631936468783
2026-04-11,1705689257260.2102,3374,3183,0,3354.0,59083013300000.0,2.886936806353122,4.905,-2.0180631936468783
2026-04-12,1705689257260.2102,3374,3183,0,3354.0,59083013300000.0,2.886936806353122,4.905,-2.0180631936468783
2026-04-13,1705669688062.2102,3374,3183,12,3354.0,59742004200000.05,2.855059368868996,4.905,-2.0499406311310047
2026-04-14,1705691459007.2102,3374,3184,16,3354.0,60552042499999.97,2.816901608244199,4.905,-2.088098391755801
2026-04-15,1704827102054.2102,3376,3187,57,3356.0,61077742200000.07,2.791241196296559,4.905,-2.1137588037034414
2026-04-16,1705978364272.2102,3378,3187,19,3358.0,61341997800000.03,2.7810935826289787,4.905,-2.1239064173710216
2026-04-17,1708274561272.2102,3381,3187,8,3361.0,62184860899999.945,2.747090749337371,4.905,-2.1579092506626294
2026-04-18,1708274561272.2102,3381,3187,0,3361.0,62184860899999.945,2.747090749337371,4.905,-2.1579092506626294
2026-04-19,1708274561272.2102,3381,3187,0,3361.0,62184860899999.945,2.747090749337371,4.905,-2.1579092506626294
2026-04-20,1708087201731.2102,3382,3187,8,3362.0,62082576300000.02,2.7513149478160583,4.905,-2.153685052183942
2026-04-21,1709853512228.2102,3382,3187,20,3362.0,61689615100000.03,2.7717039723079897,4.905,-2.1332960276920105
2026-04-22,1714385302833.2102,3384,3188,33,3364.0,62375588200000.01,2.7484875931530053,4.905,-2.156512406846995
2026-04-23,1715306038445.2102,3386,3188,50,3366.0,62009039400000.0,2.766219336797548,4.905,-2.1387806632024526
2026-04-24,1719931371445.2102,3386,3187,33,3366.0,62566202999999.95,2.7489783444988847,4.905,-2.156021655501116
2026-04-25,1719880868445.2102,3384,3185,0,3366.0,62566202999999.95,2.74889762520064,4.905,-2.15610237479936
2026-04-26,1719880868445.2102,3384,3185,0,3366.0,62566202999999.95,2.74889762520064,4.905,-2.15610237479936
2026-04-27,1718279900445.2102,3384,3185,24,3364.0,62591298699999.95,2.7452376546473727,4.905,-2.159762345352628
2026-04-28,1720570714680.2102,3384,3182,67,3364.0,62168433900000.02,2.7675953964801576,4.905,-2.137404603519842
2026-04-29,1717903836086.2102,3384,3181,121,3364.0,62112226300000.02,2.7658062484973422,4.905,-2.139193751502658
2026-04-30,1709875266426.2102,3389,3180,189,3369.0,62895527799999.945,2.718595941929931,4.905,-2.186404058070069
2026-05-01,1723126960644.2102,3392,3180,108,3372.0,63188759499999.97,2.726951714638758,4.905,-2.178048285361242
2026-05-02,1723129601926.2102,3391,3179,0,3372.0,63188759499999.97,2.7269558946258647,4.905,-2.1780441053741355
2026-05-03,1723129601926.2102,3391,3179,0,3372.0,63188759499999.97,2.7269558946258647,4.9585,-2.231544105374135
2026-05-04,1719161401873.2102,3391,3179,74,3371.0,62979920800000.055,2.7296976243152224,4.9585,-2.228802375684777
2026-05-05,1726034950801.2102,3387,3175,203,3367.0,63581170099999.98,2.714695165387041,4.9585,-2.243804834612959
2026-05-06,1728064192821.2102,3387,3174,288,3367.0,64622451999999.93,2.674092578259352,4.9585,-2.284407421740648
2026-05-07,1720713759322.2102,3388,3173,446,3368.0,64349603099999.91,2.674008348813285,4.9585,-2.2844916511867144
2026-05-08,1716768305982.2102,3390,3172,232,3370.0,65002151200000.05,2.6410946011617678,4.9585,-2.3174053988382326
2026-05-09,1716718218982.2102,3389,3171,0,3370.0,65002151200000.05,2.6410175467888344,4.9585,-2.317482453211165
2026-05-10,1716718218982.2102,3389,3171,0,3370.0,65002151200000.05,2.6410175467888344,4.9585,-2.317482453211165
2026-05-11,1708979835156.2102,3389,3170,189,3369.0,65059259299999.97,2.626804936828125,4.9585,-2.3316950631718747
2026-05-12,1707477948633.2102,3387,3170,167,3367.0,64846560899999.94,2.633104863134248,4.9585,-2.325395136865752
2026-05-13,1708300999819.797,3387,3169,164,3367.0,65385690200000.03,2.6126526990760377,4.9585,-2.345847300923962
2026-05-14,1708501131418.797,3388,3168,282,3368.0,65946027199999.984,2.590756720245306,4.9585,-2.367743279754694
2026-05-15,1707544034653.797,3391,3165,254,3371.0,65015313499999.945,2.6263720694875965,4.9585,-2.3321279305124034
2026-05-16,1707506568653.797,3390,3164,0,3371.0,65015313499999.945,2.6263144430639382,4.9585,-2.3321855569360617
2026-05-17,1707506568653.797,3390,3164,0,3371.0,65015313499999.945,2.6263144430639382,4.9585,-2.3321855569360617
2026-05-18,1707486377588.797,3390,3165,17,3370.0,64861492799999.984,2.632511685868564,4.9585,-2.325988314131436
2026-05-19,1706747329755.797,3389,3164,23,3369.0,64434125200000.04,2.648825175259454,4.9585,-2.309674824740546
2026-05-20,1730032271528.797,3390,3163,52,3370.0,65181563200000.016,2.654174258172435,4.9585,-2.304325741827565
2026-05-21,1729438285528.797,3392,3162,17,3372.0,65271593800000.04,2.64960327279276,4.9585,-2.30889672720724
2026-05-22,1729895304253.797,3395,3162,18,3375.0,65567708299999.97,2.63833424883297,4.9585,-2.3201657511670297
2026-05-23,1729895304253.797,3395,3162,0,3375.0,65567708299999.97,2.63833424883297,4.9585,-2.3201657511670297
2026-05-24,1729895304253.797,3395,3162,0,3375.0,65567708299999.97,2.63833424883297,4.9585,-2.3201657511670297
2026-05-25,1729895304253.797,3395,3162,0,3375.0,65567708299999.97,2.63833424883297,4.9585,-2.3201657511670297
2026-05-26,1729877461949.797,3395,3162,12,3375.0,66088662999999.93,2.6175101498872797,4.9585,-2.3409898501127206
2026-05-27,1731732024193.797,3395,3161,17,3375.0,66188873300000.0,2.61634915032433,4.9585,-2.34215084967567
2026-05-28,1733739326118.797,3396,3161,25,3376.0,66736605900000.05,2.597883579390716,4.9585,-2.360616420609284
2026-05-29,1732663953687.797,3395,3159,25,3375.0,66860178499999.97,2.5914737180783893,4.9585,-2.3670262819216106
2026-05-30,1732657362687.797,3393,3157,0,3375.0,66860178499999.97,2.5914638601926527,4.9585,-2.367036139807347
2026-05-31,1732657362687.797,3393,3157,0,3375.0,66860178499999.97,2.5914638601926527,4.9585,-2.367036139807347
2026-06-01,1732795571472.797,3395,3157,14,3375.0,67130827399999.99,2.581221829946933,4.9585,-2.3772781700530667
2026-06-02,1734935209109.797,3395,3157,20,3375.0,67199633199999.984,2.581762915202635,4.9585,-2.376737084797365
2026-06-03,1734892103109.797,3399,3157,14,3379.0,66693927199999.97,2.6012744727226047,4.9917,-2.390425527277395
2026-06-04,1735842143823.797,3403,3156,25,3383.0,66892291600000.01,2.5949808300838613,4.9917,-2.3967191699161385
2026-06-05,1737004656791.797,3404,3156,29,3384.0,64772591800000.016,2.681697008752083,4.9917,-2.310002991247917
2026-06-06,1737004656791.797,3404,3156,0,3384.0,64772591800000.016,2.681697008752083,4.9917,-2.310002991247917
2026-06-07,1737004656791.797,3404,3156,0,3384.0,64772591800000.016,2.681697008752083,4.9917,-2.310002991247917
2026-06-08,1736529674061.797,3404,3156,20,3384.0,65101499899999.93,2.667418840931804,4.9917,-2.3242811590681964
2026-06-09,1741222909061.797,3406,3156,25,3386.0,64841485700000.016,2.6853531967448374,4.9917,-2.3063468032551624
2026-06-10,1741444864086.797,3410,3156,13,3389.0,63725729500000.0,2.7327186016549203,4.9917,-2.2589813983450795
2026-06-11,1741804812475.797,3409,3156,24,3388.0,64981513199999.945,2.680462067903643,4.9917,-2.3112379320963568
2026-06-12,1742030257958.797,3410,3156,14,3389.0,67313051499999.95,2.5879531816482846,4.9917,-2.403746818351715
2026-06-13,1742030257958.797,3409,3156,0,3389.0,67313051499999.95,2.5879531816482846,4.9917,-2.403746818351715
2026-06-14,1742030257958.797,3409,3156,0,3389.0,67313051499999.95,2.5879531816482846,4.9917,-2.403746818351715
2026-06-15,1742060022348.797,3409,3157,16,3388.0,68857494700000.0,2.529949760645005,4.9917,-2.461750239354995
2026-06-16,1741582266744.797,3409,3156,6,3388.0,68378434800000.07,2.546975916952102,4.9917,-2.444724083047898
2026-06-17,1741627811003.797,3408,3154,3,3387.0,67375813900000.04,2.5849451163421064,4.9917,-2.4067548836578934
2026-06-18,1741632728088.797,3413,3154,5,3392.0,68198173200000.03,2.5537820829617126,4.9917,-2.437917917038287
2026-06-19,1741632728088.797,3413,3154,0,3392.0,68198173200000.03,2.5537820829617126,4.9917,-2.437917917038287
2026-06-20,1741632728088.797,3413,3154,0,3392.0,68198173200000.03,2.5537820829617126,4.9917,-2.437917917038287
2026-06-21,1741632728088.797,3413,3154,0,3392.0,68198173200000.03,2.5537820829617126,4.9917,-2.437917917038287
2026-06-22,1742713233687.797,3413,3154,15,3392.0,67429481900000.04,2.584497440262545,4.9917,-2.407202559737455
2026-06-23,1742736890687.797,3412,3153,3,3391.0,66442514700000.05,2.622924340772725,4.9917,-2.368775659227275
2026-06-24,1742373435687.797,3412,3153,9,3391.0,66364170199999.98,2.6254730985663675,4.9917,-2.3662269014336323
2026-06-25,1758661690485.797,3413,3151,14,3392.0,66346925300000.04,2.6507056393852158,4.9917,-2.3409943606147845
2026-06-26,1757954175485.797,3413,3151,12,3392.0,66425298599999.97,2.646513019191453,4.9917,-2.345186980808547
2026-06-27,1757954175485.797,3413,3151,0,3392.0,66425298599999.97,2.646513019191453,4.9917,-2.345186980808547
2026-06-28,1757954175485.797,3413,3151,0,3392.0,66425298599999.97,2.646513019191453,4.9917,-2.345186980808547
2026-06-29,1758836360361.797,3414,3151,19,3393.0,67462341400000.02,2.607138032659205,4.9917,-2.3845619673407943
2026-06-30,1758940702455.797,3414,3151,11,3393.0,68137391499999.984,2.581461755042086,4.9917,-2.410238244957913
2026-07-01,1757782837455.797,3414,3148,8,3393.0,67650964399999.98,2.598311573302269,4.9917,-2.3933884266977308
2026-07-02,1756971979536.797,3418,3148,9,3397.0,67504551300000.0,2.602745956681586,4.9917,-2.3889540433184138
2026-07-03,1756971979536.797,3418,3148,0,3397.0,67504551300000.0,2.602745956681586,4.9854,-2.3826540433184142
2026-07-04,1756971979536.797,3418,3148,0,3397.0,67504551300000.0,2.602745956681586,4.9854,-2.3826540433184142
2026-07-05,1756971979536.797,3418,3148,0,3397.0,67504551300000.0,2.602745956681586,4.9854,-2.3826540433184142
2026-07-06,1756971979536.797,3418,3148,3,3397.0,67942441799999.95,2.5859712029613844,4.9854,-2.399428797038616
2026-07-07,1756802076536.797,3420,3148,6,3399.0,67451414600000.055,2.6045444516693586,4.9854,-2.3808555483306417
2026-07-08,1756522275136.797,3420,3148,9,3399.0,67330723799999.984,2.6087975533344814,4.9854,-2.376602446665519
2026-07-09,1756885403033.797,3421,3147,14,3400.0,67961392999999.97,2.585122707878866,4.9854,-2.4002772921211344
2026-07-10,1756379836692.797,3422,3147,5,3401.0,68045962300000.016,2.581166872105205,4.9854,-2.404233127894796
2026-07-11,1756379836692.797,3422,3147,0,3401.0,68045962300000.016,2.581166872105205,4.9854,-2.404233127894796
2026-07-12,1756379836692.797,3422,3147,0,3401.0,68045962300000.016,2.581166872105205,4.9854,-2.404233127894796
2026-07-13,1756379836692.797,3423,3147,4,3402.0,67307600199999.98,2.6094821854795494,4.9854,-2.375917814520451
2026-07-14,1756527180119.797,3420,3144,10,3399.0,67544518100000.07,2.600547356810286,4.9854,-2.3848526431897143
2026-07-15,1757648220293.797,3419,3143,17,3398.0,67755508400000.01,2.5941038032175654,4.9854,-2.391296196782435
2026-07-16,1758035823293.797,3419,3140,7,3398.0,67241500100000.055,2.614510117530521,4.9854,-2.370889882469479
2026-07-17,1757704492293.797,3419,3140,10,3398.0,66497955599999.95,2.643245910997297,4.9854,-2.342154089002703
2026-07-18,1757704492293.797,3419,3140,0,3398.0,66497955599999.95,2.643245910997297,4.9854,-2.342154089002703
2026-07-19,1757704492293.797,3419,3140,0,3398.0,66497955599999.95,2.643245910997297,4.9854,-2.342154089002703
2026-07-20,1758451275293.797,3419,3140,10,3398.0,66273367800000.0,2.6533301892857737,4.9854,-2.3320698107142266
2026-07-21,1762112097157.797,3421,3140,15,3400.0,66990071199999.98,2.630407858348115,4.9854,-2.354992141651885
2026-07-22,1762441784917.797,3418,3137,21,3397.0,66716901399999.96,2.6416721219576877,4.9854,-2.343727878042313
2026-07-23,1760299760011.797,3417,3136,54,3396.0,65878479500000.03,2.672040662401439,4.9854,-2.3133593375985613
2026-07-24,1772111766245.797,3418,3134,29,3397.0,65765837799999.85,2.6945779534276704,4.9854,-2.29082204657233
2026-07-25,1772100266245.797,3417,3133,0,3397.0,65765837799999.85,2.694560467145453,4.9854,-2.2908395328545472
2026-07-26,1772100266245.797,3417,3133,0,3397.0,65765837799999.85,2.694560467145453,4.9854,-2.2908395328545472
2026-07-27,1772906476687.797,3417,3133,16,3396.0,65781266200000.016,2.695154075170108,4.9854,-2.2902459248298923
2026-07-28,1772143521076.797,3416,3131,63,3395.0,65902534099999.91,2.68903699270162,4.9854,-2.29636300729838
2026-07-29,1772326407812.797,3416,3131,146,3395.0,64891539900000.1,2.7312133608541385,4.9854,-2.254186639145862
2026-07-30,1775712734804.797,3419,3132,168,3398.0,65992660899999.99,2.690773050499616,4.9854,-2.294626949500384
2026-07-31,1777627189626.797,3420,3131,99,3399.0,66428973100000.04,2.6759817390987126,4.9854,-2.309418260901288
2026-08-01,1777627934665.797,3419,3130,0,3399.0,66428973100000.04,2.675982860656017,4.9854,-2.3094171393439837
2026-08-02,1777627934665.797,3419,3130,0,3399.0,66428973100000.04,2.675982860656017,4.9854,-2.3094171393439837
2026-08-03,1786584191398.797,3420,3130,73,3399.0,67628411299999.984,2.64176572694204,5.2274,-2.5856342730579605
2026-08-04,1797967173054.797,3423,3130,207,3402.0,69104147499999.94,2.601822376948936,5.2274,-2.6255776230510643
2026-08-05,1829407915644.797,3423,3131,319,3402.0,68629663900000.01,2.6656227230114657,5.2274,-2.5617772769885345
2026-08-06,1864373082276.797,3422,3136,481,3401.0,68577701900000.04,2.718628695075587,5.2274,-2.508771304924413
2026-08-07,1868503632252.797,3427,3137,184,3406.0,69429340700000.05,2.6912305567274326,5.2274,-2.536169443272568
2026-08-08,1868539288252.797,3426,3136,0,3406.0,69429340700000.05,2.6912819125370087,5.2274,-2.536118087462992
2026-08-09,1868539288252.797,3426,3136,0,3406.0,69429340700000.05,2.6912819125370087,5.2274,-2.536118087462992
2026-08-10,1873981252091.797,3427,3139,175,3406.0,69478341699999.93,2.697216436430576,5.2274,-2.530183563569424
2026-08-11,1873807804657.797,3427,3140,155,3406.0,69044486099999.96,2.713913754016337,5.2274,-2.513486245983663
2026-08-12,1872185373345.797,3428,3149,181,3408.0,69446422400000.06,2.6958701523345794,5.2274,-2.531529847665421
2026-08-13,1873194048509.797,3427,3155,274,3407.0,69829634599999.92,2.682520192522673,5.2274,-2.544879807477327
2026-08-14,1872366024573.4355,3426,3163,292,3406.0,69696158599999.96,2.686469472900672,5.2274,-2.540930527099328
2026-08-15,1872601211573.4355,3424,3161,0,3406.0,69696158599999.96,2.6868069190450856,5.2274,-2.5405930809549147
2026-08-16,1872601211573.4355,3424,3161,0,3406.0,69696158599999.96,2.6868069190450856,5.2274,-2.5405930809549147
2026-08-17,1879775504567.4355,3424,3161,16,3404.0,69448187099999.94,2.7067308493750977,5.2274,-2.5206691506249026
2026-08-18,1879811250939.4355,3425,3161,19,3405.0,68823426300000.1,2.7313537729803965,5.2274,-2.496046227019604
2026-08-19,1880092082405.4355,3426,3163,41,3406.0,69058143400000.01,2.722477016961674,5.2274,-2.5049229830383264
2026-08-20,1881581931259.4355,3425,3162,12,3405.0,68331354699999.984,2.7536142661305028,5.2274,-2.473785733869497
2026-08-21,1882252787701.4355,3425,3162,10,3405.0,68727866400000.05,2.7387039439673835,5.2274,-2.488696056032617
2026-08-22,1882252787701.4355,3425,3162,0,3405.0,68727866400000.05,2.7387039439673835,5.2274,-2.488696056032617
2026-08-23,1882252787701.4355,3425,3162,0,3405.0,68727866400000.05,2.7387039439673835,5.2274,-2.488696056032617
2026-08-24,1882247270701.4355,3425,3162,6,3405.0,68332182000000.0,2.7545546119124884,5.2274,-2.472845388087512
2026-08-25,1883016315701.4355,3424,3160,7,3404.0,68596992199999.96,2.745042100696416,5.2274,-2.4823578993035844
2026-08-26,1891592511519.0,3424,3158,12,3404.0,68561031099999.98,2.758990757825696,5.2274,-2.468409242174305
2026-08-27,1891393265519.0,3424,3157,26,3403.0,69169081499999.94,2.7344490117582403,5.2274,-2.49295098824176
2026-08-28,1894309003394.0,3423,3155,19,3402.0,68891539400000.01,2.7496975969650053,5.2274,-2.477702403034995
2026-08-29,1894332485394.0,3422,3154,0,3402.0,68891539400000.01,2.749731682427755,5.2274,-2.4776683175722454
2026-08-30,1894332485394.0,3422,3154,0,3402.0,68891539400000.01,2.749731682427755,5.2274,-2.4776683175722454
2026-08-31,1894223704588.0,3422,3154,4,3401.0,68757844000000.05,2.7549201580375304,5.2274,-2.47247984196247
2026-09-01,1894639784881.0,3422,3153,8,3401.0,68165827199999.98,2.779456896080916,5.2274,-2.4479431039190844
2026-09-02,1896109977881.0,3421,3153,17,3400.0,68462697600000.055,2.769551952158249,5.2274,-2.457848047841752
2026-09-03,1896123930881.0,3420,3152,27,3399.0,69273246900000.01,2.737166244882625,5.2465,-2.5093337551173747
2026-09-04,1896442298074.0,3419,3150,20,3398.0,69032462200000.016,2.747174644560193,5.2465,-2.499325355439807
2026-09-05,1896442298074.0,3419,3150,0,3398.0,69032462200000.016,2.747174644560193,5.2465,-2.499325355439807
2026-09-06,1896442298074.0,3419,3150,0,3398.0,69032462200000.016,2.747174644560193,5.2465,-2.499325355439807
2026-09-07,1896442298074.0,3419,3150,0,3398.0,69032462200000.016,2.747174644560193,5.2465,-2.499325355439807
2026-09-08,1895444080074.0,3419,3150,13,3398.0,68776721300000.07,2.75593841091404,5.2465,-2.49056158908596
2026-09-09,1896855632539.0,3418,3149,25,3397.0,68340459399999.945,2.775596841450266,5.2465,-2.470903158549734
2026-09-10,1904049930808.0,3418,3150,25,3397.0,67885154200000.016,2.80481049685529,5.2465,-2.44168950314471
2026-09-11,1899082454518.0,3418,3150,17,3397.0,68554050699999.96,2.770197289768613,5.2465,-2.476302710231387
2026-09-12,1899210063518.0,3417,3149,0,3397.0,68554050699999.96,2.770383433400823,5.2465,-2.476116566599177
2026-09-13,1899210063518.0,3417,3149,0,3397.0,68554050699999.96,2.770383433400823,5.2465,-2.476116566599177
2026-09-14,1899322283329.0,3417,3150,22,3396.0,68261921799999.97,2.782403766617952,5.2465,-2.464096233382048
2026-09-15,1899342770873.0,3417,3151,4,3396.0,67878093000000.03,2.798167548509354,5.2465,-2.4483324514906464
2026-09-16,1899351052335.0,3417,3151,4,3396.0,67777454400000.01,2.80233459510837,5.2465,-2.4441654048916304
2026-09-17,1899372775859.0,3415,3149,4,3394.0,68676675300000.02,2.7656737423033046,5.2465,-2.4808262576966955
2026-09-18,1898974373778.0,3417,3148,6,3396.0,68698716399999.96,2.7642064849089394,5.2465,-2.4822935150910608
2026-09-19,1898974373778.0,3417,3148,0,3396.0,68698716399999.96,2.7642064849089394,5.2465,-2.4822935150910608
2026-09-20,1898974373778.0,3417,3148,0,3396.0,68698716399999.96,2.7642064849089394,5.2465,-2.4822935150910608
2026-09-21,1898964752598.0,3417,3148,5,3395.0,69778851400000.01,2.7214044291333805,5.2465,-2.52509557086662
2026-09-22,1899237093665.0,3417,3148,7,3395.0,69999257100000.055,2.713224643158389,5.2465,-2.533275356841611
2026-09-23,1899140148207.0,3418,3148,5,3395.0,69337962499999.984,2.7389615727560503,5.2465,-2.50753842724395
2026-09-24,1898796213423.0,3418,3148,11,3395.0,69326723600000.01,2.738909492360605,5.2465,-2.507590507639395
2026-09-25,1898911919051.0,3420,3149,8,3397.0,69595115499999.95,2.7285132087337383,5.2465,-2.517986791266262
2026-09-26,1898912703313.0,3419,3148,0,3397.0,69595115499999.95,2.7285143356260413,5.2465,-2.517985664373959
2026-09-27,1898912703313.0,3419,3148,0,3397.0,69595115499999.95,2.7285143356260413,5.2465,-2.517985664373959
2026-09-28,1899015151475.0,3419,3148,20,3396.0,69026487099999.94,2.751139788881132,5.2465,-2.4953602111188684
2026-09-29,1899017651279.0,3419,3148,7,3396.0,68957580099999.96,2.7538925358533586,5.2465,-2.4926074641466416
2026-09-30,1898631516279.0,3419,3147,5,3395.0,68869462300000.04,2.7568554376226038,5.2465,-2.489644562377397
2026-10-01,1897369220158.0,3418,3146,3,3394.0,68891094599999.99,2.754157458485208,5.2465,-2.4923425415147924
2026-10-02,1897308081811.0,3418,3146,7,3388.0,69646443400000.01,2.724199527195096,5.2465,-2.5223004728049045
2026-10-03,1897308081811.0,3418,3146,0,3388.0,69646443400000.01,2.724199527195096,5.6195,-2.8953004728049048
